text	target	entity
Банкомат не запрашивает CVV-код. Для снятия наличных используется PIN-код. Убедитесь, что вы вводите правильный PIN.	[]	[]
Уточните, пожалуйста, ФИО получателя и точную сумму перевода. Мы проверим информацию по операции на номер +7 (902) 345-67-89.	[(106, 124, 'Номер телефона')]	['+7 (902) 345-67-89']
Проверьте папку «Спам» в вашей электронной почте. Если там нет, я могу отправить подтверждение повторно.	[]	[]
Я пытаюсь обновить данные в личном кабинете, но система не принимает мой паспорт. Серия 45 09 и номер 321654, пишет ошибку.	[(88, 93, 'Паспортные данные'), (102, 108, 'Паспортные данные')]	['45 09', '321654']
Хочу подключить СМС-информирование. Нужно ли указывать водительское удостоверение 99 77 000021 при подключении?	[(82, 94, 'Водительское удостоверение')]	['99 77 000021']
Могу ли я закрыть счет по временному удостоверению 889900112233?	[(51, 63, 'Временное удостоверение личности')]	['889900112233']
Проверьте, пожалуйста, нет ли опечаток в серии или номере документа. Каждая цифра и буква важны для корректной проверки.	[]	[]
Мой СНИЛС 300-400-500 05 не проходит проверку при попытке оформить дебетовую карту онлайн.	[(10, 24, 'СНИЛС клиента')]	['300-400-500 05']
Я пытался расплатиться картой в кафе, но после ввода ПИН 4004 транзакция не прошла.	[(57, 61, 'ПИН код')]	['4004']
Моя карта не сработала на заправке, выдало ошибку чтения Track 1. Там была такая последовательность: %B55555555555555^KOVALEV/DMITRIY^27071200000000000000?.	[(101, 155, 'Содержимое магнитной полосы')]	['%B55555555555555^KOVALEV/DMITRIY^27071200000000000000?']
Вы можете обновить данные в любом отделении банка, предъявив новый паспорт.	[]	[]
"Загрузите скан документа через раздел ""Мой профиль"" или посетите ближайшее отделение банка."	[]	[]
Да, скорее всего, причина именно в этом. Ваша карта с датой июнь 2023 уже недействительна. Нужно привязать новую карту.	[(60, 69, 'Дата окончания срока действия карты')]	['июнь 2023']
В онлайн-заявке просят указать дату регистрации. У меня она 28 ноября 2017 года. Это правильно?	[(60, 79, 'Дата регистрации по месту жительства или пребывания')]	['28 ноября 2017 года']
Похоже, магнитная полоса повреждена. Попробуйте оплатить чипом, если турникет его поддерживает, или воспользуйтесь другой картой.	[]	[]
Вы можете настроить оповещения о входе в интернет-банк для карты 4666787890901212 в разделе «Настройки безопасности» вашего личного кабинета. Выберите удобный способ уведомления.	[(65, 81, 'Номер карты')]	['4666787890901212']
Мне нужно подтвердить перевод в другой банк. Код должен прийти на transfer@bank.org.	[(66, 83, 'Email')]	['transfer@bank.org']
Да, идентификация для СБП возможна по временному удостоверению. Обратитесь в чат или отделение банка.	[]	[]
Вчера в банкомате увидел, что место рождения Иркутск, а не Красноярск. Исправьте, пожалуйста.	[(45, 52, 'Место рождения'), (59, 69, 'Место рождения')]	['Иркутск', 'Красноярск']
Пожалуйста, проверьте точность ввода. Возможно, вы ошиблись в годе или месяце.	[]	[]
Проверьте адрес в разделе «Мои данные» в мобильном приложении. Там указан текущий адрес доставки.	[]	[]
Да, вы можете открыть дополнительный счет в мобильном приложении. Выберите «Открыть новый продукт» и следуйте инструкциям.	[]	[]
Моя регистрация была 30 августа 2022 года. Могут ли возникнуть проблемы с доступом к интернет-банку?	[(21, 41, 'Дата регистрации по месту жительства или пребывания')]	['30 августа 2022 года']
Убедитесь, что все данные, включая срок действия и CVC-код, введены корректно. Возможно, проблема в лимитах.	[]	[]
Да, я проверю статус вашего платежа по расчётному счёту 40802810500000000002 и БИК 044525593. Ожидайте, пожалуйста, ответ в течение часа.	[(56, 76, 'Данные об организации/юридическом лице (ИНН, КПП, ОГРН, БИК, адреса, расчётный счёт)'), (83, 92, 'Данные об организации/юридическом лице (ИНН, КПП, ОГРН, БИК, адреса, расчётный счёт)')]	['40802810500000000002', '044525593']
Получил код 905472, но ввёл его через несколько минут — теперь пишет, что истёк срок действия.	[(12, 18, 'Одноразовые коды')]	['905472']
Мне нужна выписка по кредиту на BMW 2018 года, VIN WBA1A1C00A1234567. Где я могу её получить?	[(32, 35, 'Данные об автомобиле клиента'), (36, 40, 'Данные об автомобиле клиента'), (51, 68, 'Данные об автомобиле клиента')]	['BMW', '2018', 'WBA1A1C00A1234567']
Мне нужна помощь с налоговой декларацией. Для заполнения сказали, что необходим СНИЛС 333-444-555 34.	[(86, 100, 'СНИЛС клиента')]	['333-444-555 34']
Возможно, вы вводите его неверно или оно было изменено. Давайте проверим информацию по вашему профилю.	[]	[]
Понял вас. Проверьте, пожалуйста, срок действия токена и правильность используемого секрета для подписи.	[]	[]
Да, это полное наименование органа, выдавшего ваш документ. Оно подходит для заполнения анкеты.	[]	[]
Мы можем отправить вам копии налоговых документов. Пожалуйста, подтвердите вашу личность, и я оформлю запрос.	[]	[]
Да, с визой 45 3450678, действующей более трёх месяцев, вы можете оформить дебетовую карту. Заявку можно подать онлайн на сайте.	[(12, 22, 'Разрешение на работу / визу')]	['45 3450678']
Возможно, вы превысили количество попыток ввода. Запросите новый код и введите его внимательно.	[]	[]
Да, для проведения любых операций, включая закрытие счета, требуется актуальная информация о вашем документе.	[]	[]
Чтобы проверить активность счета и восстановить доступ, вам нужно пройти процедуру идентификации. Обратитесь в отделение банка.	[]	[]
Отлично. Мы проверим предоставленный вами номер 4567 890123 в системе. Пожалуйста, ожидайте.	[(48, 59, 'Водительское удостоверение')]	['4567 890123']
В 1997 году я открыл счет, и моя дата рождения должна быть в системе.	[]	[]
Нет, это не нормально. Попробуйте обновить страницу или зайти с другого устройства. Если не поможет, обратитесь в поддержку.	[]	[]
При активации новой карты я выбрал ПИН 6540, но теперь сомневаюсь в его безопасности. Как поменять?	[(39, 43, 'ПИН код')]	['6540']
Перевыпуск можно оформить в мобильном приложении или в любом отделении банка. Карта будет готова через несколько дней.	[]	[]
При попытке авторизации через OAuth 2.0 наш client secret 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 выдает ошибку. Что случилось?	[(58, 93, 'API ключи')]	['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']
Да, вы можете изменить номер в отделении банка или через онлайн-сервисы после идентификации.	[]	[]
Верно, 660000 соответствует указанному вами адресу. Чем ещё могу помочь?	[(7, 10, 'Полный адрес'), (10, 13, 'Данные об организации/юридическом лице (ИНН, КПП, ОГРН, БИК, адреса, расчётный счёт)')]	['660', '000']
Хочу узнать, какое у меня кодовое слово Дерево. Мне нужно для подтверждения операции.	[(40, 46, 'Кодовые слова')]	['Дерево']
Да, для международных переводов имя получателя является обязательным реквизитом. Убедитесь в его точности.	[]	[]
Почему перестали приходить уведомления о поступлениях на мой номер +79031234567 после недавнего обновления?	[(67, 79, 'Номер телефона')]	['+79031234567']
Вы можете восстановить логин, пройдя процедуру идентификации на сайте банка.	[]	[]
Проверьте, актуальны ли данные вашего разрешения на работу 98 7894012. Часто это является причиной проблем с доступом к онлайн-сервисам.	[(59, 69, 'Разрешение на работу / визу')]	['98 7894012']
СНИЛС указан в вашем страховом свидетельстве. Вы можете уточнить его на портале Госуслуг.	[]	[]
Пытаюсь заполнить форму на сайте, но не могу выбрать место рождения. Я родился в Екатеринбурге.	[(81, 94, 'Место рождения')]	['Екатеринбурге']
"Мне пришел временный пароль ""Temp_P@ss_123"" для входа после блокировки. Как его использовать?"	[(29, 42, 'Пароли')]	['Temp_P@ss_123']
Добрый день! Мы зафиксировали данные по вашему автомобилю. Продолжайте заполнение заявки в личном кабинете.	[]	[]
Новая кредитная карта будет выпущена и доставлена вам в ноябре 2024 года, до истечения срока действия в декабре 2024.	[(56, 67, 'Дата окончания срока действия карты'), (104, 116, 'Дата окончания срока действия карты')]	['ноябре 2024', 'декабре 2024']
У меня ИП, ИНН 503300000028. Хочу подключить онлайн-кассу через ваш банк. Это возможно?	[(15, 27, 'Сведения об ИНН')]	['503300000028']
"Вы можете подключить услугу в мобильном приложении в разделе ""Настройки карты"". Стоимость услуги составит 59 рублей в месяц."	[]	[]
Задержка перевода в Индию может быть вызвана проверкой данных отправителя или получателя, независимо от их гражданства. Ожидайте уведомления.	[(20, 25, 'Гражданство и названия стран')]	['Индию']
"Попробуйте ввести ""Кемеровская область, город Кемерово"", как указано в паспорте."	[(19, 54, 'Место рождения')]	['Кемеровская область, город Кемерово']
Это техническая информация. Вероятно, магнитная полоса износилась, используйте чип или мобильное приложение.	[]	[]
Да, ИНН вашей организации подтверждён как 7724186599. Все данные актуальны. Мы обязательно вам поможем и предоставим всю необходимую информацию.	[(42, 52, 'Данные об организации/юридическом лице (ИНН, КПП, ОГРН, БИК, адреса, расчётный счёт)')]	['7724186599']
Заполните заявление на возврат ошибочного перевода. Мы свяжемся с банком получателя для решения вопроса.	[]	[]
В отделении банка вы сможете не узнать, а установить новое кодовое слово, подтвердив личность документом.	[]	[]
У нас есть сезонные предложения и стандартные вклады. Могу вас проконсультировать.	[]	[]
Для переводов между картами обычно требуется только номер карты получателя и сумма. Запрос CVV 148 для перевода подозрителен.	[(95, 98, 'CVV/CVC')]	['148']
Да, конечно. Запросите новый код через приложение или сайт. Он будет действителен несколько минут.	[]	[]
Хочу перевыпустить карту, но код 665432 для подтверждения не приходит на почту.	[(33, 39, 'Одноразовые коды')]	['665432']
Мне кажется, мой пароль BankSecure_123 мог быть скомпрометирован. Что мне делать в этой ситуации?	[(24, 38, 'Пароли')]	['BankSecure_123']
Пожалуйста, не используйте эти средства. Мы поможем вам оформить заявление об ошибочном зачислении и вернуть деньги отправителю.	[]	[]
Хочу узнать условия по овердрафту для моего ИП. Мой ИНН 773798765432.	[(56, 68, 'Сведения об ИНН')]	['773798765432']
Срок перевыпуска карты обычно составляет от 3 до 7 рабочих дней, в зависимости от региона доставки.	[]	[]
Моя дебетовая карта действительна до 03/25. Подскажите, пожалуйста, она автоматически перевыпустится или мне нужно заказывать новую?	[(37, 42, 'Дата окончания срока действия карты')]	['03/25']
Да, по номеру 0270339433 мы видим вашу заявку. Сейчас проверим ее статус.	[(14, 24, 'Водительское удостоверение')]	['0270339433']
Это 'Interface Device Serial Number', серийный номер интерфейсного устройства. Он используется для идентификации терминала.	[]	[]
Мой день рождения 19 июня, время 21:00. При регистрации в новой услуге не проходит.	[(18, 20, 'Дата рождения'), (21, 25, 'Дата рождения'), (33, 35, 'Дата рождения'), (36, 38, 'Дата рождения')]	['19', 'июня', '21', '00']
Для закрытия счета обычно требуется личное присутствие в отделении. Наличие разрешения на работу 80 1098765 на процедуру не влияет.	[(97, 107, 'Разрешение на работу / визу')]	['80 1098765']
Перевыпустил карту, но не получил уведомление о готовности на почту sergey.novikov@gmail.com. Когда ждать?	[(68, 92, 'Email')]	['sergey.novikov@gmail.com']
Заказывал перевыпуск карты 5000 1234 5678 9012 две недели назад. Когда я смогу её забрать в отделении?	[(27, 46, 'Номер карты')]	['5000 1234 5678 9012']
Проверил ваши данные. Указан именно этот адрес. Могу ли я еще чем-то помочь?	[]	[]
У меня не работает интернет-банк. Мой временный документ серии УФ90123456.	[(63, 73, 'Временное удостоверение личности')]	['УФ90123456']
Хорошо, мы поможем. Укажите новый номер телефона, и мы обновим его для уведомлений, связанных с 4567890123.	[(96, 106, 'Водительское удостоверение')]	['4567890123']
Конечно, вы можете заказать справку о доходах через мобильное приложение или в отделении банка для визового центра США.	[(115, 118, 'Гражданство и названия стран')]	['США']
"Моя организация ""ЭнергоПроект"", ИНН 7717000031, хочет подключить зарплатный проект. Что для этого нужно?"	[(36, 46, 'Сведения об ИНН')]	['7717000031']
Мне нужно подтвердить личность для крупного перевода. Мой код подразделения 500-002.	[(76, 83, 'Паспортные данные')]	['500-002']
Убедитесь, что вы вводите номер без пробелов и лишних символов. Попробуйте еще раз.	[]	[]
Хочу уточнить, почему не проходит платеж за садик. Вводил свидетельство о рождении XLI-ЮР 789000 для подтверждения.	[(83, 96, 'Свидетельство о рождении')]	['XLI-ЮР 789000']
Почему при регистрации в новом приложении банка запрашивается имя держателя VERONIKA EFIMOVA?	[(76, 92, 'Имя держателя карты')]	['VERONIKA EFIMOVA']
Я пытаюсь пополнить счет наличными через банкомат, но он просит подтверждение личности. Мое разрешение 82 1122335.	[(103, 113, 'Разрешение на работу / визу')]	['82 1122335']
Это сбой при чтении магнитной полосы, попробуйте провести оплату чипом или бесконтактно.	[]	[]
Мы не получаем корреспонденцию по юридическому адресу г. Новосибирск, ул. Садовая, д. 104к.1. В чём дело?	[(54, 92, 'Данные об организации/юридическом лице (ИНН, КПП, ОГРН, БИК, адреса, расчётный счёт)')]	['г. Новосибирск, ул. Садовая, д. 104к.1']
При попытке оформить заявку на кредитную карту, система пишет, что СНИЛС 607-809-012 33 не найден.	[(73, 87, 'СНИЛС клиента')]	['607-809-012 33']
При попытке открыть дополнительный счет, система запросила данные разрешения на работу. Могу ли я использовать те же данные 32 1098765, что и для основного счета?	[(124, 134, 'Разрешение на работу / визу')]	['32 1098765']
Срок действия, например 06/26, обычно указывается на самой карте. В приложении он может быть скрыт по соображениям безопасности.	[(24, 29, 'Дата окончания срока действия карты')]	['06/26']
Могу ли я временно заблокировать API ключ 'temporary_access_key_XYZ' на время отпуска сотрудника?	[(43, 67, 'API ключи')]	['temporary_access_key_XYZ']
Хочу привязать номер 89415678901 к моему счету для получения push-уведомлений. Как это сделать?	[(21, 32, 'Номер телефона')]	['89415678901']
Хочу изменить имя держателя карты на ANDREY ROMANOV, так как раньше была девичья фамилия. Как это сделать?	[(37, 51, 'Имя держателя карты')]	['ANDREY ROMANOV']
Для нашего совместного счета мы хотим указать daria.petrova@yandex.ru как основной для уведомлений.	[(46, 69, 'Email')]	['daria.petrova@yandex.ru']
Хочу получать уведомления об изменении курсов валют на телефон, привязанный к Дадаевой Алине.	[(78, 86, 'ФИО'), (87, 92, 'ФИО')]	['Дадаевой', 'Алине']
Да, вы можете привязать счет к PayPal. Для этого вам понадобятся реквизиты вашего счета, которые можно найти в приложении.	[]	[]
Почему мне не приходят оповещения о списаниях на почту natalia.kozlova@yandex.ru? Это очень неудобно.	[(55, 80, 'Email')]	['natalia.kozlova@yandex.ru']
Хочу открыть счет для автокредита. Мой номер водительского удостоверения 90 12 345678. Что мне делать?	[(73, 85, 'Водительское удостоверение')]	['90 12 345678']
По нашим данным, ваш адрес Россия, Ростовская обл., г. Ростов-на-Дону, ул. Садовая, д. 50, корп. 1, кв. 7. Все верно?	[(27, 33, 'Полный адрес'), (35, 50, 'Полный адрес'), (52, 69, 'Полный адрес'), (71, 82, 'Полный адрес'), (84, 89, 'Полный адрес'), (91, 98, 'Полный адрес'), (100, 105, 'Полный адрес')]	['Россия', 'Ростовская обл.', 'г. Ростов-на-Дону', 'ул. Садовая', 'д. 50', 'корп. 1', 'кв. 7']
Уведомление о доставке новой карты с датой 09/25 поступит вам за 2-3 недели до истечения текущего срока действия.	[(43, 48, 'Дата окончания срока действия карты')]	['09/25']
Это означает, что магнитная полоса повреждена. Вам нужно перевыпустить карту, это можно сделать в мобильном приложении.	[]	[]
Спасибо за детали. Это указывает на проблему с магнитной полосой карты. Попробуйте воспользоваться другим банкоматом или чипом.	[]	[]
Ключ 'secret_key_app_456' используется для создания цифровой подписи. Инструкцию по его применению вы найдете в нашей API-документации, раздел 'Безопасность'.	[(6, 24, 'API ключи')]	['secret_key_app_456']
Проверьте раскладку клавиатуры и регистр символов. Если проблема сохраняется, возможно, пароль был изменен или истек срок его действия.	[]	[]
Будьте бдительны. Ввод ПИН-кода дважды может быть признаком скимминга. Рекомендуем пользоваться проверенными банкоматами в отделениях.	[]	[]
Нет, дата регистрации не влияет на получение пенсии. Главное, чтобы карта была активна.	[]	[]
Да, вы можете использовать один пароль. Однако для большей безопасности рекомендуется иметь разные пароли для разных сервисов.	[]	[]
Для изменения адреса регистрации потребуется подтверждение. Вы можете прийти в отделение с паспортом или загрузить документы онлайн.	[]	[]
Проверьте настройки вашего SMS-центра. Если всё в порядке, попробуйте запросить код снова через несколько минут.	[]	[]
Хочу получить информацию о процентах, начисляемых на остаток по счету 40817810800000006060.	[(70, 90, 'Номер банковского счета')]	['40817810800000006060']
"Проверили ваши данные. Действительно, место рождения не заполнено. Добавим ""Челябинск""."	[(76, 85, 'Место рождения')]	['Челябинск']
Это порядковый номер транзакции. Он помогает отслеживать операции и является частью стандартного протокола EMV.	[]	[]
Нет, место рождения не влияет на подключение автоплатежей. Проверьте данные поставщика услуг.	[]	[]
Возможно, на вашей карте установлен лимит на операции в игровых сервисах или онлайн-покупки. Проверьте настройки в приложении банка.	[]	[]
Перевыпускал карту, а для активации нужен код. Пришёл 927381, но система не принимает его. Почему?	[(54, 60, 'Одноразовые коды')]	['927381']
Я сделал перевод на расчётный счёт 40702810100000000001 для организации с ИНН 7708123456 через БИК 044525000, но деньги не дошли.	[(35, 55, 'Данные об организации/юридическом лице (ИНН, КПП, ОГРН, БИК, адреса, расчётный счёт)'), (78, 88, 'Данные об организации/юридическом лице (ИНН, КПП, ОГРН, БИК, адреса, расчётный счёт)'), (99, 108, 'Данные об организации/юридическом лице (ИНН, КПП, ОГРН, БИК, адреса, расчётный счёт)')]	['40702810100000000001', '7708123456', '044525000']
Убедитесь, что вы используете заглавные русские буквы для серии. Также проверьте раскладку клавиатуры.	[]	[]
Мой вид на жительство обновился, теперь его номер 82 1234567. Как мне изменить данные в приложении банка?	[(50, 60, 'Серия и номер вида на жительство')]	['82 1234567']
Убедитесь, что вы вводите номер документа без пробелов. Некоторые системы требуют сплошной ввод.	[]	[]
Хочу подключить автоплатеж за телефон. Моя карта Ак Барс Банка.	[(49, 62, 'Наименование банка')]	['Ак Барс Банка']
Для ИП с ИНН 771234567890 достаточно паспорта и свидетельства о регистрации. Заявку можно подать онлайн.	[(13, 25, 'Сведения об ИНН')]	['771234567890']
У нас поменялся КПП 502401001 и юридический адрес на г. Королёв, пр-т Космонавтов, д. 34. Как обновить данные?	[(20, 29, 'Данные об организации/юридическом лице (ИНН, КПП, ОГРН, БИК, адреса, расчётный счёт)'), (53, 88, 'Данные об организации/юридическом лице (ИНН, КПП, ОГРН, БИК, адреса, расчётный счёт)')]	['502401001', 'г. Королёв, пр-т Космонавтов, д. 34']
Да, конечно. Вы можете изменить способ получения выписок в настройках своего профиля. Отключите уведомления на номер 89093456789 и укажите email.	[(117, 128, 'Номер телефона')]	['89093456789']
Ваш запрос обрабатывается. Вся информация будет проверена в ближайшее время, пожалуйста, подождите.	[]	[]
Уточните, пожалуйста, дату и время операции. Возможно, произошёл технический сбой или проблема с терминалом.	[]	[]
Для разблокировки карты вам необходимо пройти идентификацию. Могу предложить вам звонок по видеосвязи.	[]	[]
Да, справку о состоянии счета по временному удостоверению 975318642097 можно получить в офисе банка.	[(58, 70, 'Временное удостоверение личности')]	['975318642097']
Граждане Японии могут оформить ипотеку при условии соответствия требованиям банка и наличия необходимых документов для нерезидентов.	[(9, 15, 'Гражданство и названия стран')]	['Японии']
Мой загранпаспорт серии 72 номер 3456789, выдан 10 апреля 2018 года, срок действия истекает 10 апреля 2028 года. Могу ли я совершать переводы?	[(24, 26, 'Паспортные данные'), (33, 40, 'Паспортные данные'), (48, 67, 'Паспортные данные'), (92, 111, 'Паспортные данные')]	['72', '3456789', '10 апреля 2018 года', '10 апреля 2028 года']
Виртуальные карты очень безопасны, так как они не имеют физического носителя. Вы можете устанавливать на них лимиты.	[]	[]
Я хочу закрыть счет. У меня есть только временное удостоверение серии НО67890123.	[(70, 80, 'Временное удостоверение личности')]	['НО67890123']
Могу ли я использовать один API ключ 'universal_access_key_1' для всех своих проектов? Или лучше создавать отдельные?	[(38, 60, 'API ключи')]	['universal_access_key_1']
Это стандартная мера безопасности. Вы можете настроить двухфакторную аутентификацию, чтобы реже вводить данные.	[]	[]
Вы можете самостоятельно сгенерировать новый API ключ взамен API_OLD_KEY_EXPIRED в разделе «API-ключи» личного кабинета.	[(61, 80, 'API ключи')]	['API_OLD_KEY_EXPIRED']
Лимиты на снятие наличных зависят от типа вашей карты. Вы можете уточнить их в мобильном приложении или по телефону.	[]	[]
Кодовое слово не используется для входа в интернет-банк. Для этого нужен логин и пароль. Возможно, вы их путаете.	[]	[]
По ИНН 7727556677 вижу, что у вас тариф «Бизнес-Старт». Комиссия составляет 199 рублей в месяц.	[(7, 17, 'Сведения об ИНН')]	['7727556677']
Проверьте правильность ввода всех данных карты, включая срок действия 07/25. Возможно, есть опечатка или сервис не поддерживает вашу карту.	[(70, 75, 'Дата окончания срока действия карты')]	['07/25']
Моё кодовое слово Заря перестало работать после обновления мобильного приложения, что случилось?	[(18, 22, 'Кодовые слова')]	['Заря']
Могу ли я получить новый ПИН 4747 для своей карты по телефону?	[(29, 33, 'ПИН код')]	['4747']
Банкомат не принимает мой ПИН-код 2109, хотя я точно уверен, что ввожу его правильно. Карта не заблокирована, но операции не проходят.	[(34, 38, 'ПИН код')]	['2109']
Убедитесь, что вводите данные без ошибок. Возможно, проблема с самим терминалом, попробуйте другой.	[]	[]
Моя регистрация по месту жительства с 10 июня 2023 года. Это влияет на лимиты по карте?	[(36, 37, 'Дата регистрации по месту жительства или пребывания'), (38, 55, 'Дата регистрации по месту жительства или пребывания')]	['с', '10 июня 2023 года']
Для предоставления такой информации нам необходимо убедиться в вашей личности. Назовите кодовое слово.	[]	[]
Для смены пароля достаточно даты рождения. Секунды не требуются. Попробуйте 11.11.1977.	[(76, 78, 'Дата рождения'), (82, 86, 'Дата рождения')]	['11', '1977']
Мой вид на жительство 832589631. Хочу узнать, могу ли я оформить дополнительную карту на свое имя?	[(22, 31, 'Серия и номер вида на жительство')]	['832589631']
Вы можете заказать дополнительную карту к счету 5333444455556666 в мобильном приложении или в отделении банка. Потребуются данные члена семьи.	[(48, 64, 'Номер карты')]	['5333444455556666']
Не могу пополнить баланс телефона МТС с карты 4500 1234 5678 9012. Выдаёт ошибку.	[(46, 65, 'Номер карты')]	['4500 1234 5678 9012']
Здравствуйте, мне нужно оформить автокредит. Мой автомобиль — это Toyota Camry 2018 года выпуска.	[(66, 72, 'Данные об автомобиле клиента'), (73, 78, 'Данные об автомобиле клиента'), (79, 83, 'Данные об автомобиле клиента')]	['Toyota', 'Camry', '2018']
Хочу узнать, как часто нужно менять пароль WebPass_ABC для онлайн-банкинга?	[(43, 54, 'Пароли')]	['WebPass_ABC']
Моё место рождения Набережные Челны. Пришло письмо от банка с просьбой обновить информацию. Что нужно обновить?	[(19, 35, 'Место рождения')]	['Набережные Челны']
Да, мы можем подготовить справку о наличии средств на счете для визы в Великобританию. Закажите ее через мобильное приложение или в отделении.	[(71, 85, 'Гражданство и названия стран')]	['Великобританию']
Могу ли я сгенерировать временный API ключ, например, API_TEMP_ACCESS_1H, для разового доступа к данным?	[(54, 72, 'API ключи')]	['API_TEMP_ACCESS_1H']
К сожалению, доставка карт на дом доступна только для граждан России. Вам придется забрать карту в отделении.	[(62, 68, 'Гражданство и названия стран')]	['России']
Для смены номера телефона, привязанного к вашему аккаунту, потребуется подтверждение личности, включая кодовое слово.	[]	[]
Я зарегистрирован с 04 декабря 2017 года. Могу ли я оформить овердрафт по дебетовой карте?	[(20, 40, 'Дата регистрации по месту жительства или пребывания')]	['04 декабря 2017 года']
Изменения вступят в силу в течение 24 часов. Вы получите СМС-подтверждение.	[]	[]
Мой СНИЛС 445-678-901 41 был изменен из-за ошибки в Пенсионном фонде. Как мне обновить его в банке?	[(10, 24, 'СНИЛС клиента')]	['445-678-901 41']
Да, для настройки автоплатежей и привязки карты к платежным сервисам запрос CVV 363 является стандартной процедурой. Убедитесь, что вы на официальном сайте.	[(80, 83, 'CVV/CVC')]	['363']
Добрый день. У меня не сработал автоплатеж за коммунальные услуги со счета 40817810600007362947. В чем может быть причина?	[(75, 95, 'Номер банковского счета')]	['40817810600007362947']
Мне нужно поменять адрес регистрации в банке на: город Пермь, улица Пушкина, дом 30, квартира 120.	[(49, 60, 'Полный адрес'), (62, 75, 'Полный адрес'), (77, 83, 'Полный адрес'), (85, 97, 'Полный адрес')]	['город Пермь', 'улица Пушкина', 'дом 30', 'квартира 120']
Для изменения данных по ИНН 7707000011, включая юридический адрес, вам необходимо предоставить обновленные учредительные документы.	[(28, 38, 'Сведения об ИНН')]	['7707000011']
Проверьте правильность ввода ИНН 210123456789 при входе. Если проблема сохранится, обратитесь в техподдержку.	[(33, 45, 'Сведения об ИНН')]	['210123456789']
К сожалению, без точного номера документа мы не сможем предоставить доступ к информации. Поищите его в своих записях.	[]	[]
Мы проверили, данные о месте рождения «Нижний Новгород» в системе верны.	[(39, 54, 'Место рождения')]	['Нижний Новгород']
Хочу узнать, когда будет готов перевыпуск карты. Для этого нужно кодовое слово «Гранат»?	[(80, 86, 'Кодовые слова')]	['Гранат']
Для восстановления пароля родительского контроля вам потребуется подтвердить свою личность. Обратитесь в контакт-центр или отделение.	[]	[]
Это данные первой дорожки магнитной полосы вашей карты. Вероятно, произошел временный сбой в работе терминала, из-за чего информация отобразилась.	[]	[]
После обновления приложения код 554321 для подтверждения операций стал приходить с задержкой.	[(32, 38, 'Одноразовые коды')]	['554321']
Подтверждение изменения номера телефона обычно приходит по СМС. Проверьте, пожалуйста, ваш новый номер.	[]	[]
Моя жена оформляла счёт на ребёнка. Я хочу проверить данные по свидетельству XXXIII-БВ 890123. Это возможно?	[(77, 93, 'Свидетельство о рождении')]	['XXXIII-БВ 890123']
Да, виртуальные карты также перевыпускаются автоматически. Новая будет доступна в мобильном приложении.	[]	[]
Я хочу привязать свою карту к PayPal, но он пишет, что имя ROMAN SHEVCHENKO не совпадает. Что делать?	[(59, 75, 'Имя держателя карты')]	['ROMAN SHEVCHENKO']
Оформляю переоформление автомобиля. Номер кузова WBAJG21030A123456.	[(49, 66, 'Данные об автомобиле клиента')]	['WBAJG21030A123456']
"Подтверждение платежа по ИНН 503000000022 можно сформировать в разделе ""История операций"" вашего личного кабинета."	[(29, 41, 'Сведения об ИНН')]	['503000000022']
Для виртуальных карт CVV обычно отображается в приложении в разделе информации о карте. Если вы его не видите, обновите приложение или обратитесь к нам.	[]	[]
Проверьте правильность ввода лицевого счета и реквизитов. Возможно, произошла ошибка при заполнении.	[]	[]
Я хочу узнать остаток по кредиту, предъявив временное удостоверение НО34567890. Сколько мне осталось платить?	[(68, 78, 'Временное удостоверение личности')]	['НО34567890']
Наш API ключ API_GLOBAL_TRANSFER_PROD выдает ошибку при попытке перевода в другой банк. Что делать?	[(13, 37, 'API ключи')]	['API_GLOBAL_TRANSFER_PROD']
Возможно, оно слишком короткое или содержит запрещенные символы. Уточните требования в личном кабинете.	[]	[]
Обновить почтовый адрес 125009, г. Москва, ул. Большая Никитская, д. 5 можно в разделе 'Мои данные' личного кабинета. Изменения вступят в силу после проверки.	[(24, 70, 'Данные об организации/юридическом лице (ИНН, КПП, ОГРН, БИК, адреса, расчётный счёт)')]	['125009, г. Москва, ул. Большая Никитская, д. 5']
Хочу привязать новую карту к счету. У меня временное удостоверение 25836914.	[(67, 75, 'Временное удостоверение личности')]	['25836914']
Мне нужна справка для визы, где будет указан мой ИНН 771012345678. Это возможно?	[(53, 65, 'Сведения об ИНН')]	['771012345678']
Для исправления ошибки, пожалуйста, сообщите, какие данные некорректны. Мы проверим информацию по водительскому удостоверению 74 13 000018 в нашей системе.	[(126, 138, 'Водительское удостоверение')]	['74 13 000018']
Возможно, терминал на заправке работал некорректно или вы превысили лимит неверных попыток. Разблокировать карту можно через приложение или по звонку.	[]	[]
Банкомат выдал ошибку чтения Track 2: 4567890123456789=26017011234567890123. Что это за код и почему он появился?	[(38, 75, 'Содержимое магнитной полосы')]	['4567890123456789=26017011234567890123']
Я хочу привязать свой СНИЛС 901-234-567 89 к банковскому счету для получения социальных выплат. Как это сделать?	[(28, 42, 'СНИЛС клиента')]	['901-234-567 89']
Мне нужно подтвердить, что API ключ 'invoice_generation_key_v1' активен. Можете проверить?	[(37, 62, 'API ключи')]	['invoice_generation_key_v1']
"Добрый день. Для нашей компании ООО ""Дельта"" с ИНН 5001001234 нужно уточнить ОГРН 1187746578901 для нового контракта. Можете подтвердить эти данные?"	[(51, 61, 'Данные об организации/юридическом лице (ИНН, КПП, ОГРН, БИК, адреса, расчётный счёт)'), (82, 95, 'Данные об организации/юридическом лице (ИНН, КПП, ОГРН, БИК, адреса, расчётный счёт)')]	['5001001234', '1187746578901']
Где ближайший банкомат, который работает круглосуточно? Я нахожусь в Самаре, Октябрьский район, улица Ново-Садовая, дом 106, корпус 1.	[(69, 75, 'Полный адрес'), (77, 94, 'Полный адрес'), (96, 114, 'Полный адрес'), (116, 123, 'Полный адрес'), (125, 133, 'Полный адрес')]	['Самаре', 'Октябрьский район', 'улица Ново-Садовая', 'дом 106', 'корпус 1']
Да, вы можете оформить доверенность. Ваше разрешение 72 6655443 будет одним из подтверждающих документов.	[(53, 63, 'Разрешение на работу / визу')]	['72 6655443']
Моя карта перестала работать после того, как я несколько раз неправильно ввел ПИН 2109. Что теперь делать?	[(82, 86, 'ПИН код')]	['2109']
Вы можете обновить данные 9876543210 через мобильное приложение или в ближайшем отделении банка. Процедура займет всего несколько минут.	[(26, 36, 'Водительское удостоверение')]	['9876543210']
Подтверждение наличия средств на счете 40702810800000000001 можно заказать в отделении банка или через интернет-банк, раздел «Справки и документы».	[(39, 59, 'Номер банковского счета')]	['40702810800000000001']
При попытке перевода на номер 89650009988 выдает ошибку. В чем причина?	[(30, 41, 'Номер телефона')]	['89650009988']
Это нормально, банковские системы не хранят секунды. Достаточно указать 07:07.	[]	[]
Да, конечно. Уточните, пожалуйста, какой тип справки вам нужен, и я отправлю её на указанный адрес.	[]	[]
Да, вы можете настроить уведомления о скором истечении срока действия для API ключа API_EXPIRATION_REMINDER в настройках безопасности.	[(84, 107, 'API ключи')]	['API_EXPIRATION_REMINDER']
Мой год рождения 1972. Хочу убедиться, что он правильно указан в системе для налоговых вычетов.	[(17, 21, 'Дата рождения')]	['1972']
Не могу войти в личный кабинет ИП. Может быть, это связано с некорректным ИНН 210123456789, который там указан?	[(78, 90, 'Сведения об ИНН')]	['210123456789']
Отлично. Если это ваша актуальная постоянная прописка с 02.02.2012, то никаких действий не требуется.	[(56, 66, 'Дата регистрации по месту жительства или пребывания')]	['02.02.2012']
Нет, этот код уже недействителен. Запросите новый код и введите его в течение трёх минут.	[]	[]
Возможно, данные вашего разрешения 58 2340567 не были внесены в систему при открытии счёта. Проверьте информацию в отделении банка.	[(35, 45, 'Разрешение на работу / визу')]	['58 2340567']
У меня не получается изменить данные опекуна в интернет-банке. Я использую свидетельство XL-РС 012345. Что делать?	[(89, 101, 'Свидетельство о рождении')]	['XL-РС 012345']
Я забыл ПИН-код от карты. Карта оформлена на Омарову Асель.	[(45, 52, 'ФИО'), (53, 58, 'ФИО')]	['Омарову', 'Асель']
Да, для получения кредитной карты необходима действующая регистрация. Обновите данные до 15 мая.	[(89, 95, 'Дата регистрации по месту жительства или пребывания')]	['15 мая']
Мы знаем о некоторых проблемах после обновления. Попробуйте переустановить приложение или использовать веб-версию.	[]	[]
Почему мой автоплатеж в Совкомбанк не прошел сегодня? Деньги на счету были.	[(24, 34, 'Наименование банка')]	['Совкомбанк']
Когда я оформлял кредит, я указывал место рождения Хабаровск. Проверьте, пожалуйста.	[(51, 60, 'Место рождения')]	['Хабаровск']
У меня в профиле указано, что паспорт выдан Отделом УФМС России по г. Москве по району 'Южное Бутово'. Это верно?	[(44, 100, 'Паспортные данные')]	"[""Отделом УФМС России по г. Москве по району 'Южное Бутово""]"
Как настроить автоплатеж за коммунальные услуги, чтобы уведомления приходили на 8-935-987-65-43?	[(80, 95, 'Номер телефона')]	['8-935-987-65-43']
"Лимиты на переводы в Узбекистан зависят от типа карты и статуса клиента. Подробную информацию можно найти в разделе ""Тарифы""."	[(21, 31, 'Гражданство и названия стран')]	['Узбекистан']
Не могу подтвердить email stanislav.volkov@yahoo.com в приложении. Код подтверждения не приходит.	[(26, 52, 'Email')]	['stanislav.volkov@yahoo.com']
Это подозрительное СМС. Никогда не сообщайте данные по телефону, даже если звонят с номера 8800.	[(91, 95, 'Номер телефона')]	['8800']
Да, граждане Черногории могут оформить карту для путешествий. Она будет удобна для использования за границей.	[(13, 23, 'Гражданство и названия стран')]	['Черногории']
Мне нужен API ключ с максимальными правами для тестирования новой системы. Какой мне выбрать?	[]	[]
Немедленно смените пароль и проверьте все связанные учетные записи. Мы рекомендуем также включить двухфакторную аутентификацию.	[]	[]
При попытке отменить спорную операцию, меня просят назвать кодовое слово Июнь. Но я его не помню.	[(73, 77, 'Кодовые слова')]	['Июнь']
Да, вы можете заказать детализированную выписку по карте 5000100020003000 в мобильном приложении или в отделении банка. Укажите нужный период.	[(57, 73, 'Номер карты')]	['5000100020003000']
Спасибо за информацию. Номер 9965112233 будет проверен для подтверждения вашего стажа вождения.	[(29, 39, 'Водительское удостоверение')]	['9965112233']
Пытался сделать международный перевод с карты 4567 8901 2345 6789, но он не прошёл. В чём проблема?	[(46, 65, 'Номер карты')]	['4567 8901 2345 6789']
Да, это может быть одним из секретных вопросов для повышения безопасности вашего аккаунта. Укажите его, пожалуйста.	[]	[]
Мой автоплатеж за интернет не сработал сегодня. Он привязан к СМП Банку.	[(62, 71, 'Наименование банка')]	['СМП Банку']
Моему работодателю нужен номер моего счёта 40817810600034567890 для перечисления зарплаты. Где его найти?	[(43, 63, 'Номер банковского счета')]	['40817810600034567890']
Могу ли я использовать CVV 258 для подтверждения платежей, если карта заблокирована?	[(27, 30, 'CVV/CVC')]	['258']
Проблемы с BankID могут быть связаны как с банком, так и с самой системой. Попробуйте войти напрямую через сайт банка.	[(11, 15, 'Пароли')]	['Bank']
Моя карта истекает в 01/28. Что произойдёт с бонусами на ней?	[(21, 26, 'Дата окончания срока действия карты')]	['01/28']
"При заполнении анкеты на новую карту, поле ""место рождения"" неактивно. Я из Тольятти."	[(76, 84, 'Место рождения')]	['Тольятти']
Я получил код 993412 для подтверждения, но не понимаю, для какой именно операции.	[(14, 20, 'Одноразовые коды')]	['993412']
Мне нужно срочно поменять номер для связи с банком на +7 (987) 654-32-10. Как я могу это сделать онлайн?	[(54, 72, 'Номер телефона')]	['+7 (987) 654-32-10']
Я пытался оплатить услугу через мобильное приложение другого банка, но там запросили CVV 909.	[(89, 92, 'CVV/CVC')]	['909']
Да, граждане Чехии могут оформить цифровую подпись, если они являются клиентами банка и прошли полную идентификацию.	[(13, 18, 'Гражданство и названия стран')]	['Чехии']
Хочу узнать статус рассмотрения заявления на алименты, которое я подавал через банк. В документах было свидетельство о рождении XXI-ЛШ 555666.	[(128, 141, 'Свидетельство о рождении')]	['XXI-ЛШ 555666']
Могу ли я реструктурировать кредит на мою Lada Granta 2015 года? У меня финансовые трудности.	[(42, 46, 'Данные об автомобиле клиента'), (47, 53, 'Данные об автомобиле клиента'), (54, 58, 'Данные об автомобиле клиента')]	['Lada', 'Granta', '2015']
Справку о наличии счета можно заказать в отделении банка. Срок изготовления до трех рабочих дней.	[]	[]
Хочу уточнить адрес отделения банка в городе Челябинск, улица Кирова, дом 15.	[(45, 54, 'Полный адрес'), (62, 68, 'Полный адрес'), (70, 76, 'Полный адрес')]	['Челябинск', 'Кирова', 'дом 15']
При регистрации в СБП меня просили ввести кодовое слово. Это было «Грифон»?	[(67, 73, 'Кодовые слова')]	['Грифон']
Оплатил покупку онлайн, но потом вспомнил, что срок действия карты до 02/24. Операция пройдёт?	[(70, 75, 'Дата окончания срока действия карты')]	['02/24']
Я ввёл код 567890 для активации карты, но мне пришло сообщение, что карта уже активна. Как так?	[(11, 17, 'Одноразовые коды')]	['567890']
Моя карта не прошла оплату, продавец сказал, что терминал не прочитал Track 1. Что-то вроде %B4567890123456789^SMITH/ANNA^25031200000000000000? было на экране.	[(92, 143, 'Содержимое магнитной полосы')]	['%B4567890123456789^SMITH/ANNA^25031200000000000000?']
Это может быть связано с ранее открытыми продуктами. Попробуйте восстановить доступ или обратитесь в поддержку.	[]	[]
Проверю логи сервера по ключу pk_test_N0pQ1rS2tU3vW4xY5z6A7b8C9dE. Уточните время последних неудачных запросов.	[(30, 65, 'API ключи')]	['pk_test_N0pQ1rS2tU3vW4xY5z6A7b8C9dE']
Я уезжаю в командировку за границу. Моё имя VERA YAKOVLEVA. Нужно ли уведомлять банк?	[(44, 58, 'Имя держателя карты')]	['VERA YAKOVLEVA']
Для кредитных карт смена ПИН-кода без перевыпуска возможна через банкомат или личный кабинет. Выберите удобный для вас способ.	[]	[]
Я потеряла карту, на ней было имя NATALIA FROLOVA. Что мне делать в первую очередь?	[(34, 49, 'Имя держателя карты')]	['NATALIA FROLOVA']
Отлично, данные получены. Сейчас проверим их корректность в системе и дадим обратную связь.	[]	[]
У меня есть недвижимость в Черногории. Как это влияет на мой налоговый статус в банке?	[(27, 37, 'Гражданство и названия стран')]	['Черногории']
Мне нужно поменять адрес в личном кабинете. Мой новый адрес: Свердловская область, город Нижний Тагил, улица Ленина, дом 10, квартира 50.	[(61, 81, 'Полный адрес'), (83, 101, 'Полный адрес'), (103, 115, 'Полный адрес'), (117, 123, 'Полный адрес'), (125, 136, 'Полный адрес')]	['Свердловская область', 'город Нижний Тагил', 'улица Ленина', 'дом 10', 'квартира 50']
Откройте раздел «Настройки профиля», выберите «Контактные данные». Измените номер на 89001234567 и подтвердите операцию SMS-кодом.	[(85, 96, 'Номер телефона')]	['89001234567']
Я случайно перевел деньги на неправильный счет 40702810800009062325. Можно ли отменить операцию?	[(47, 67, 'Номер банковского счета')]	['40702810800009062325']
Проверьте, пожалуйста, наличие средств на счете и корректность введенных данных.	[]	[]
Я зарегистрирован с 10.05.2019. Могу ли я получить консультацию по инвестициям?	[(20, 30, 'Дата регистрации по месту жительства или пребывания')]	['10.05.2019']
Мне нужен мой ИНН для подачи декларации, но я не помню его. Можете подсказать?	[]	[]
Какой БИК у вашего банка для международных переводов? Мне нужен конкретно для 046394140.	[(78, 87, 'Данные об организации/юридическом лице (ИНН, КПП, ОГРН, БИК, адреса, расчётный счёт)')]	['046394140']
Ваша учетная запись была временно заблокирована для вашей безопасности. Пожалуйста, воспользуйтесь функцией сброса пароля, чтобы восстановить доступ.	[]	[]
"Да, некоторые банкоматы требуют эту информацию для полной идентификации. Введите ""Чебоксары""."	[(82, 91, 'Место рождения')]	['Чебоксары']
Для номера кузова WDDGF84X20K987654 мы можем выдать справку об отсутствии обременений. Это часто требуется для экспорта.	[(18, 35, 'Данные об автомобиле клиента')]	['WDDGF84X20K987654']
После смены тарифа мне кажется, что с моего счета 40817810300007424675 стали списывать больше. Это нормально?	[(50, 70, 'Номер банковского счета')]	['40817810300007424675']
Возможно, произошел технический сбой. Попробуйте очистить кэш браузера или воспользоваться другим устройством.	[]	[]
В 1992 году, в июле, я открывал счет. Там указана моя дата рождения.	[]	[]
Мой контрагент с ИНН 2101234567 утверждает, что не получил оплату. Можете проверить статус перевода?	[(21, 31, 'Сведения об ИНН')]	['2101234567']
Спасибо за подробную информацию. Я обновил ваши данные в системе.	[]	[]
Как я могу проверить, актуальны ли данные моего вида на жительство 831000016 в вашем банке?	[(67, 76, 'Серия и номер вида на жительство')]	['831000016']
Да, мы можем проверить это. Пожалуйста, назовите ваше полное имя и дату рождения для идентификации.	[]	[]
Пытаюсь оформить доверенность на бабушку для управления детским счётом. Указал свидетельство XXXI-ЭЮ 678901, но не проходит.	[(93, 107, 'Свидетельство о рождении')]	['XXXI-ЭЮ 678901']
Мы проверили данные по ВУ 1708261730. Все в порядке, можете продолжить оформление доверенности.	[(26, 36, 'Водительское удостоверение')]	['1708261730']
Это может быть мошенничество. Перешлите подозрительное сообщение с номера 900 нам для проверки, пожалуйста.	[(74, 77, 'Номер телефона')]	['900']
Вам необходимо предоставить новый СНИЛС и паспорт в отделение банка. Мы обновим ваши данные в системе. Актуальность данных очень важна для всех банковских операций.	[]	[]
Могу ли я получить справку для визы, используя временное удостоверение серии ЮЯ45678901?	[(77, 87, 'Временное удостоверение личности')]	['ЮЯ45678901']
Мне пришло уведомление о необходимости подтвердить данные по виду на жительство 831000008. Это обязательно?	[(80, 89, 'Серия и номер вида на жительство')]	['831000008']
Срок действия моей карты до 09/26. Могу ли я получить новую карту раньше, если старая поцарапана?	[(28, 33, 'Дата окончания срока действия карты')]	['09/26']
К сожалению, для визы 77 1234567 доставка карты на дом недоступна. Вы можете забрать ее в ближайшем отделении банка.	[(22, 32, 'Разрешение на работу / визу')]	['77 1234567']
У меня есть доверенность, выданная в Польше. Будет ли она действительна для операций в банке?	[(37, 43, 'Гражданство и названия стран')]	['Польше']
Для разблокировки счета 40817810312345678910 вам потребуется пройти верификацию личности. Могу я помочь вам с этим?	[(24, 44, 'Номер банковского счета')]	['40817810312345678910']
Я прописан с 01.02.2017. Нужно ли мне подтверждать это для продления карты?	[(13, 23, 'Дата регистрации по месту жительства или пребывания')]	['01.02.2017']
Для подтверждения личности достаточно даты. Время рождения обычно не требуется.	[]	[]
Проверьте правильность указанного почтового адреса 501372, г. Санкт-Петербург, ул. Мира, д. 11, а/я 880. Возможно, произошла ошибка при его вводе. Это очень важный вопрос для нас, требующий быстрого решения.	[(51, 103, 'Данные об организации/юридическом лице (ИНН, КПП, ОГРН, БИК, адреса, расчётный счёт)')]	['501372, г. Санкт-Петербург, ул. Мира, д. 11, а/я 880']
Можно ли считать EMV-данные, например 82021400, с чипа моей карты обычным считывателем?	[(38, 46, 'Содержимое магнитной полосы')]	['82021400']
Коды безопасности обычно приходят на телефон. Проверьте настройки уведомлений и безопасность почты.	[]	[]
Комиссия за перевод зависит от суммы и банка-получателя. Уточните эти данные для проверки.	[]	[]
Почему API ключ pk_test_AbCdEfGhIjKlMnOpQrStUvWxYz12345 не позволяет выполнять операции записи, хотя должен?	[(16, 55, 'API ключи')]	['pk_test_AbCdEfGhIjKlMnOpQrStUvWxYz12345']
Отлично! С ИНН 5001234567 мы можем начать процесс регистрации. Ожидайте звонка от нашего менеджера.	[(15, 25, 'Сведения об ИНН')]	['5001234567']
Вы можете найти его в разделе «Управление API» вашего личного кабинета разработчика. Если потеряли, можете сгенерировать новый.	[]	[]
Мне нужна выписка по счету за прошлый месяц, он открыт в Сбербанке.	[(57, 66, 'Наименование банка')]	['Сбербанке']
Надежный пароль должен содержать не менее 8-12 символов, включая заглавные и строчные буквы, цифры и спецсимволы.	[]	[]
CVV-код 118 является статичным. Его нельзя изменить; при необходимости можно только перевыпустить карту.	[(8, 11, 'CVV/CVC')]	['118']
У меня вопрос по данным моего водительского удостоверения 5678901234. Оно актуально в вашей системе?	[(58, 68, 'Водительское удостоверение')]	['5678901234']
Принято. Сейчас же заблокирую sk_live_ABCDEF1234567890ABCDEF1234567890 и помогу вам с генерацией нового. Подтвердите, пожалуйста, свою личность.	[(30, 70, 'API ключи')]	['sk_live_ABCDEF1234567890ABCDEF1234567890']
Я хотел бы изменить адрес для получения корреспонденции. Новый адрес: Пермский край, город Пермь, улица Ленина, 67, корпус 2.	[(70, 83, 'Полный адрес'), (85, 96, 'Полный адрес'), (98, 110, 'Полный адрес'), (112, 114, 'Полный адрес'), (116, 124, 'Полный адрес')]	['Пермский край', 'город Пермь', 'улица Ленина', '67', 'корпус 2']
Хорошо, для заказа новой карты мне потребуется полная информация о вашем паспорте, включая дату выдачи и орган.	[]	[]
Убедитесь, что у вас нет блокировки на получение SMS от коротких номеров. Проверьте настройки телефона.	[]	[]
Мне пришло уведомление о необходимости обновить данные срок действия истекает 01 марта 2025 года. Что мне делать дальше?	[(78, 96, 'Дата регистрации по месту жительства или пребывания')]	['01 марта 2025 года']
Мне нужно подтвердить крупный перевод. Мой временный документ ПР45678901.	[(62, 72, 'Временное удостоверение личности')]	['ПР45678901']
Виртуальные карты не имеют физического ПИН-кода. Для онлайн-операций используется код CVV/CVC. Если речь о подтверждении в приложении, это не ПИН-код.	[]	[]
Да, для ИНН 3701234567 можно временно увеличить лимиты. Оформите заявку через мобильное приложение.	[(12, 22, 'Сведения об ИНН')]	['3701234567']
Выписка может быть отправлена на вашу электронную почту или в виде СМС на номер +7 987 654 32 10. Какой вариант вам удобнее?	[(80, 96, 'Номер телефона')]	['+7 987 654 32 10']
Реквизиты вашего счета доступны в разделе «Мои продукты» или «Счета». Выберите нужный счет и нажмите «Реквизиты».	[]	[]
Хочу подтвердить операцию по телефону, но меня просят назвать ПИН 5555. Это безопасно?	[(66, 70, 'ПИН код')]	['5555']
Перевыпуск карты происходит автоматически. Новую карту можно забрать в отделении за несколько дней до окончания срока.	[]	[]
Хочу поменять кодовое слово Ромашка, где это сделать и как быстро смена вступит в силу?	[(28, 35, 'Кодовые слова')]	['Ромашка']
Попробуйте восстановить пароль через форму на сайте. Если не поможет, обратитесь в поддержку по телефону.	[]	[]
Для подтверждения даты регистрации 01.09.2021, пожалуйста, загрузите скан паспорта в личном кабинете.	[(35, 45, 'Дата регистрации по месту жительства или пребывания')]	['01.09.2021']
Для международных переводов ваш статус по визе 90 0011223 важен. Уточните лимиты в разделе «Переводы».	[(47, 57, 'Разрешение на работу / визу')]	['90 0011223']
Запрос на удаление данных, связанных с API ключом API_DATA_DELETION_REQUEST, можно оформить через службу поддержки с подтверждением.	[(50, 75, 'API ключи')]	['API_DATA_DELETION_REQUEST']
Для корректного заполнения анкеты укажите «Перми».	[(43, 48, 'Место рождения')]	['Перми']
Мне нужно срочно перевести деньги на номер 8 (913) 765 43 21, но лимит не позволяет. Можно ли его временно увеличить?	[(43, 60, 'Номер телефона')]	['8 (913) 765 43 21']
Досрочный перевыпуск карты, которая истекает в августе 2025, возможен. Вы можете сделать это через мобильное приложение.	[(47, 59, 'Дата окончания срока действия карты')]	['августе 2025']
Мне нужно получить справку для налоговой. В ней должна быть указана информация о моем разрешении на работу 65 0011223?	[(107, 117, 'Разрешение на работу / визу')]	['65 0011223']
Забыл ПИН 5566 от своей карты, которую использую для оплаты проезда. Как мне теперь оплачивать?	[(10, 14, 'ПИН код')]	['5566']
Я забыл пароль к своему сейфовому ящику, он был P@ss_Vault. Это тот же, что и для онлайн-банка?	[(48, 58, 'Пароли')]	['P@ss_Vault']
Возможно, были некорректно указаны реквизиты получателя. Проверьте их и повторите попытку.	[]	[]
В выписке всегда фигурирует ваш ИНН 502412345678. Он является основным идентификатором.	[(36, 48, 'Сведения об ИНН')]	['502412345678']
Для ключа 'reporting_service_token_v2' убедитесь, что у него есть разрешение на доступ к историческим данным. Возможно, его нужно обновить или расширить права.	[(11, 37, 'API ключи')]	['reporting_service_token_v2']
Хочу оформить депозит для юридического лица. Наш ИНН 7735000001.	[(53, 63, 'Сведения об ИНН')]	['7735000001']
Я переживаю за безопасность. В истории операций есть странный код EMV: 9F0908A1B2C3D4E5F67890. Объясните, пожалуйста, его значение.	[(71, 93, 'Содержимое магнитной полосы')]	['9F0908A1B2C3D4E5F67890']
Это стандартная ошибка чтения магнитной полосы. Рекомендуем проверить карту на наличие повреждений или оформить перевыпуск.	[]	[]
Смена номера телефона требует дополнительной идентификации. Возможно, потребуется звонок на горячую линию.	[]	[]
Ошибка чтения Track 2 может говорить о размагничивании карты. Попробуйте чип или бесконтактную оплату для решения.	[]	[]
Для проверки информации, пожалуйста, уточните, о каком письме идет речь. Возможно, это старые данные.	[]	[]
"Уточните, пожалуйста, КПП нашей организации ООО ""Маяк"", который у вас зарегистрирован. Мне нужен 770801001."	[(97, 106, 'Данные об организации/юридическом лице (ИНН, КПП, ОГРН, БИК, адреса, расчётный счёт)')]	['770801001']
Подозрительная активность по моему СНИЛС 606-707-808 90 была замечена. Что делать?	[(41, 55, 'СНИЛС клиента')]	['606-707-808 90']
Запросил несколько кодов, последний был 283670, но я запутался. Какой из них мне вводить?	[(40, 46, 'Одноразовые коды')]	['283670']
В логе транзакции по моей карте я нашел фрагмент EMV-чипа: 9F1A020643. Это какая-то важная информация?	[(59, 69, 'Содержимое магнитной полосы')]	['9F1A020643']
Пытаюсь оформить карту для ребенка через веб-версию, но после ввода свидетельства о рождении XLIX-ЖШ 666000, страница зависает.	[(93, 107, 'Свидетельство о рождении')]	['XLIX-ЖШ 666000']
Мой сервис не может получить доступ к данным, возможно, ключ AIzaSyU1vW3xY5zB7cE9fG1hJ3k5lM7nO9pQ1rS3tV5wX7yZ9a0b2d4e6f8 заблокирован или истек срок его действия.	[(61, 120, 'API ключи')]	['AIzaSyU1vW3xY5zB7cE9fG1hJ3k5lM7nO9pQ1rS3tV5wX7yZ9a0b2d4e6f8']
Переводы через Систему быстрых платежей обычно зачисляются мгновенно. Максимум это занимает несколько секунд.	[]	[]
Проверьте, пожалуйста, привязан ли ваш номер телефона к СБП в нашем банке. Возможно, средства поступили на другой счёт.	[]	[]
Возникла проблема с платежом в налоговую. Указывал ИНН 8601234567. Можете проверить, почему деньги не дошли?	[(55, 65, 'Сведения об ИНН')]	['8601234567']
Мой логин в интернет-банке не работает. Вдруг это связано с тем, что я родился в Барнауле, и данные как-то сбились?	[(81, 89, 'Место рождения')]	['Барнауле']
Мой ПИН 4560 слишком очевидный, я хочу его изменить. Как быстро это можно сделать?	[(8, 12, 'ПИН код')]	['4560']
Моя карта была заблокирована в Австралии. Я гражданин России. Что делать?	[(31, 40, 'Гражданство и названия стран'), (54, 60, 'Гражданство и названия стран')]	['Австралии', 'России']
Для разблокировки карты может потребоваться подтверждение личности. Мы поможем вам после проверки документов.	[]	[]
У меня проблемы с оплатой коммунальных услуг через приложение. Я регистрировался с временным удостоверением ТЕ78901234.	[(108, 118, 'Временное удостоверение личности')]	['ТЕ78901234']
Я забыл номер своего счета, чтобы дать его для зачисления зарплаты. Можете напомнить?	[]	[]
Я забыл пароль от интернет-банка, а там привязан счет 40817810600000009988. Как восстановить доступ?	[(54, 74, 'Номер банковского счета')]	['40817810600000009988']
Я хочу привязать свой СНИЛС 901-234-567 89 к банковскому счету для получения социальных выплат. Как это сделать?	[(28, 42, 'СНИЛС клиента')]	['901-234-567 89']
Для снятия обременения с вашего BMW X3 потребуется полный пакет документов по кредиту.	[(32, 35, 'Данные об автомобиле клиента'), (36, 38, 'Данные об автомобиле клиента')]	['BMW', 'X3']
Да, вы можете совершить перевод. Для крупных сумм может потребоваться дополнительная проверка личности.	[]	[]
Да, выписку по ИНН 503200000026 можно заказать в интернет-банке. Она будет содержать все необходимые данные.	[(19, 31, 'Сведения об ИНН')]	['503200000026']
Для увеличения лимита по кредитной карте важна ваша платёжеспособность, а также актуальность разрешения 61 1238456.	[(104, 114, 'Разрешение на работу / визу')]	['61 1238456']
Понимаю, что это неудобно. Для разблокировки карты вам нужно обратиться в отделение банка с паспортом или воспользоваться мобильным приложением. Пожалуйста, не сообщайте свой ПИН-код.	[]	[]
Вы можете отменить автоплатеж в разделе «Мои платежи» в мобильном приложении. Найдите платеж на 8 (903) 123-45-67 и нажмите «Отключить».	[(96, 113, 'Номер телефона')]	['8 (903) 123-45-67']
Возможно, вы пытались пополнить карту другого банка или выбран неправильный тип операции. Пополнение карты обычно не требует ввода номера телефона, если это ваша карта, но если это перевод на карту по номеру, то +7(950)4567890 может быть номером получателя.	[(212, 226, 'Номер телефона')]	['+7(950)4567890']
Забыл ПИН-код 7149 к своей карте, которая лежит дома. Могу ли я установить новый через приложение без самой карты?	[(14, 18, 'ПИН код')]	['7149']
Могу ли я настроить регулярную отправку выписки по счёту 40817810500023456789 на электронную почту?	[(57, 77, 'Номер банковского счета')]	['40817810500023456789']
Почему мне не приходит подтверждение о регистрации в новой акции на мой номер 89001234567?	[(78, 89, 'Номер телефона')]	['89001234567']
Да, конечно. Проверьте настройки уведомлений в мобильном приложении для счета 40702810900009657785. Возможно, они были отключены случайно.	[(78, 98, 'Номер банковского счета')]	['40702810900009657785']
Хочу изменить ПИН 1212 для своей карты, чтобы он отличался от предыдущего. Как это сделать?	[(18, 22, 'ПИН код')]	['1212']
"Мой пароль ""MoneyFlow123"" был скомпрометирован. Я хочу его срочно поменять и узнать, не было ли операций."	[(12, 24, 'Пароли')]	['MoneyFlow123']
Я больше не хочу получать рекламные рассылки на свой адрес pavel.fedorov@mail.ru. Отпишите меня, пожалуйста.	[(59, 80, 'Email')]	['pavel.fedorov@mail.ru']
Возможно, произошел сбой. Попробуйте очистить кэш браузера или воспользоваться другим. Если проблема не решится, сбросьте пароль.	[]	[]
"Я хочу сменить пароль ""P@sswordForProfile"" в своем профиле, но система требует подтверждение по почте, к которой нет доступа."	[(23, 41, 'Пароли')]	['P@sswordForProfile']
Да, ИНН 772312345678 является обязательным реквизитом для идентификации получателя пособий. Предоставьте его в соответствующую организацию.	[(8, 20, 'Сведения об ИНН')]	['772312345678']
Почему моя карта с датой окончания 07/29 не работает в приложении? Пишет, что недействительна.	[(35, 40, 'Дата окончания срока действия карты')]	['07/29']
Я закрывал счёт 40817810800056789012 месяц назад. Хочу убедиться, что он точно закрыт и нет никаких задолженностей.	[(16, 36, 'Номер банковского счета')]	['40817810800056789012']
Это может быть попытка мошенничества. Пожалуйста, немедленно свяжитесь с нами для проверки операции.	[]	[]
Немедленно свяжитесь с нами по телефону горячей линии. Возможно, мы сможем остановить перевод до его обработки.	[]	[]
Вы можете заказать справку в отделении или через личный кабинет. Срок изготовления обычно до пяти рабочих дней.	[]	[]
Я забыл свой CVV 234. Могу ли я его как-то узнать через мобильное приложение или в банкомате?	[(17, 20, 'CVV/CVC')]	['234']
Мне нужно срочно поменять пароль Pass_Test!, так как я его случайно показал. Как это сделать быстро?	[(33, 43, 'Пароли')]	['Pass_Test!']
Это стандартная процедура для идентификации иностранных граждан. Пожалуйста, введите ваш номер разрешения 93 2345678.	[(106, 116, 'Разрешение на работу / визу')]	['93 2345678']
Да, мы видим, что ваше место рождения зарегистрировано как «Москва». Всё в порядке.	[(60, 66, 'Место рождения')]	['Москва']
К вашей дебетовой карте привязан номер +79031112233. Это ваш актуальный контактный номер?	[(39, 51, 'Номер телефона')]	['+79031112233']
Изменения могут обрабатываться до одного рабочего дня. Мы проверим статус обновления данных для вас.	[]	[]
Мы можем подтвердить вашу дату рождения, но день недели не является официальным параметром.	[]	[]
Проверьте настройки СМС-сообщений на новом устройстве. Возможно, наш номер заблокирован или в спаме.	[]	[]
Можете подтвердить, что ИНН нашей организации 7724186599? Я хочу быть уверен, что это именно 7724186599.	[(46, 56, 'Данные об организации/юридическом лице (ИНН, КПП, ОГРН, БИК, адреса, расчётный счёт)')]	['7724186599']
Ошибка 'quota exceeded' указывает на превышение лимитов использования API. Проверьте квоты в Google Cloud Console или увеличьте их.	[]	[]
Нет, мы не можем озвучить ваше кодовое слово. Вам придется установить новое после прохождения идентификации.	[]	[]
При оформлении счета я указал дату регистрации 06.06.2022. Все данные приняты?	[(47, 57, 'Дата регистрации по месту жительства или пребывания')]	['06.06.2022']
Моё кодовое слово «Звезда» почему-то не принимается при звонке в поддержку. Что могло случиться?	[(19, 25, 'Кодовые слова')]	['Звезда']
Для изменения юридического адреса компании вам необходимо предоставить выписку из ЕГРЮЛ. Могу я записать вас на прием?	[]	[]
Для разблокировки счёта вам нужно предоставить новое, действующее разрешение на работу взамен 70 8901234.	[(94, 104, 'Разрешение на работу / визу')]	['70 8901234']
При попытке восстановить пароль, код 998765 не приходит на мой номер, хотя он привязан.	[(37, 43, 'Одноразовые коды')]	['998765']
Я ввёл ПИН-код 1234 три раза в банкомате, и теперь моя карта заблокирована. Что мне делать?	[(15, 19, 'ПИН код')]	['1234']
Да, вид на жительство является одним из документов, необходимых для оформления доверенности. Приходите в отделение.	[]	[]
Моя карта истекает в 09/26. Могу ли я получить новую карту другого тарифа?	[(21, 26, 'Дата окончания срока действия карты')]	['09/26']
В 1996 году, в июле, я открывал у вас счет. Моя дата рождения должна быть там.	[]	[]
Хорошо, карта успешно заблокирована. Рекомендую оформить перевыпуск и проверить все свои онлайн-аккаунты.	[]	[]
Набережные Челны — это мое место рождения. Система просит подтвердить.	[]	[]
Моё место рождения Ямало-Ненецкий автономный округ. При попытке оформить кредит, система попросила подтвердить место рождения. Это обязательно?	[(19, 50, 'Место рождения')]	['Ямало-Ненецкий автономный округ']
Вам нужно посетить отделение банка с новым документом. Мы внесём изменения по разрешению 92 3456789 в вашу анкету.	[(89, 99, 'Разрешение на работу / визу')]	['92 3456789']
Для обновления данных вашей организации по ИНН 7717650893, пожалуйста, предоставьте актуальные учредительные документы. Вы можете загрузить их через личный кабинет или посетить отделение банка. Мы обязательно вам поможем и предоставим всю необходимую информацию.	[(47, 57, 'Данные об организации/юридическом лице (ИНН, КПП, ОГРН, БИК, адреса, расчётный счёт)')]	['7717650893']
Отказ в кредите не связан с местом рождения. Мы можем проверить другие причины.	[]	[]
Вчера при попытке изменить лимит по карте запросило кодовое слово Звезда, но оно не подошло. Почему?	[(66, 72, 'Кодовые слова')]	['Звезда']
Это может быть попытка мошенничества. Мы рекомендуем сменить пароль и проверить активность по вашему счету, связанную с +79161234567.	[(120, 132, 'Номер телефона')]	['+79161234567']
Мой почтовый индекс 660000. Это для Красноярского края, города Красноярска, улицы Ленина, дом 1.	[(20, 26, 'Полный адрес'), (36, 54, 'Полный адрес'), (56, 74, 'Полный адрес'), (76, 88, 'Полный адрес'), (90, 95, 'Полный адрес')]	['660000', 'Красноярского края', 'города Красноярска', 'улицы Ленина', 'дом 1']
Этот код указывает на сумму авторизованной операции. Если операция прошла успешно, то это просто техническая информация.	[]	[]
Моё место рождения – Калининград. В банковском приложении не могу найти этот город.	[(21, 32, 'Место рождения')]	['Калининград']
Отказ связан с тем, что срок действия вашего разрешения на работу 26 5672890 истёк. Обновите данные в банке.	[(66, 76, 'Разрешение на работу / визу')]	['26 5672890']
Потерял банковскую карту. Могу ли я заблокировать ее, используя временное удостоверение 111222333444?	[(88, 100, 'Временное удостоверение личности')]	['111222333444']
Могу ли я получить детализацию всех операций по счету 40702810300010002000 за год?	[(54, 74, 'Номер банковского счета')]	['40702810300010002000']
При попытке перевыпустить детскую карту, мне выдаёт ошибку. Номер свидетельства XIV-ЪЫ 556677. Что не так?	[(80, 93, 'Свидетельство о рождении')]	['XIV-ЪЫ 556677']
Чтобы обновить информацию, зайдите в личный кабинет. Измените номер с 4991112233 на 4994445566 в разделе «Контактные данные».	[(70, 80, 'Номер телефона'), (84, 94, 'Номер телефона')]	['4991112233', '4994445566']
Нет, карта будет перевыпущена автоматически, вам не нужно предпринимать никаких действий. Мы уведомим вас.	[]	[]
У меня возникла спорная операция. Может ли банк запросить у меня подтверждение разрешения на работу 90 8593402 для урегулирования?	[(100, 110, 'Разрешение на работу / визу')]	['90 8593402']
Ввод CVV 131 подтверждает ваше намерение совершить покупку. Отказ из-за недостатка средств не связан с CVV, а с балансом на вашем счете.	[(9, 12, 'CVV/CVC')]	['131']
Я хочу оформить доверенность на другого человека. У меня есть временное удостоверение 667788990011.	[(86, 98, 'Временное удостоверение личности')]	['667788990011']
Хочу узнать, какие льготы доступны по детским счетам, если я предоставил свидетельство XXXV-ЕЖ 012345.	[(87, 101, 'Свидетельство о рождении')]	['XXXV-ЕЖ 012345']
Я хочу оформить ОСАГО через ваш банк. Мой номер водительского 13 57 924680.	[(62, 74, 'Водительское удостоверение')]	['13 57 924680']
Сайт банка не принимает мой СНИЛС 010-121-343 30 при оформлении заявки. В чем дело?	[(34, 48, 'СНИЛС клиента')]	['010-121-343 30']
Понял. Для идентификации, пожалуйста, назовите дату выдачи и код подразделения вашего паспорта.	[]	[]
Банк изменил дизайн карт. Моя старая карта TIMOFEY FILIPPOV. Могу ли я получить новую с тем же именем?	[(43, 59, 'Имя держателя карты')]	['TIMOFEY FILIPPOV']
Если срок действия документа не истёк, то сканирование не требуется. Главное, чтобы он был действителен.	[]	[]
Я потерял паспорт гражданина Таджикистана. Как мне теперь пользоваться банковскими услугами?	[(29, 41, 'Гражданство и названия стран')]	['Таджикистана']
Сменился директор в нашей компании. Наш ИНН 3701234567. Какие документы нужно предоставить для обновления данных?	[(44, 54, 'Сведения об ИНН')]	['3701234567']
Вам необходимо предоставить нам новое разрешение 79 1234567 как можно скорее, чтобы избежать блокировки счёта.	[(49, 59, 'Разрешение на работу / визу')]	['79 1234567']
Ошибка будет исправлена. Место рождения изменится с «Краснодар» на «Сочи».	[(53, 62, 'Место рождения'), (68, 72, 'Место рождения')]	['Краснодар', 'Сочи']
Мне нужно получить справку о закрытии счета в Ситибанке. Как это сделать?	[(46, 55, 'Наименование банка')]	['Ситибанке']
Мой адрес проживания изменился. Теперь это: Свердловская область, город Екатеринбург, проспект Ленина, дом 25, строение 2.	[(44, 64, 'Полный адрес'), (66, 84, 'Полный адрес'), (86, 101, 'Полный адрес'), (103, 109, 'Полный адрес'), (111, 121, 'Полный адрес')]	['Свердловская область', 'город Екатеринбург', 'проспект Ленина', 'дом 25', 'строение 2']
Терминал в магазине выдал ошибку, показав на экране: 4987654321098765=24102010000012345678.	[(53, 90, 'Содержимое магнитной полосы')]	['4987654321098765=24102010000012345678']
Если ваша карта действительна до 04/24, то скоро она будет перевыпущена. Лучше обновить данные уже новой картой.	[(33, 38, 'Дата окончания срока действия карты')]	['04/24']
Да, это указывает на проблему с магнитной полосой. Попробуйте оплатить чипом или бесконтактно, если это возможно.	[]	[]
Мое разрешение 68 7890123 действует еще год. Почему мне отказали в выдаче кредитной карты?	[(15, 25, 'Разрешение на работу / визу')]	['68 7890123']
Я пытаюсь изменить лимит по карте, но система требует данные разрешения 60 1231234. Это обязательно?	[(72, 82, 'Разрешение на работу / визу')]	['60 1231234']
Для отключения СМС-информирования для номера +79251234567, вы можете воспользоваться мобильным приложением или обратиться в отделение банка.	[(45, 57, 'Номер телефона')]	['+79251234567']
Подскажите, пожалуйста, до какого числа действительна моя кредитная карта? Я помню, что вроде бы до 11/26, но не уверен.	[(100, 105, 'Дата окончания срока действия карты')]	['11/26']
Получил код 905472, но ввёл его через несколько минут — теперь пишет, что истёк срок действия.	[(12, 18, 'Одноразовые коды')]	['905472']
Это странно. Давайте проверим информацию по вашей учетной записи и устраним эту проблему.	[]	[]
Мне не привезли карту по адресу: Волгоград, Центральный район, проспект Ленина, дом 25, корпус 2. Курьер не дозвонился.	[(33, 42, 'Полный адрес'), (44, 61, 'Полный адрес'), (63, 78, 'Полный адрес'), (80, 86, 'Полный адрес'), (88, 96, 'Полный адрес')]	['Волгоград', 'Центральный район', 'проспект Ленина', 'дом 25', 'корпус 2']
После смены тарифа, свидетельство о рождении VI-ЦЦ 678901 перестало отображаться корректно в профиле.	[(45, 57, 'Свидетельство о рождении')]	['VI-ЦЦ 678901']
Вы можете установить кодовое слово через мобильное приложение или интернет-банк в разделе настроек безопасности.	[]	[]
Моему ребёнку нужна карта, но у него нет разрешения на работу 78 9012345. Как быть?	[(62, 72, 'Разрешение на работу / визу')]	['78 9012345']
Проверьте, пожалуйста, все ли поля формы заполнены корректно. Возможно, ошибка не в номере документа.	[]	[]
У меня вопрос по налоговым отчислениям, связанным с операциями по счету 40817810400000000000.	[(72, 92, 'Номер банковского счета')]	['40817810400000000000']
Я открывал счет по временному удостоверению 987654321098. Сейчас мне нужна выписка за год. Как ее получить?	[(44, 56, 'Временное удостоверение личности')]	['987654321098']
Для Audi A4 2017 года примерная рыночная стоимость составляет 2,5 миллиона рублей. Могу предоставить подробную выписку.	[(4, 8, 'Данные об автомобиле клиента'), (9, 11, 'Данные об автомобиле клиента'), (12, 16, 'Данные об автомобиле клиента')]	['Audi', 'A4', '2017']
Я беспокоюсь за безопасность. В истории операций увидел фрагмент Track 1: %B5213456789012345^POPOVA/MARIYA^29025011234567890123?. Могли ли мои данные украсть?	[(74, 128, 'Содержимое магнитной полосы')]	['%B5213456789012345^POPOVA/MARIYA^29025011234567890123?']
Граждане Кыргызстана могут подать заявку на кредит наличными, но условия будут зависеть от срока регистрации и подтверждения дохода.	[(9, 20, 'Гражданство и названия стран')]	['Кыргызстана']
Номер кузова WDB2040001A123457 принят для оценки. Мы свяжемся с вами после расчетов.	[(13, 30, 'Данные об автомобиле клиента')]	['WDB2040001A123457']
Я переехал и теперь зарегистрирован с 08.08.2023. Как мне обновить адрес в вашем банке?	[(38, 48, 'Дата регистрации по месту жительства или пребывания')]	['08.08.2023']
Да, рекомендуем обновить данные за несколько месяцев до истечения срока, чтобы избежать блокировок.	[]	[]
Для восстановления доступа к интернет-банку потребуется подтверждение личности. Водительское удостоверение 27 75 000030 подойдет для верификации вашей учетной записи.	[(107, 119, 'Водительское удостоверение')]	['27 75 000030']
Моя дата рождения 19.05.1988. Хочу убедиться, что она корректно отображается в моих данных.	[(18, 28, 'Дата рождения')]	['19.05.1988']
Конечно. Ваш расчетный счет 40702810900005763567. Вы также можете найти его в интернет-банке в разделе «Мои счета».	[(28, 48, 'Данные об организации/юридическом лице (ИНН, КПП, ОГРН, БИК, адреса, расчётный счёт)')]	['40702810900005763567']
Моя карта истекает в 02/27, но я хочу поменять её дизайн. Могу ли я сделать это при перевыпуске?	[(21, 26, 'Дата окончания срока действия карты')]	['02/27']
Попробуйте ввести дату без точек, например, 05 03 1985. Если не поможет, обратитесь в поддержку.	[(44, 54, 'Водительское удостоверение')]	['05 03 1985']
Уточните, пожалуйста, корректность введённого ИНН 7718978149 и попробуйте снова. Возможно, произошла опечатка или данные устарели. Это очень важный вопрос для нас, требующий быстрого решения.	[(50, 60, 'Данные об организации/юридическом лице (ИНН, КПП, ОГРН, БИК, адреса, расчётный счёт)')]	['7718978149']
Проверьте баланс вашей карты, с которой списывались средства. Возможно, на момент списания было недостаточно денег для платежа на +7 (912) 654-32-10.	[(130, 148, 'Номер телефона')]	['+7 (912) 654-32-10']
Ошибка 'invalid signature' обычно означает, что токен был изменен или подписан неверным ключом. Перевыпустите его.	[]	[]
Восстановление ПИН-кода невозможно. Вы можете заказать перевыпуск карты с доставкой или сменить ПИН в банкомате, если найдете наш в другой стране.	[]	[]
Я хочу узнать, как получить справку о доходах для Банка Центр-инвест. Мне она нужна для визы.	[(50, 68, 'Наименование банка')]	['Банка Центр-инвест']
Я ввел ПИН 8585 в терминале оплаты, но операция отклонилась. Карта активна.	[(11, 15, 'ПИН код')]	['8585']
"Проверьте, пожалуйста, остальные данные. Возможно, проблема не связана с местом рождения ""Чебоксары""."	[(90, 99, 'Место рождения')]	['Чебоксары']
"Вы можете добавить нового получателя в разделе ""Переводы"" мобильного приложения. Потребуются его банковские реквизиты."	[]	[]
Могу ли я изменить лимиты по карте, предъявив временное удостоверение серии ЛМ56789012?	[(76, 86, 'Временное удостоверение личности')]	['ЛМ56789012']
Добрый день. Мне нужно обновить данные по моему разрешению на работу 19 6785901, оно было продлено на новый срок. Как мне это сделать?	[(69, 79, 'Разрешение на работу / визу')]	['19 6785901']
Я ввел ПИН 5858 в банкомате, но он не выдал деньги и не вернул карту. Что случилось?	[(11, 15, 'ПИН код')]	['5858']
Хочу открыть новый инвестиционный продукт. Мой ИНН 771912345678. Нужны ли еще документы?	[(51, 63, 'Сведения об ИНН')]	['771912345678']
Документы должны быть готовы к выдаче в течение пяти рабочих дней. Пожалуйста, ожидайте звонка от нашего сотрудника для согласования времени получения.	[]	[]
Это проблема с магнитной полосой. Попробуйте оплатить чипом или бесконтактно. Если не поможет, потребуется перевыпуск карты.	[]	[]
У меня виза 84 3344557. Могу ли я получить консультацию по открытию брокерского счета?	[(12, 22, 'Разрешение на работу / визу')]	['84 3344557']
Мне пришло два кода: 445566 и 778899. Какой из них использовать для подтверждения операции?	[(21, 27, 'Одноразовые коды'), (30, 36, 'Одноразовые коды')]	['445566', '778899']
Я хочу установить новый пароль для своего личного кабинета, например, NewPass_Secure!.	[(70, 85, 'Пароли')]	['NewPass_Secure!']
Я зарегистрирован по месту пребывания с 12.04.2017. Могу ли я открыть вклад в вашем банке?	[(40, 50, 'Дата регистрации по месту жительства или пребывания')]	['12.04.2017']
Хочу сменить тарифный план. Для подтверждения операции используется СНИЛС 222-333-444 23. Это безопасно?	[(74, 88, 'СНИЛС клиента')]	['222-333-444 23']
Немедленно заблокируйте карту VIKTOR SHIROKOV через мобильное приложение или по телефону горячей линии. Мы можем организовать экстренную выдачу наличных.	[(30, 45, 'Имя держателя карты')]	['VIKTOR SHIROKOV']
Для изменения контактных данных требуется подтверждение. Если вы не помните пароль, вам придется посетить отделение с паспортом.	[]	[]
Для оформления депозита по ИНН 7735000001 нам потребуется заполнить анкету. Могу отправить её вам на почту.	[(31, 41, 'Сведения об ИНН')]	['7735000001']
Это данные магнитной полосы. Похоже, она повреждена, попробуйте оплатить чипом или бесконтактно.	[]	[]
Хочу отправить деньги другу в Казахстан. Какая комиссия за перевод и какие данные мне нужны?	[(30, 39, 'Гражданство и названия стран')]	['Казахстан']
Да, вы можете настроить автоплатеж в разделе «Платежи и переводы» в личном кабинете. Это займет всего несколько минут.	[]	[]
Мне нужно подтвердить операцию, но система запрашивает вид на жительство 83/1112233. Это нормально?	[(73, 83, 'Серия и номер вида на жительство')]	['83/1112233']
Я переводил деньги на имя Саргсян Арама, но они так и не дошли до получателя. Проверьте, пожалуйста, статус операции.	[(26, 33, 'ФИО'), (34, 39, 'ФИО')]	['Саргсян', 'Арама']
У меня регистрация от 20.06.2018. При попытке перевода через СБП возникла ошибка. Это как-то связано?	[(22, 32, 'Дата регистрации по месту жительства или пребывания')]	['20.06.2018']
Да, дата регистрации не является препятствием. Важны другие факторы, такие как стаж работы и доход.	[]	[]
Убедитесь, что токен eyJhbGciOiJIUzI1NiIsInR5cCI6IkpXVCJ9.eyJzdWIiOiI1MDk0MDYwNDQ1IiwibmFtZSI6ItCh0LXRiNC00L4g0JzQvtGC0L7QstCw0L0iLCJpYXQiOjE1MTY0Njg4OTgsImV4cCI6MTY0NjA3NDU1Nn0.2-x_8-x_5-x-6-w-5-z-3-x-1-y-2-z-0-x-8-x_0-w-7-z-8-y-8-w-2-y-4-z-5-y-2-x был сгенерирован с правильными параметрами и для той же среды, что и ваш запрос.	[(21, 249, 'API ключи')]	['eyJhbGciOiJIUzI1NiIsInR5cCI6IkpXVCJ9.eyJzdWIiOiI1MDk0MDYwNDQ1IiwibmFtZSI6ItCh0LXRiNC00L4g0JzQvtGC0L7QstCw0L0iLCJpYXQiOjE1MTY0Njg4OTgsImV4cCI6MTY0NjA3NDU1Nn0.2-x_8-x_5-x-6-w-5-z-3-x-1-y-2-z-0-x-8-x_0-w-7-z-8-y-8-w-2-y-4-z-5-y-2-x']
Вам потребуется запросить новый временный пароль или пройти процедуру восстановления основного пароля заново.	[]	[]
У нашей компании с ИНН 7716664975 возникли вопросы по налоговым отчислениям. Можете помочь с формированием выписки?	[(23, 33, 'Сведения об ИНН')]	['7716664975']
Убедитесь, что срок действия карты не истёк, и вы правильно вводите все данные, включая CVV-код.	[]	[]
Да, вижу это уведомление. Вы можете продлить bk_api_key_ZYXW9V8U7T6S5R4Q3P2O1N0M в личном кабинете или я могу помочь вам с этим.	[(45, 80, 'API ключи')]	['bk_api_key_ZYXW9V8U7T6S5R4Q3P2O1N0M']
Какая информация хранится на чипе по сравнению с магнитной полосой? Например, данные EMV 82021400?	[(89, 97, 'Содержимое магнитной полосы')]	['82021400']
Иногда бывают задержки в доставке SMS. Важно, чтобы код был использован в течение срока действия.	[]	[]
Вы можете получить консультацию по рефинансированию в любом отделении ОТП Банка или по телефону.	[(70, 79, 'Наименование банка')]	['ОТП Банка']
При перевыпуске карты из-за блокировки, срок действия 04/28 не сохраняется. Новая карта получит новый срок.	[(54, 59, 'Дата окончания срока действия карты')]	['04/28']
Справка будет готова в течение одного рабочего дня. Мы отправим ее курьером по указанному адресу.	[]	[]
Мне нужна справка о доходах для визы. У меня прописан адрес: Нижний Новгород, улица Большая Покровская, дом 34, квартира 7.	[(61, 76, 'Полный адрес'), (78, 102, 'Полный адрес'), (104, 110, 'Полный адрес'), (112, 122, 'Полный адрес')]	['Нижний Новгород', 'улица Большая Покровская', 'дом 34', 'квартира 7']
Да, граждане Кыргызстана могут открыть инвестиционный счет. Потребуются стандартные документы и подтверждение налогового резидентства.	[(13, 24, 'Гражданство и названия стран')]	['Кыргызстана']
Да, подтверждаем, VIN W0L00003550000000 для Opel Corsa успешно внесен в нашу базу.	[(22, 39, 'Данные об автомобиле клиента'), (44, 48, 'Данные об автомобиле клиента'), (49, 54, 'Данные об автомобиле клиента')]	['W0L00003550000000', 'Opel', 'Corsa']
Мы проверим статус вашей заявки по номеру временного удостоверения. Ожидайте ответа в течение рабочего дня.	[]	[]
Да, для вашей безопасности рекомендуем сразу же изменить временный пароль на постоянный после первого входа в систему.	[]	[]
Проверьте, пожалуйста, корректность ввода всех данных карты, включая срок действия и CVC-код. Повторите попытку позже.	[]	[]
Вы можете восстановить пароль через форму на сайте, указав номер карты и дату рождения. Следуйте инструкциям.	[]	[]
Для подтверждения списания средств по подписке обычно достаточно СМС-кода. Кодовое слово может быть запрошено в спорных ситуациях.	[]	[]
Могу ли я получить зарплатную карту, если у меня только вид на жительство 82№1000033?	[(74, 84, 'Серия и номер вида на жительство')]	['82№1000033']
Забыл кодовое слово Венера. Можно ли его подсказать по телефону, если я назову паспортные данные?	[(20, 26, 'Кодовые слова')]	['Венера']
Для получения официального подтверждения перевода из Сбербанка вам необходимо обратиться непосредственно в Сбербанк.	[(53, 62, 'Наименование банка')]	['Сбербанка']
У меня загранпаспорт, он действует до 20 декабря 2026 года. Этого хватит для поездки в Европу?	[(38, 58, 'Паспортные данные')]	['20 декабря 2026 года']
Ни в коем случае не сообщайте никому CVV 818. Этот код предназначен только для подтверждения ваших собственных онлайн-покупок. Для перевода достаточно номера карты.	[(41, 44, 'CVV/CVC')]	['818']
Да, подтверждаем, данные по двигателю K20A-789012 и шасси JHMDC512345678901 для Honda Civic успешно внесены.	[(38, 49, 'Данные об автомобиле клиента'), (58, 75, 'Данные об автомобиле клиента'), (80, 85, 'Данные об автомобиле клиента'), (86, 91, 'Данные об автомобиле клиента')]	['K20A-789012', 'JHMDC512345678901', 'Honda', 'Civic']
Для таких операций требуется полная идентификация, возможно, данные устарели. Мы поможем вам в этом вопросе.	[]	[]
Моё кодовое слово Камень не проходит проверку при звонке в колл-центр. Что не так?	[(18, 24, 'Кодовые слова')]	['Камень']
Могу ли я использовать свой пароль MyPassword_Bank для входа в банкомат?	[(35, 50, 'Пароли')]	['MyPassword_Bank']
Здравствуйте, мне нужно узнать реквизиты для перевода зарплаты из Сбербанка.	[(66, 75, 'Наименование банка')]	['Сбербанка']
Да, доступ к некоторым услугам может быть ограничен, если срок действия разрешения 66 1239456 подходит к концу. Обновите его, пожалуйста.	[(83, 93, 'Разрешение на работу / визу')]	['66 1239456']
Мне нужна выписка для организации с ИНН 7711462002 за прошлый месяц. Где её запросить?	[(40, 50, 'Данные об организации/юридическом лице (ИНН, КПП, ОГРН, БИК, адреса, расчётный счёт)')]	['7711462002']
"Мне нужно подтвердить ОГРН нашей компании ЗАО ""Гамма"" для налоговой. Наш ОГРН 1027700000001."	[(78, 91, 'Данные об организации/юридическом лице (ИНН, КПП, ОГРН, БИК, адреса, расчётный счёт)')]	['1027700000001']
Я сменил гражданство, и мой новый вид на жительство 83 6786789. Как мне обновить данные в банке?	[(52, 62, 'Серия и номер вида на жительство')]	['83 6786789']
Мне нужно обновить данные в банке, так как я получил постоянный паспорт. Раньше использовал временное удостоверение 84666993.	[(116, 124, 'Временное удостоверение личности')]	['84666993']
Возможно, это временный сбой банкомата или превышен суточный лимит. Попробуйте снять наличные в другом банкомате или проверьте лимиты.	[]	[]
Мой год рождения 1950. Мне предлагают открыть пенсионный вклад.	[(17, 21, 'Дата рождения')]	['1950']
Чтобы проверить информацию по карте 4712345678901234, мне потребуется подтвердить вашу личность. Будьте готовы назвать кодовое слово.	[(36, 52, 'Номер карты')]	['4712345678901234']
Хочу узнать, не было ли подозрительных операций по счету моей компании, ИНН 7806152864, за последний месяц.	[(76, 86, 'Сведения об ИНН')]	['7806152864']
Можно ли получать уведомления о погашении кредита на отдельный адрес, например, svetlana.kozina@outlook.com?	[(80, 107, 'Email')]	['svetlana.kozina@outlook.com']
Срок рассмотрения спорных операций до 30 дней. Я проверю статус вашего запроса и уточню, когда можно ожидать ответ на irina.vasilieva@yahoo.com.	[(118, 143, 'Email')]	['irina.vasilieva@yahoo.com']
Хочу узнать условия по вкладам. У меня есть только временное удостоверение серии СТ89012345.	[(81, 91, 'Временное удостоверение личности')]	['СТ89012345']
Система требует ввести пароль для подтверждения каждой операции. Это обязательно?	[]	[]
Для получения информации о тарифах, связанных с водительским удостоверением 69 49 000017, пожалуйста, уточните ваш регион проживания. Тарифы могут отличаться.	[(76, 88, 'Водительское удостоверение')]	['69 49 000017']
Я родился в октябре, 20 числа. В личном кабинете указано 21 октября.	[(12, 19, 'Дата рождения'), (21, 23, 'Дата рождения'), (57, 59, 'Дата рождения'), (60, 67, 'Дата рождения')]	['октябре', '20', '21', 'октября']
Да, граждане Швейцарии могут оформить доверенность на управление счётом, но потребуется личное присутствие и нотариально заверенные документы.	[(13, 22, 'Гражданство и названия стран')]	['Швейцарии']
Мне нужно срочно узнать, на какой номер привязан мой зарплатный счет.	[]	[]
Возможно, произошла ошибка в номере телефона. Уточните, пожалуйста, ваш номер для проверки.	[]	[]
Необходимо обновить номер телефона в системе. Это можно сделать в отделении банка или через онлайн-чат.	[]	[]
Имя держателя карты всегда соответствует данным основного владельца счета. Для детей выпускаются дополнительные карты.	[]	[]
Мне пришло уведомление, что для новой карты нужен мой номер водительского. Это 9988776655.	[(79, 89, 'Водительское удостоверение')]	['9988776655']
Пыталась оплатить покупку онлайн, но платёж отклонили. Имя держателя ANNA SMIRNOVA вводила точно по карте.	[(69, 82, 'Имя держателя карты')]	['ANNA SMIRNOVA']
Да, это стандартная процедура безопасности. Введите имя точно так, как оно указано на лицевой стороне вашей карты.	[]	[]
Проверьте регистр букв в серии. Они должны быть заглавными, как указано в документе.	[]	[]
Проверьте лимиты по счёту. Возможно, превышен дневной лимит на операции или есть другие ограничения.	[]	[]
У меня закончился срок действия карты 5210987654321098. Она автоматически перевыпустится?	[(38, 54, 'Номер карты')]	['5210987654321098']
Не могу активировать новую карту. Звоню с номера 8-905-111-22-33, но система не узнает меня.	[(49, 64, 'Номер телефона')]	['8-905-111-22-33']
Доступ к дополнительным счетам осуществляется через основной личный кабинет. Если вы забыли пароль от основного, восстановите его.	[]	[]
Какой БИК банка используется для получения платежей из других стран? Мне нужен точный номер.	[]	[]
Проверьте, пожалуйста, все ли поля заполнены корректно. Возможно, ошибка в серии или номере.	[]	[]
Моё место рождения Рязань. При переводе средств через СБП, система запросила дополнительные данные. Это связано с местом рождения?	[(19, 25, 'Место рождения')]	['Рязань']
Да, для обновления токена Telegram Bot API вам нужно обратиться к @BotFather и сгенерировать новый. Затем обновите его в настройках бота.	[]	[]
Для SWIFT-перевода в Южную Корею потребуются полные реквизиты получателя, включая SWIFT-код банка и номер счета. Уточните их у получателя.	[(21, 32, 'Гражданство и названия стран')]	['Южную Корею']
Отлично, для привязки 89259876543 к СБП, пожалуйста, подтвердите действие в мобильном приложении. Это займет всего минуту.	[(22, 33, 'Номер телефона')]	['89259876543']
Хочу уточнить, почему не приходят уведомления о зарплате на карту Зайцевой Юлии. Раньше приходили.	[(66, 74, 'ФИО'), (75, 79, 'ФИО')]	['Зайцевой', 'Юлии']
Мой старый CVV был 692, а на новой карте другой. Это нормально?	[(19, 22, 'CVV/CVC')]	['692']
Моя машина 2016 года, VIN WDD2130001A987654. Можно ли рефинансировать автокредит?	[(11, 15, 'Данные об автомобиле клиента'), (26, 43, 'Данные об автомобиле клиента')]	['2016', 'WDD2130001A987654']
В форме онлайн-оплаты просят ввести дату окончания срока действия карты. У меня на карте написано 05/27, это правильно?	[(98, 103, 'Дата окончания срока действия карты')]	['05/27']
Мне нужно получить справку. Просят код подразделения 770-020. Где его найти?	[(53, 60, 'Паспортные данные')]	['770-020']
Моя карта не работает в магазине, терминал выдал ошибку Track 1: %B22222222222222^MOROZOV/ANDREY^23031200000000000000?.	[(65, 118, 'Содержимое магнитной полосы')]	['%B22222222222222^MOROZOV/ANDREY^23031200000000000000?']
Изменить лимит можно в личном кабинете или через оператора, подтвердив личность по документу.	[]	[]
Да, конечно. Я соберу всю необходимую информацию и отправлю на ваш электронный адрес.	[]	[]
Да, оплата налогов доступна в мобильном приложении. Выберите раздел 'Платежи', затем 'Налоги' и введите реквизиты.	[]	[]
При попытке перевыпуска карты просит свежие данные паспорта. Мой паспорт 4501 102030.	[(73, 84, 'Паспортные данные')]	['4501 102030']
"Моя компания ООО ""Прогресс"" с ИНН 5001001234 не получила платеж на расчётный счёт 40702810100000000001. Проверьте, пожалуйста."	[(34, 44, 'Данные об организации/юридическом лице (ИНН, КПП, ОГРН, БИК, адреса, расчётный счёт)'), (82, 102, 'Данные об организации/юридическом лице (ИНН, КПП, ОГРН, БИК, адреса, расчётный счёт)')]	['5001001234', '40702810100000000001']
Мы можем предоставить вам информацию о последних использованиях Client Secret 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7-z-3-x-2-z-0-w-8-w-3-w-2-y-0-y-1-w-5-z-3-y. Рекомендуем регулярно менять такие секреты.	[(78, 156, 'API ключи')]	['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7-z-3-x-2-z-0-w-8-w-3-w-2-y-0-y-1-w-5-z-3-y']
Могут возникнуть ограничения на проведение операций или блокировка счета до обновления данных.	[]	[]
Банковские системы обычно не требуют такой точности. Достаточно часов и минут, если это необходимо.	[]	[]
Мой год рождения 1982. Почему при попытке открыть новый счет, система требует ввести его дважды?	[(17, 21, 'Дата рождения')]	['1982']
Вам необходимо предоставить в банк новый СНИЛС и документ, подтверждающий его изменение. Это можно сделать в любом отделении.	[]	[]
Очень важно быть бдительным. Не открывайте подозрительные письма. Официальные уведомления от банка всегда приходят с адреса info@bank.ru.	[(124, 136, 'Email')]	['info@bank.ru']
При открытии счета я указывал дату регистрации 03.03.2013. Сейчас она актуальна?	[(47, 57, 'Дата регистрации по месту жительства или пребывания')]	['03.03.2013']
Заявка на выписку принята. Уточните, пожалуйста, удобное время для курьерской доставки по этому адресу.	[]	[]
Для чего банку может понадобиться мой СНИЛС 555-666-777 88 при открытии вклада?	[(44, 58, 'СНИЛС клиента')]	['555-666-777 88']
У меня в личном кабинете указана дата регистрации 21.03.2016. Это моя постоянная прописка.	[(50, 60, 'Дата регистрации по месту жительства или пребывания')]	['21.03.2016']
Почему мой перевод в ЮниКредит Банк задерживается уже третий день? Это нормально?	[(21, 35, 'Наименование банка')]	['ЮниКредит Банк']
Могу ли я оформить страхование для поездки в Мексику через ваш банк?	[(45, 52, 'Гражданство и названия стран')]	['Мексику']
Мне пришло уведомление о списании, а код 987654 для подтверждения операции пришёл только сейчас. Это нормально?	[(41, 47, 'Одноразовые коды')]	['987654']
Оформлял доверенность на бабушку для операций по детскому счету, указал свидетельство о рождении IX-ДЛ 607080, но она недействительна.	[(97, 109, 'Свидетельство о рождении')]	['IX-ДЛ 607080']
Приносим извинения за неудобства. Пожалуйста, оформите заявку на оспаривание операции.	[]	[]
Пожалуйста, проверьте формат ввода СНИЛС. Убедитесь, что все цифры и дефисы указаны верно.	[]	[]
Мой год рождения 1983. При оформлении заявки на карту система просит подтвердить его. Это нормально?	[(17, 21, 'Дата рождения')]	['1983']
Забыл кодовое слово, а мне нужно срочно снять крупную сумму в отделении. Кажется, «Ураган».	[(83, 89, 'Кодовые слова')]	['Ураган']
Хочу поменять свой старый ПИН-код 7890 на новый. Как это можно сделать через мобильное приложение?	[(34, 38, 'ПИН код')]	['7890']
Проверьте, пожалуйста, все ли поля формы заполнены корректно. Возможно, ошибка не в номере документа.	[]	[]
Для международных переводов с разрешением 88 1122334 могут потребоваться дополнительные документы. Уточните детали в чате или по телефону.	[(42, 52, 'Разрешение на работу / визу')]	['88 1122334']
Мой перевод в Тинькофф Банк не дошел до получателя. Куда обращаться?	[(14, 27, 'Наименование банка')]	['Тинькофф Банк']
Я гражданин Китая. Могу ли я получить банковскую карту без регистрации в России?	[(12, 17, 'Гражданство и названия стран'), (73, 79, 'Гражданство и названия стран')]	['Китая', 'России']
Если перевод ушел по ошибочному номеру, который не привязан к банку, деньги должны вернуться. Обратитесь в банк.	[]	[]
Нет, если карта заблокирована, никакие операции с использованием CVV 258 невозможны. Сначала необходимо разблокировать или перевыпустить карту.	[(69, 72, 'CVV/CVC')]	['258']
Мне нужна справка с БИК 044525225 и подтверждением почтового адреса 123456, г. Казань, ул. Баумана, д. 20, кв. 5.	[(24, 33, 'Данные об организации/юридическом лице (ИНН, КПП, ОГРН, БИК, адреса, расчётный счёт)'), (68, 105, 'Данные об организации/юридическом лице (ИНН, КПП, ОГРН, БИК, адреса, расчётный счёт)'), (107, 112, 'Данные об организации/юридическом лице (ИНН, КПП, ОГРН, БИК, адреса, расчётный счёт)')]	['044525225', '123456, г. Казань, ул. Баумана, д. 20', 'кв. 5']
Да, CVV-код (или CVC) обычно расположен на обратной стороне банковских карт, независимо от банка-эмитента. Это стандартное расположение.	[]	[]
Подскажите, почему я не могу открыть новый счет? У меня паспорт выдан 22 марта 2015 года органом Отделом УФМС России по г. Москве по району Тверской. Прошу помочь мне разобраться с этим.	[(70, 88, 'Паспортные данные'), (97, 148, 'Паспортные данные')]	['22 марта 2015 года', 'Отделом УФМС России по г. Москве по району Тверской']
Пожалуйста, переустановите приложение и попробуйте войти снова. Если код на +79031234567 не придет, свяжитесь с нами.	[(76, 88, 'Номер телефона')]	['+79031234567']
Я хочу подключить СМС-уведомления. При проверке данных просят СНИЛС 678-901-234 56. Это обязательно?	[(68, 82, 'СНИЛС клиента')]	['678-901-234 56']
Проверяем информацию по автоплатежу для белого автомобиля с госномером О789КМ199. Ожидайте, пожалуйста.	[(71, 80, 'Данные об автомобиле клиента')]	['О789КМ199']
Привязка нового домена для ключа 'web_app_key_domain_abc' осуществляется в настройках безопасности вашего API ключа. Укажите новый домен в списке разрешенных.	[(34, 56, 'API ключи')]	['web_app_key_domain_abc']
Я получил новую карту, но на ней срок действия 06/25. Старую нужно уничтожить?	[(47, 52, 'Дата окончания срока действия карты')]	['06/25']
Мой вид на жительство 83 1000002 скоро истекает, нужно ли мне приносить новый документ в банк заранее?	[(22, 32, 'Серия и номер вида на жительство')]	['83 1000002']
Я хочу отменить подписку, но сервис требует повторно ввести CVV 132. Это законно?	[(64, 67, 'CVV/CVC')]	['132']
Моя сестра, Сабина Курбанова, не получила свой перевод из другого банка. Можете помочь?	[(12, 18, 'ФИО'), (19, 28, 'ФИО')]	['Сабина', 'Курбанова']
Моя карта истекает в июле 2024. Мне нужно её перевыпустить для использования за границей?	[(21, 30, 'Дата окончания срока действия карты')]	['июле 2024']
Я хочу заказать новую карту, но мне отказали из-за неактуальных данных вида на жительство 82№1000049. Что мне делать?	[(90, 100, 'Серия и номер вида на жительство')]	['82№1000049']
Дата регистрации с 23 октября 2017 года не влияет напрямую на лимиты по карте. Лимиты зависят от типа карты и вашего дохода.	[(17, 39, 'Дата регистрации по месту жительства или пребывания')]	['с 23 октября 2017 года']
Моему ребенку открываем счет. Нужен ли его СНИЛС 901-234-567 89 для этого?	[(49, 63, 'СНИЛС клиента')]	['901-234-567 89']
У меня изменилась фамилия. Хочу продлить срок действия свои данные. Мой новый ВУ 01 23 456789.	[(81, 93, 'Водительское удостоверение')]	['01 23 456789']
Ваш запрос обрабатывается. Вся информация будет проверена в ближайшее время, пожалуйста, подождите.	[]	[]
При попытке оформить кредит, система не принимает мой СНИЛС 676-898-010 70. Что делать?	[(60, 74, 'СНИЛС клиента')]	['676-898-010 70']
Возможно, произошла техническая ошибка, попробуйте еще раз или обратитесь к специалисту. Мы поможем вам в этом вопросе.	[]	[]
После первого входа с временным паролем система автоматически предложит вам установить постоянный. Следуйте инструкциям на экране.	[]	[]
Данные по зеленому цвету и номеру двигателя 1ZR-FE-345678 обновлены в вашей учетной записи.	[(44, 57, 'Данные об автомобиле клиента')]	['1ZR-FE-345678']
Это может быть ошибка. СНИЛС не устаревает. Возможно, речь идет о других персональных данных.	[]	[]
Мне пришло СМС, что кто-то пытался изменить ПИН 1020 моей карты. Я не делал никаких запросов.	[(48, 52, 'ПИН код')]	['1020']
Хочу оформить дебетовую карту, но у меня пока только временное удостоверение личности РВ12891320. Могу ли я это сделать?	[(86, 96, 'Временное удостоверение личности')]	['РВ12891320']
Моя карта 5333454567678989 была украдена. Прошу срочно заблокировать ее и предотвратить любые операции.	[(10, 26, 'Номер карты')]	['5333454567678989']
Могу подтвердить, что такие уведомления рассылаются. Для полной уверенности могу проверить информацию по вашей карте.	[]	[]
Хочу изменить лимит на онлайн-переводы. Я регистрировался с временным удостоверением ТФ45678901.	[(85, 95, 'Временное удостоверение личности')]	['ТФ45678901']
Мне пришло уведомление о подозрительной активности по счету Садыковой Карины. Что это значит?	[(60, 69, 'ФИО'), (70, 76, 'ФИО')]	['Садыковой', 'Карины']
Вы можете отслеживать траты по детской карте в родительском кабинете мобильного приложения. Там же можно настроить лимиты.	[]	[]
Почему-то не могу войти в интернет-банк, пишет, что мой логин, то есть e-mail user@domain.com, не найден.	[(78, 93, 'Email')]	['user@domain.com']
"У нас изменился юридический адрес на г. Москва, ул. Тверская, д. 10. Нужно ли обновить данные в банке для АО ""Альфа""?"	[(37, 67, 'Данные об организации/юридическом лице (ИНН, КПП, ОГРН, БИК, адреса, расчётный счёт)')]	['г. Москва, ул. Тверская, д. 10']
Перейдите в раздел 'Платежи', затем 'Автоплатежи' и выберите нужную услугу. Там вы сможете привязать свою карту.	[]	[]
Моя карта истекла, и мне выдали новую. Старый CVV был 474. Новый будет таким же?	[(54, 57, 'CVV/CVC')]	['474']
Да, я могу сформировать справку и отправить её на ваш электронный адрес в течение часа.	[]	[]
Я немедленно заблокирую ваш счет. Пожалуйста, оставайтесь на линии, чтобы мы могли оформить заявление о мошенничестве.	[]	[]
Вы можете заказать выписку в мобильном приложении или в любом отделении банка. Она будет готова в течение нескольких минут.	[]	[]
Пожалуйста, уточните, какую именно ошибку вы видите на экране. Это поможет нам быстрее решить проблему.	[]	[]
Да, переводы в Аргентину доступны через наше мобильное приложение. Выберите международный перевод и укажите реквизиты получателя.	[(15, 24, 'Гражданство и названия стран')]	['Аргентину']
Нет, смена дизайна не повлияет на срок действия. Новая карта также будет действительна до 07.26.	[(90, 95, 'Дата окончания срока действия карты')]	['07.26']
В вашей кредитной истории для автомобиля указан номер шасси VSSJA20A800123457. Все верно.	[(60, 77, 'Данные об автомобиле клиента')]	['VSSJA20A800123457']
Бот для информирования о лимитах по картам перестал работать. Токен 3344556677:FFFFFFFFFFFFFFFFFFFFFFFFFFFFFFFFFFFFFFFFFFF не функционирует.	[(68, 122, 'API ключи')]	['3344556677:FFFFFFFFFFFFFFFFFFFFFFFFFFFFFFFFFFFFFFFFFFF']
Пожалуйста, не отвечайте на это СМС. Это мошенники. Мы не блокируем карты без предварительного уведомления. Проверьте баланс через мобильный банк, если номер +7 (942) 678-90-12 ваш.	[(158, 176, 'Номер телефона')]	['+7 (942) 678-90-12']
Мне нужно узнать, где на виртуальной карте посмотреть CVV 147?	[(58, 61, 'CVV/CVC')]	['147']
Хочу оформить автоплатеж за коммунальные услуги. Нужно ли указывать водительское удостоверение 01 70 000031 при оформлении?	[(95, 107, 'Водительское удостоверение')]	['01 70 000031']
Проверьте, пожалуйста, правильность номера телефона получателя. Иногда задержки могут быть связаны с техническими работами или лимитами.	[]	[]
Я хочу проверить надёжность контрагента по ИНН 7724186599. Можете помочь?	[(47, 57, 'Данные об организации/юридическом лице (ИНН, КПП, ОГРН, БИК, адреса, расчётный счёт)')]	['7724186599']
Я не могу найти свой API ключ 'auth_token_prod_xyz' для подключения к системе СБП. Где он должен отображаться?	[(31, 50, 'API ключи')]	['auth_token_prod_xyz']
Если вы отменяете подписку на официальном сайте сервиса, это может быть стандартная процедура. Убедитесь, что сайт подлинный и защищён.	[]	[]
Я случайно ввёл CVV 111 на фишинговом сайте. Что мне делать, чтобы защитить свои деньги?	[(20, 23, 'CVV/CVC')]	['111']
Пожалуйста, убедитесь, что вы используете актуальный номер свидетельства. Возможно, есть более новый документ.	[]	[]
Загрузите, пожалуйста, в систему номер двигателя M111-987654 и номер шасси WDB2020001A987654.	[(49, 60, 'Данные об автомобиле клиента'), (75, 92, 'Данные об автомобиле клиента')]	['M111-987654', 'WDB2020001A987654']
Без ПИН-кода снять наличные в банкомате невозможно. Вы можете воспользоваться бесконтактной оплатой, если это возможно, или перевести средства.	[]	[]
Кодовое слово обычно сохраняется при перевыпуске карты. Для уверенности вы можете его проверить или сменить.	[]	[]
Мне пришло уведомление о смене настроек, но я ничего не менял. Это требует кодового слова «Юпитер»?	[(91, 97, 'Кодовые слова')]	['Юпитер']
Это предупреждение. Рекомендуем обновить данные заранее, чтобы избежать возможных ограничений по операциям.	[]	[]
Это нормально, что место рождения указано как Самара, а не полный адрес?	[(46, 52, 'Место рождения')]	['Самара']
Вчера мне звонили из банка и просили кодовое слово «Озеро». Это нормально?	[(52, 57, 'Кодовые слова')]	['Озеро']
У меня проблема с интеграцией через SBP. Может ли это быть связано с API ключом API_SBP_PAYMENT_ID?	[(80, 98, 'API ключи')]	['API_SBP_PAYMENT_ID']
Используйте сложные пароли, не передавайте данные карты третьим лицам и проверяйте адрес сайта перед оплатой.	[]	[]
Банк запрашивает VIN автомобиля для проверки данных. Мой VIN WBAJG21030A123456.	[(61, 78, 'Данные об автомобиле клиента')]	['WBAJG21030A123456']
Да, можете. Дата регистрации не влияет на возможность оформления овердрафта, важна ваша платежеспособность.	[]	[]
В июле я родился, примерно в 15 часов. Забыл год, могу ли я получить выписку без него?	[(2, 6, 'Дата рождения'), (29, 31, 'Дата рождения')]	['июле', '15']
Да, вы можете открыть дополнительный счет. После 22 июля обновите информацию, если регистрация продлена.	[]	[]
Какие именно документы вам требуются? Мы можем подготовить справку о состоянии счета или выписку с указанием вашего адреса.	[]	[]
Да, для открытия брокерского счета и идентификации инвестора СНИЛС является обязательным документом.	[]	[]
Конечно, могу отправить. Уточните, пожалуйста, номер договора или дату его заключения, чтобы я мог найти нужный документ.	[]	[]
Моё место рождения Владивосток. В банкомате при запросе выписки, он попросил ввести место рождения. Это странно.	[(19, 30, 'Место рождения')]	['Владивосток']
Какой беспроцентный период по моей кредитной карте 4276 9876 5432 1098? Хочу уточнить условия.	[(51, 70, 'Номер карты')]	['4276 9876 5432 1098']
Как банк использует EMV-данные, например 9F0206000000001000, при обработке транзакций?	[(41, 59, 'Содержимое магнитной полосы')]	['9F0206000000001000']
Хорошо, мы внесем изменения. Подскажите, это адрес регистрации или фактического проживания?	[]	[]
Могу ли я оформить страховку через банк, если у меня временное удостоверение АБ12345678?	[(77, 87, 'Временное удостоверение личности')]	['АБ12345678']
Увидел вашу акцию для автомобилистов. Мой номер водительского удостоверения 6543 210987. Могу ли я участвовать?	[(76, 87, 'Водительское удостоверение')]	['6543 210987']
Рекомендуем заблокировать карту через интернет-банк или по телефону. Также смените пароли от всех финансовых приложений.	[]	[]
Да, конечно. Все паспорта, выданные органами МВД, являются действительными документами.	[]	[]
Я оплатил счёт на 40702810884976472491, но деньги не пришли. Помогите разобраться.	[(18, 38, 'Номер банковского счета')]	['40702810884976472491']
Нет, достаточно указать ИНН 860123456789, система автоматически проверит данные через ФНС.	[(28, 40, 'Сведения об ИНН')]	['860123456789']
Вижу, что вы достигли лимита по 1a2b3c4d5e6f7a8b9c0d1e2f3a4b5c6d7e8f9a0b1c2d3e4f5a6b7c8d9e0f1a2b. Для увеличения лимита потребуется рассмотреть ваш тарифный план.	[(32, 96, 'API ключи')]	['1a2b3c4d5e6f7a8b9c0d1e2f3a4b5c6d7e8f9a0b1c2d3e4f5a6b7c8d9e0f1a2b']
Для регистрации нужен новый уникальный код. Пожалуйста, запросите его через приложение.	[]	[]
Для смены кодового слова вам необходимо обратиться в отделение банка с паспортом. Это обязательное условие.	[]	[]
Почему при пополнении детской карты через сторонний банк, требуется свидетельство XLIII-ЦЧ 890123?	[(82, 97, 'Свидетельство о рождении')]	['XLIII-ЦЧ 890123']
Да, это абсолютно нормально. При перевыпуске карты всегда генерируется новый уникальный CVV-код 134.	[(96, 99, 'CVV/CVC')]	['134']
У меня вопрос по лимитам использования для API ключа API_REPORTING_SERVICE_KEY. Могу я их увеличить?	[(53, 78, 'API ключи')]	['API_REPORTING_SERVICE_KEY']
Заблокировали карту Хоум Кредит Банка после подозрительной операции. Что делать?	[(20, 37, 'Наименование банка')]	['Хоум Кредит Банка']
У меня не получается активировать новую карту 4111222233334444 через мобильное приложение. Помогите, пожалуйста.	[(46, 62, 'Номер карты')]	['4111222233334444']
Вы можете заблокировать утерянную карту через приложение. Временную карту можно оформить в ближайшем отделении банка.	[]	[]
Да, мы видим этот адрес в вашей заявке. Для подтверждения, пожалуйста, назовите кодовое слово.	[]	[]
Хочу отменить перевод, который был отправлен на имя Оруджева Расула вчера вечером. Это возможно?	[(52, 60, 'ФИО'), (61, 67, 'ФИО')]	['Оруджева', 'Расула']
Я гражданин ОАЭ. Могу ли я открыть премиальный счёт в вашем банке?	[(12, 15, 'Гражданство и названия стран')]	['ОАЭ']
Да, оформление страхового полиса возможно. Обратитесь к нашему специалисту по страхованию в офисе.	[]	[]
Я забыл своё кодовое слово, кажется, это было «Атлант». Могу я его восстановить или задать новое?	[(47, 53, 'Кодовые слова')]	['Атлант']
Мне нужно повторно отправить справку о доходах на почту income.proof@gmail.com. Можете помочь?	[(56, 78, 'Email')]	['income.proof@gmail.com']
Я хочу узнать, как получить выписку по счёту за прошлый год, если я перешёл к вам из ВТБ недавно.	[(85, 88, 'Наименование банка')]	['ВТБ']
Некоторые онлайн-магазины требуют имя держателя карты для верификации. Введите его точно так, как на вашей карте.	[]	[]
Да, граждане Франции могут открыть счёт для международных переводов. Потребуются стандартные документы и подтверждение права на пребывание.	[(13, 20, 'Гражданство и названия стран')]	['Франции']
Пришло уведомление, что моя виза 71 5566778 недействительна. Это какая-то ошибка, она действует еще полгода.	[(33, 43, 'Разрешение на работу / визу')]	['71 5566778']
При заполнении анкеты на кредит, моё место рождения, Мурманск, отображается как Мурманская область.	[(53, 61, 'Место рождения'), (80, 98, 'Место рождения')]	['Мурманск', 'Мурманская область']
Понял вас. Для верификации, пожалуйста, назовите полностью номер 7788 990011. Это займет минуту.	[(65, 76, 'Водительское удостоверение')]	['7788 990011']
Подскажите, пожалуйста, как я могу активировать услугу с помощью водительского удостоверения 56 78 901234?	[(93, 105, 'Водительское удостоверение')]	['56 78 901234']
Я зарегистрирован с 21.07.2021. Могу ли я открыть счет для бизнеса в вашем банке?	[(20, 30, 'Дата регистрации по месту жительства или пребывания')]	['21.07.2021']
Принесите новый СНИЛС и паспорт в любое отделение банка. Мы актуализируем ваши данные в системе.	[]	[]
Мой паспорт выдан Отделом УФМС России по району Измайлово г. Москвы. Это полный текст для анкеты?	[(18, 67, 'Паспортные данные')]	['Отделом УФМС России по району Измайлово г. Москвы']
Проверим ваши данные. Возможно, у нас указан другой месяц или отключены уведомления. Уточните полный год.	[]	[]
К сожалению, без полной идентификации я не могу озвучить полные данные. Могу лишь подтвердить, что месяц рождения май.	[(114, 117, 'Дата рождения')]	['май']
Приносим извинения. Я проверю статус платежа и отправлю подтверждение повторно.	[]	[]
Здравствуйте. Хочу уточнить, мой вид на жительство 82-0123456 действителен для всех операций в банке?	[(51, 61, 'Серия и номер вида на жительство')]	['82-0123456']
Будьте осторожны с подозрительными письмами. Проверяйте отправителя и не открывайте вложения от незнакомых адресатов.	[]	[]
Ключ мог быть заблокирован из-за необычной активности. Пожалуйста, обратитесь в службу поддержки Google Cloud для разблокировки.	[]	[]
Я вижу в приложении, что срок действия моей карты до 05/28. Это точно?	[(53, 58, 'Дата окончания срока действия карты')]	['05/28']
Да, вы можете настроить отдельные уведомления для разных продуктов в личном кабинете. Это удобно.	[]	[]
Я хочу отменить подписку, но сайт требует повторно ввести CVV 555 для отмены. Это безопасно?	[(62, 65, 'CVV/CVC')]	['555']
Загранпаспорт, выданный 10.04.2018, почему-то не проходит проверку. Срок действия до 10.04.2028.	[(24, 34, 'Паспортные данные'), (85, 95, 'Паспортные данные')]	['10.04.2018', '10.04.2028']
Да, граждане Аргентины могут перевести деньги на свой счёт в России через международные банковские переводы SWIFT.	[(13, 22, 'Гражданство и названия стран'), (61, 67, 'Гражданство и названия стран')]	['Аргентины', 'России']
Убедитесь, что вы выбираете правильный тип документа. Иногда путают свидетельство с паспортом.	[]	[]
Пытаюсь обновить данные ребенка в личном кабинете, но система не принимает серию и номер свидетельства о рождении V-ВД 445566.	[(114, 125, 'Свидетельство о рождении')]	['V-ВД 445566']
У меня не получается активировать новую карту, она просит ПИН-код 4040, но я его ещё не устанавливал. Что делать?	[(66, 70, 'ПИН код')]	['4040']
Для проверки этой информации мне потребуется провести дополнительную идентификацию. Пожалуйста, назовите кодовое слово или данные паспорта.	[]	[]
Да, для выдачи справок требуется актуальная информация о клиенте. Мы поможем вам в этом вопросе.	[]	[]
Запросил код 332109 для подтверждения входа через Face ID, но он не пришёл.	[(13, 19, 'Одноразовые коды')]	['332109']
Я родился 29 февраля 1996 года. Почему при попытке ввести эту дату система пишет ошибку?	[(10, 12, 'Дата рождения'), (13, 20, 'Дата рождения'), (21, 25, 'Дата рождения')]	['29', 'февраля', '1996']
CVV 147 для виртуальной карты обычно отображается в мобильном приложении банка, в разделе информации о карте. Посмотрите там.	[(4, 7, 'CVV/CVC')]	['147']
Перейдите в раздел «Настройки безопасности» и выберите пункт «Смена пароля». Следуйте инструкциям на экране.	[]	[]
Изменить СНИЛС в банке невозможно, это документ, выдаваемый Пенсионным фондом. Мы можем лишь обновить его данные, если у вас новый номер.	[]	[]
Для Volvo XC60 2016 года предварительная стоимость оценки составляет 2,8 миллиона рублей. Точную оценку можно получить в салоне.	[(4, 9, 'Данные об автомобиле клиента'), (10, 14, 'Данные об автомобиле клиента'), (15, 19, 'Данные об автомобиле клиента')]	['Volvo', 'XC60', '2016']
Сколько времени займет перевыпуск утерянной карты? Моё имя SVETLANA VASILIEVA.	[(59, 77, 'Имя держателя карты')]	['SVETLANA VASILIEVA']
Хочу узнать, как можно изменить лимит на онлайн-покупки для карты Попова Александра.	[(66, 72, 'ФИО'), (73, 83, 'ФИО')]	['Попова', 'Александра']
Дата регистрации не влияет на вход. Проверьте правильность ввода логина и пароля или восстановите их.	[]	[]
Мой код 123456 для подтверждения платежа не работает. Может ли быть, что у меня закончились SMS?	[(8, 14, 'Одноразовые коды')]	['123456']
Моя карта 5500 1234 5678 9012 перестала работать бесконтактно. Что могло случиться?	[(10, 29, 'Номер карты')]	['5500 1234 5678 9012']
Подскажите, пожалуйста, какой ИНН зарегистрирован за ООО «СтройГрад»? Мне кажется, это 7708123456.	[(87, 97, 'Сведения об ИНН')]	['7708123456']
Я сменил фамилию, и мне перевыпустили карту. Старый CVV был 363. Какой будет новый?	[(60, 63, 'CVV/CVC')]	['363']
В выписке по счету увидел, что место рождения указано как Ярославль. Все верно?	[(58, 67, 'Место рождения')]	['Ярославль']
Могу ли я получить справку о доходах для Захаровой Татьяны? Она нужна для визы.	[(41, 50, 'ФИО'), (51, 58, 'ФИО')]	['Захаровой', 'Татьяны']
Мне пришло уведомление о списании средств со счета 40817810300000004321, но я не совершал эту операцию.	[(51, 71, 'Номер банковского счета')]	['40817810300000004321']
Я потерял свой вид на жительство 83 1000014. Что мне делать, чтобы банк не заблокировал мои счета?	[(33, 43, 'Серия и номер вида на жительство')]	['83 1000014']
Да, мы можем предоставить выписку по счету на английском языке. Наличие визы 21 2039485 не влияет на эту возможность, но укажите это при запросе.	[(77, 87, 'Разрешение на работу / визу')]	['21 2039485']
Вы можете уточнить эту информацию, обратившись в любое отделение банка или позвонив на горячую линию.	[]	[]
Мой вид на жительство 83.7890123. Мне нужно узнать реквизиты своего счета. Где их посмотреть?	[(22, 32, 'Серия и номер вида на жительство')]	['83.7890123']
Хочу узнать, какой номер телефона привязан к моей дебетовой карте.	[]	[]
Подскажите, какой формат КПП вы используете. Обычно это 9 цифр. Могу помочь с вводом.	[]	[]
Я хочу подключить услугу 'Мобильный банк' на номер +79031234567. Это можно сделать через СМС?	[(51, 63, 'Номер телефона')]	['+79031234567']
Да, выписку о движении средств по счету можно получить онлайн через интернет-банк, даже находясь в Швеции.	[(99, 105, 'Гражданство и названия стран')]	['Швеции']
Проверьте правильность введенного номера телефона. Возможно, получатель зарегистрирован в другом банке по СБП.	[]	[]
Мой онлайн-банк перестал работать, я не могу совершать операции. Это связано с тем, что разрешение на работу 55 9876543 скоро истекает?	[(109, 119, 'Разрешение на работу / визу')]	['55 9876543']
Проверьте, соответствует ли выбранное вами кодовое слово требованиям безопасности, например, по длине или содержанию.	[]	[]
Моя карта не читается в терминале. Выскочила ошибка и Track 1: %B33333333333333^NIKOLAEVA/IRINA^22051200000000000000?.	[(63, 117, 'Содержимое магнитной полосы')]	['%B33333333333333^NIKOLAEVA/IRINA^22051200000000000000?']
Я ввел код 202020, но мне кажется, что я подтвердил не ту операцию. Что делать?	[(11, 17, 'Одноразовые коды')]	['202020']
Почему API ключ API_SECURE_PAY_XYZ не работает с новым протоколом безопасности? Я обновил систему вчера.	[(16, 34, 'API ключи')]	['API_SECURE_PAY_XYZ']
Забыл пароль от онлайн-банка. Для восстановления просят номер ВУ, это 31 75 083391. Что дальше?	[(70, 82, 'Водительское удостоверение')]	['31 75 083391']
Открыл новый счёт, но не получил никаких документов на почту elizaveta.sokolova@yandex.ru. Когда ждать?	[(61, 89, 'Email')]	['elizaveta.sokolova@yandex.ru']
Это дополнительная сумма авторизации. Она используется для некоторых типов транзакций, но обычно не видна клиентам.	[]	[]
Мой сервис не может получить доступ к данным, возможно, ключ AIzaSyK1L3mN5oP7qR9sU1vW3xY5zB7cE9fG1hJ3k5lM7nO9pQ1rS3tV5wX7yZ9a0b2d4e6f8 заблокирован или истек срок его действия.	[(61, 134, 'API ключи')]	['AIzaSyK1L3mN5oP7qR9sU1vW3xY5zB7cE9fG1hJ3k5lM7nO9pQ1rS3tV5wX7yZ9a0b2d4e6f8']
Да, если CVV 133 плохо читается, лучше перевыпустить карту, чтобы избежать проблем с онлайн-платежами.	[(13, 16, 'CVV/CVC')]	['133']
Мой паспорт выдан 21 августа 2015 года УФМС России по Ростовской области в городе Ростов-на-Дону.	[(18, 38, 'Паспортные данные'), (39, 96, 'Паспортные данные')]	['21 августа 2015 года', 'УФМС России по Ростовской области в городе Ростов-на-Дону']
Хочу привязать номер телефона ребенка к его карте, но для этого нужно ввести свидетельство о рождении XXXIII-ХЗ 000111.	[(102, 118, 'Свидетельство о рождении')]	['XXXIII-ХЗ 000111']
Да, это может указывать на повреждение магнитной полосы. Попробуйте оплатить чипом или через мобильное приложение.	[]	[]
К сожалению, перевыпуск карты, которая истекает в апреле 2026, требует вашего присутствия или доставки на адрес в России. Обратитесь в банк по возвращении.	[(50, 61, 'Дата окончания срока действия карты'), (114, 120, 'Гражданство и названия стран')]	['апреле 2026', 'России']
Вероятно, произошла техническая ошибка. Попробуйте ввести данные 3322112233 еще раз или обратитесь в службу поддержки для ручной проверки вашей заявки.	[(65, 75, 'Водительское удостоверение')]	['3322112233']
Мне нужно проверить, активен ли API ключ API_ACTIVE_CHECK_TOOL. Он должен быть активен для нашего сервиса.	[(41, 62, 'API ключи')]	['API_ACTIVE_CHECK_TOOL']
Автоплатеж за мобильную связь на +79158026643 не сработал в этом месяце. Почему?	[(33, 45, 'Номер телефона')]	['+79158026643']
Можно ли запросить новый ПИН 0123 для карты через интернет-банк, если я его забыл?	[(29, 33, 'ПИН код')]	['0123']
Информацию о кредитном рейтинге по ИНН 773312345678 можно запросить в Бюро кредитных историй.	[(39, 51, 'Сведения об ИНН')]	['773312345678']
Я родился в субботу. Можете подтвердить, что у вас записан именно этот день недели?	[(12, 19, 'Дата рождения')]	['субботу']
Обновите JWT для сервиса уведомлений. Убедитесь, что процесс получения новых токенов автоматизирован.	[]	[]
Я хочу привязать свой автомобиль к банковскому счету для автоплатежей. Нужен ли номер водительского 43 54 756687?	[(100, 112, 'Водительское удостоверение')]	['43 54 756687']
Да, для перевода на ИП достаточно указать ИНН 500123456789. Система подтянет остальные реквизиты.	[(46, 58, 'Сведения об ИНН')]	['500123456789']
В таком случае вам нужно пройти процедуру полного восстановления доступа, которая включает сброс текущего пароля.	[]	[]
Понимаю. Уточните, пожалуйста, номер подъезда или какие-либо ориентиры, чтобы мы передали информацию курьерской службе.	[]	[]
Статус налогового резидентства не напрямую связан с визой 88 7890123, но требует отдельного уведомления банка.	[(58, 68, 'Разрешение на работу / визу')]	['88 7890123']
Это стандартная процедура для проверки актуальности данных. Можете указать 21.05.2015?	[(75, 85, 'Дата регистрации по месту жительства или пребывания')]	['21.05.2015']
Да, выписку можно заказать в личном кабинете или получить в отделении банка. Это займет пару минут.	[]	[]
Проверяем VIN X4XAB123456789012 по базе залогов. Результат будет доступен через несколько минут.	[(14, 31, 'Данные об автомобиле клиента')]	['X4XAB123456789012']
Заверенную выписку можно получить только в отделении банка. Пожалуйста, возьмите с собой паспорт для идентификации.	[]	[]
Новый накопительный счет будет иметь свой уникальный номер, но будет связан с вашим клиентским профилем, как и счет 40817810600008856214.	[(116, 136, 'Номер банковского счета')]	['40817810600008856214']
Проверьте, пожалуйста, настройки вашего аккаунта Google Cloud. Убедитесь, что API ключ активен и имеет нужные разрешения.	[]	[]
Проверьте лимиты на операции в вашем мобильном банке. Возможно, они превышены.	[]	[]
Для ключа 'billing_service_auth_key' могут быть установлены географические ограничения по IP-адресу. Проверьте настройки безопасности вашего ключа.	[(11, 35, 'API ключи')]	['billing_service_auth_key']
Для обновления данных по ИНН необходимо предоставить выписку из ЕГРЮЛ. Вы можете сделать это через личный кабинет.	[]	[]
При оформлении страховки на сайте просят ВУ. Мой 59 10 395460. Это обязательно?	[(49, 61, 'Водительское удостоверение')]	['59 10 395460']
Кодовое слово используется для идентификации, а не для настройки уведомлений. Уведомления можно настроить в личном кабинете.	[]	[]
Система просит меня обновить пароль, так как мой текущий, OldPass_2022, устарел. Где это сделать?	[(58, 70, 'Пароли')]	['OldPass_2022']
Подтвердите, что токен 6803274950:AAE_M7nO9pQ1rS3tV5wX7yZ9a0b2d4e6f8 для нашего бота активен и не заблокирован банком. Это срочно.	[(23, 68, 'API ключи')]	['6803274950:AAE_M7nO9pQ1rS3tV5wX7yZ9a0b2d4e6f8']
Обычно одно кодовое слово действует для всех ваших продуктов в банке. Вы можете уточнить это в личном кабинете.	[]	[]
Да, вы можете добавить 8 (903) 123-45-67 как дополнительный номер для получения уведомлений. Это удобно для рабочих вопросов.	[(23, 40, 'Номер телефона')]	['8 (903) 123-45-67']
Да, вы можете использовать счет 40817810000006399066 для доходов от самозанятости. Рекомендуем уведомить налоговую службу о его использовании.	[(32, 52, 'Номер банковского счета')]	['40817810000006399066']
Для изменения имени на карте потребуется перевыпуск. Вы можете заказать новую карту через мобильное приложение или в отделении.	[]	[]
Эта строка относится к данным магнитной полосы. Для онлайн-платежей в основном используются данные чипа. Проверьте, что вы вводите правильные данные карты.	[]	[]
Для получения субсидии требуется мой ИНН 772712345678. Можете подтвердить его?	[(41, 53, 'Сведения об ИНН')]	['772712345678']
Похоже, магнитная полоса повреждена. Мы можем перевыпустить карту, чтобы решить эту проблему.	[]	[]
Вчера в банкомате на Вокзальной площади моя карта не прошла. На экране появилось сообщение с данными Track 1: %B7890123456789012^GUSEVA/ANNA^27042010000000000000?.	[(110, 162, 'Содержимое магнитной полосы')]	['%B7890123456789012^GUSEVA/ANNA^27042010000000000000?']
Да, обязательно сообщите банку об изменении СНИЛС. Актуальные данные важны для корректного обслуживания и корректной работы. Это поможет избежать возможных проблем с идентификацией и обслуживанием.	[]	[]
Данные Track 2 используются для обработки транзакций. Возможно, произошел сбой чтения, но это не угроза безопасности.	[]	[]
Моё кодовое слово Медведь не проходит проверку для получения кредита. Почему?	[(18, 25, 'Кодовые слова')]	['Медведь']
Информация о версии API, связанной с ключом API_VERSION_INFO_REQUEST, доступна в документации API на нашем портале.	[(44, 68, 'API ключи')]	['API_VERSION_INFO_REQUEST']
Подтверждаю перевод внутри банка, но код 101010 не принимается. Что я делаю не так?	[(41, 47, 'Одноразовые коды')]	['101010']
Хочу убедиться, что мое место рождения Ростов-на-Дону указано правильно.	[(39, 53, 'Место рождения')]	['Ростов-на-Дону']
Я оформлял кредит онлайн и ввел данные временного удостоверения 456789012345. Хочу узнать о решении.	[(64, 76, 'Временное удостоверение личности')]	['456789012345']
Проверьте, пожалуйста, настройки вашего телефона и наличие сигнала. Если проблема с 89170001122 сохраняется, попробуйте другую операцию.	[(84, 95, 'Номер телефона')]	['89170001122']
В выписке по карте я заметил упоминание EMV-данных, например, 9F0D050102030405. Что это?	[(62, 78, 'Содержимое магнитной полосы')]	['9F0D050102030405']
Пришло СМС с кодом 443210, но я не совершал никаких действий в приложении.	[(19, 25, 'Одноразовые коды')]	['443210']
Да, вы можете указать счет 40817810700003306780 как основной. Для этого нужно изменить реквизиты у отправителей платежей.	[(27, 47, 'Номер банковского счета')]	['40817810700003306780']
Подскажите, почему не могу зарегистрировать Honda 2023 года с VIN ML3FD3EB4G1234567 в вашем приложении? Возникает ошибка.	[(44, 49, 'Данные об автомобиле клиента'), (50, 54, 'Данные об автомобиле клиента'), (66, 83, 'Данные об автомобиле клиента')]	['Honda', '2023', 'ML3FD3EB4G1234567']
Да, мы видим эту дату в нашей системе. Если она актуальна, никаких действий не требуется.	[]	[]
Да, эти данные со второй дорожки магнитной полосы могут быть использованы для создания поддельной карты. Мы рекомендуем немедленно заблокировать карту и оформить перевыпуск.	[]	[]
Я подавал документы на перевыпуск карты. Мой вид на жительство 83.7418529. Когда я смогу забрать новую карту?	[(63, 73, 'Серия и номер вида на жительство')]	['83.7418529']
Изменить адрес доставки карты Кадыровой Аиды можно только до её отправки. Уточните статус заказа.	[(30, 39, 'ФИО'), (40, 44, 'ФИО')]	['Кадыровой', 'Аиды']
У меня не проходит оплата в интернет-магазине. Срок действия карты — 02/23. Это причина?	[(69, 74, 'Дата окончания срока действия карты')]	['02/23']
Я хочу убедиться, что мой номер счёта 40817810100089012345 указан правильно в системе банка.	[(38, 58, 'Номер банковского счета')]	['40817810100089012345']
Если карта долго не использовалась, ПИН-код мог быть забыт. Мы не храним ПИН-коды. Рекомендуем перевыпустить карту.	[]	[]
Мне звонили мошенники, спрашивали VIN моей машины. Я дал им JTNBB46K203045678. Что делать?	[(60, 77, 'Данные об автомобиле клиента')]	['JTNBB46K203045678']
Убедитесь, что ваш номер телефона актуален в банке. Если нет, обновите его в отделении или через контакт-центр.	[]	[]
Нет, дата регистрации не влияет на доступ к интернет-банку. Проверьте логин и пароль.	[]	[]
Проверьте, правильно ли вы вводите ПИН-код. Если проблема не в нём, возможно, это технический сбой, не связанный с датой 03/25.	[(121, 126, 'Дата окончания срока действия карты')]	['03/25']
Я забыл пароль Connect_B от своего дополнительного счета. Как получить к нему доступ?	[(15, 24, 'Пароли')]	['Connect_B']
Для закрытия счёта вам понадобится только паспорт. Разрешение на работу 77 3456789 не требуется.	[(72, 82, 'Разрешение на работу / визу')]	['77 3456789']
Да, для крупных переводов или операций с повышенным риском приложение может запрашивать ПИН-код как дополнительный уровень безопасности.	[]	[]
Мое разрешение 94 0120123 было выдано в прошлом году. Нужно ли его как-то подтверждать?	[(15, 25, 'Разрешение на работу / визу')]	['94 0120123']
Подскажите, пожалуйста, какой номер телефона привязан к моей карте? Мне нужно подтвердить перевод, но SMS не приходит на 8 (905) 123-45-67.	[(121, 138, 'Номер телефона')]	['8 (905) 123-45-67']
Я изменил место прописки. Мой паспорт 45 12 001122, выдан 23.08.2021.	[(38, 50, 'Паспортные данные'), (58, 68, 'Паспортные данные')]	['45 12 001122', '23.08.2021']
Могу ли я пополнить счет наличными, предъявив временное удостоверение 741852963741?	[(70, 82, 'Временное удостоверение личности')]	['741852963741']
Да, можете. Дата регистрации не влияет на получение консультации по индивидуальному инвестиционному счету.	[]	[]
Проценты по вкладу, связанному со счетом 40702810200000969569, начисляются ежемесячно на минимальный остаток. Подробности можно посмотреть в договоре.	[(41, 61, 'Номер банковского счета')]	['40702810200000969569']
Да, пожалуйста, сообщите нам об этом. Мы обновим информацию о вашем разрешении 91 9876543 в нашей системе.	[(79, 89, 'Разрешение на работу / визу')]	['91 9876543']
Оформляю дополнительную карту для сына, но при вводе свидетельства о рождении X-УФ 345901 возникает ошибка.	[(78, 89, 'Свидетельство о рождении')]	['X-УФ 345901']
Купил подарочную карту, но подтверждение не пришло на почту gift.buyer@bk.ru. Что делать?	[(60, 76, 'Email')]	['gift.buyer@bk.ru']
При попытке привязать карту к новому сервису, система запросила CVV 222 и выдала ошибку. Что я делаю не так?	[(68, 71, 'CVV/CVC')]	['222']
Хочу узнать о льготных условиях для пенсионеров. У меня временное удостоверение 36985214.	[(80, 88, 'Временное удостоверение личности')]	['36985214']
ИНН банка, обслуживающего счет 40817810000100200300, указан в реквизитах вашего счета. Вы найдете его в разделе «Мои реквизиты».	[(31, 51, 'Номер банковского счета')]	['40817810000100200300']
Я хочу перевести крупную сумму за границу. Могут ли возникнуть проблемы из-за моей визы 90 0011223?	[(88, 98, 'Разрешение на работу / визу')]	['90 0011223']
Когда будет доставлена моя новая карта 5300 1234 5678 9012? Заказывал её неделю назад.	[(39, 58, 'Номер карты')]	['5300 1234 5678 9012']
Мне нужно перевыпустить карту, срок действия которой истек. Она от Райффайзенбанка.	[(67, 82, 'Наименование банка')]	['Райффайзенбанка']
Пытаюсь увеличить дневные лимиты, но код 987654 не приходит на телефон. Есть ли ограничения?	[(41, 47, 'Одноразовые коды')]	['987654']
Я родился 23 апреля 1995 года. Почему мне приходят уведомления о несовершеннолетии?	[(10, 12, 'Дата рождения'), (13, 19, 'Дата рождения'), (20, 24, 'Дата рождения')]	['23', 'апреля', '1995']
Мне пришло уведомление о налоговой задолженности, но ИНН там указан неверный. Мой ИНН 7701987654.	[(86, 96, 'Сведения об ИНН')]	['7701987654']
Добрый день, мне нужно узнать, почему не прошла оплата с моего счета 40817810000000001234 за коммунальные услуги.	[(69, 89, 'Номер банковского счета')]	['40817810000000001234']
Возможно, произошла ошибка ввода данных. Проверьте внимательно ОГРН 1187746578901 и КПП 770801001 по вашим документам.	[(68, 81, 'Данные об организации/юридическом лице (ИНН, КПП, ОГРН, БИК, адреса, расчётный счёт)'), (88, 97, 'Данные об организации/юридическом лице (ИНН, КПП, ОГРН, БИК, адреса, расчётный счёт)')]	['1187746578901', '770801001']
"Я пытаюсь перевести средства в другой банк для ООО ""Светлый путь"", ИНН 7715000027, но платеж отклоняется."	[(71, 81, 'Сведения об ИНН')]	['7715000027']
Подскажите, пожалуйста, как правильно указать ИНН 430123456789 при формировании платежного поручения на уплату налогов?	[(50, 62, 'Сведения об ИНН')]	['430123456789']
Не могу провести платёж с расчётного счёта 40702810900045678901. Наша организация имеет ИНН 502412345678. Что случилось?	[(43, 63, 'Данные об организации/юридическом лице (ИНН, КПП, ОГРН, БИК, адреса, расчётный счёт)'), (92, 104, 'Данные об организации/юридическом лице (ИНН, КПП, ОГРН, БИК, адреса, расчётный счёт)')]	['40702810900045678901', '502412345678']
Вы можете отвязать номер 8 (903) 123-45-67 в настройках безопасности вашего аккаунта через интернет-банк. Потребуется подтверждение.	[(25, 42, 'Номер телефона')]	['8 (903) 123-45-67']
Возможно, но для кредитной карты с разрешением 80 3456789 требуются дополнительные подтверждения дохода и стажа работы.	[(47, 57, 'Разрешение на работу / визу')]	['80 3456789']
Да, мы заранее выпускаем карты для удобства клиентов. Ваша карта с датой до мая 2025 уже ждёт вас в отделении.	[(76, 84, 'Дата окончания срока действия карты')]	['мая 2025']
Проверьте папку «Спам» в сообщениях, а также убедитесь, что ваш телефон не заблокирован.	[]	[]
Вам нужно обратиться в любое отделение банка с новым разрешением 91 9876543. Мы внесем изменения в вашу анкету.	[(65, 75, 'Разрешение на работу / визу')]	['91 9876543']
Я хочу получить выписку по счету за последний год. Могу ли я использовать водительское удостоверение 08 26 000011 для этого?	[(101, 113, 'Водительское удостоверение')]	['08 26 000011']
Да, для полной идентификации нам нужны эти данные. Мы добавим Омск в вашу анкету.	[(62, 66, 'Место рождения')]	['Омск']
Подтверждение для платежа на ИНН 1601234567 не пришло. Можете проверить статус операции?	[(33, 43, 'Сведения об ИНН')]	['1601234567']
Могу ли я получить выписку по счету на номер 89260000000?	[(45, 56, 'Номер телефона')]	['89260000000']
Вы можете обновить пароль в личном кабинете, в разделе «Настройки профиля» или «Безопасность». Это стандартная процедура для повышения защиты.	[]	[]
Мой Telegram-бот для мониторинга переводов перестал работать. Токен 2589079930:z-9-z_0-w-2-z-6-y-8-y_5-x_0-w_0-x_0-x-7-w-8-y-8-z-8-x-7-w-1-z-1-z-0-w недействителен. Это произошло после обновления Telegram.	[(68, 148, 'API ключи')]	['2589079930:z-9-z_0-w-2-z-6-y-8-y_5-x_0-w_0-x_0-x-7-w-8-y-8-z-8-x-7-w-1-z-1-z-0-w']
Почему при регистрации система автоматически не определила, что я из Перми?	[(69, 74, 'Место рождения')]	['Перми']
Проверьте настройки безопасности вашей карты в мобильном приложении. Возможно, отключена опция 3D-Secure или есть проблемы с доставкой SMS на номер 8-945-901-23-45.	[(148, 163, 'Номер телефона')]	['8-945-901-23-45']
Требования к сложности пароля обеспечивают защиту ваших средств. Пожалуйста, добавьте заглавные буквы, цифры и спецсимволы.	[]	[]
После трёх неверных попыток код блокируется. Запросите новый код и введите его внимательно.	[]	[]
Для восстановления доступа к инвестиционному счету вам нужно будет пройти процедуру верификации. Пожалуйста, свяжитесь с нами по телефону.	[]	[]
"При открытии нового счета для ООО ""Дельта"" с ИНН 5001001234 система выдает ошибку по ОГРН 1187746578901 и КПП 770801001. Что делать?"	[(49, 59, 'Данные об организации/юридическом лице (ИНН, КПП, ОГРН, БИК, адреса, расчётный счёт)'), (90, 103, 'Данные об организации/юридическом лице (ИНН, КПП, ОГРН, БИК, адреса, расчётный счёт)'), (110, 119, 'Данные об организации/юридическом лице (ИНН, КПП, ОГРН, БИК, адреса, расчётный счёт)')]	['5001001234', '1187746578901', '770801001']
Временная регистрация до 30 июня этого года достаточна для получения дебетовой карты, но срок действия карты может быть ограничен.	[(25, 43, 'Дата регистрации по месту жительства или пребывания')]	['30 июня этого года']
Я не могу найти историю операций по счету 40817810600010002000 за последние полгода в мобильном приложении. Где она?	[(42, 62, 'Номер банковского счета')]	['40817810600010002000']
У меня спорная операция. Из документов только временное удостоверение 65432109.	[(70, 78, 'Временное удостоверение личности')]	['65432109']
Привязка к получателю слетела, и теперь просит кодовое слово, я думал это Облако. Что делать?	[(74, 80, 'Кодовые слова')]	['Облако']
Сменил прописку 28 августа 2021 года. Нужно ли мне перевыпускать карту из-за этого?	[(16, 36, 'Дата регистрации по месту жительства или пребывания')]	['28 августа 2021 года']
Моя карта TATYANA PAVLOVA не читается в банкомате, хотя она новая. В чем проблема?	[(10, 25, 'Имя держателя карты')]	['TATYANA PAVLOVA']
Да, выписку можно заказать в отделении или через личный кабинет в интернет-банке.	[]	[]
Я зарегистрирован с 07.07.2021. Этого достаточно для получения кредитной карты с высоким лимитом?	[(20, 30, 'Дата регистрации по месту жительства или пребывания')]	['07.07.2021']
Моя прописка изменилась на: Республика Дагестан, город Махачкала, проспект Имама Шамиля, дом 20, корпус 1.	[(28, 47, 'Полный адрес'), (49, 64, 'Полный адрес'), (66, 87, 'Полный адрес'), (89, 95, 'Полный адрес'), (97, 105, 'Полный адрес')]	['Республика Дагестан', 'город Махачкала', 'проспект Имама Шамиля', 'дом 20', 'корпус 1']
Моя карта Хоум Кредит Банка была заблокирована после нескольких неверных ПИН-кодов.	[(10, 27, 'Наименование банка')]	['Хоум Кредит Банка']
Да, вы можете пользоваться картой до конца месяца, указанного в сроке действия, то есть до октября 2024 включительно.	[(91, 103, 'Дата окончания срока действия карты')]	['октября 2024']
"Мой пароль ""BusinessP@ss"" для бизнес-аккаунта не работает после обновления операционной системы на компьютере."	[(12, 24, 'Пароли')]	['BusinessP@ss']
Моя карта перестала работать в Турции, хотя я уведомлял банк о поездке. В чём проблема?	[(31, 37, 'Гражданство и названия стран')]	['Турции']
Восстановить старый ПИН-код невозможно. Вы можете перевыпустить карту с новым ПИН-кодом, обратившись в отделение или через мобильное приложение. Новый ПИН-код вам придет в конверте или СМС.	[]	[]
Мне нужно оформить банковскую гарантию для контракта. Наш ИНН 7701234567. Какие условия?	[(62, 72, 'Сведения об ИНН')]	['7701234567']
Да, вы можете изменить адрес доставки для карты с истекающим сроком 09/27. Сделайте это в приложении или по телефону.	[(68, 73, 'Дата окончания срока действия карты')]	['09/27']
JWT eyJhbGciOiJIUzI1NiIsInR5cCI6IkpXVCJ9.eyJzdWIiOiIxMjM0NTY3ODkwIiwibmFtZSI6IkpvaG4gRG9lIiwiaWF0IjoxNTE2MjM5MDIyfQ.UflKxwRJSMeKKF2QT4fwpMeJf36POk6yJV_adQssw5c иногда не работает. В чем причина такого нестабильного поведения?	[(4, 159, 'API ключи')]	['eyJhbGciOiJIUzI1NiIsInR5cCI6IkpXVCJ9.eyJzdWIiOiIxMjM0NTY3ODkwIiwibmFtZSI6IkpvaG4gRG9lIiwiaWF0IjoxNTE2MjM5MDIyfQ.UflKxwRJSMeKKF2QT4fwpMeJf36POk6yJV_adQssw5c']
Уточните, пожалуйста, с какого устройства вы пытаетесь получить выписку. Иногда проблема в браузере.	[]	[]
У меня ИП, ИНН 503500000032. Мне нужно получить выписку для судебных приставов. Можете помочь?	[(15, 27, 'Сведения об ИНН')]	['503500000032']
Я заметил, что место моего рождения почему-то указано как Пенза. Мне нужно это исправить.	[(58, 63, 'Место рождения')]	['Пенза']
Да, это полное и корректное наименование органа, выдавшего ваш паспорт. Можете его использовать.	[]	[]
Я получил новую карту, но на ней нет CVV кода. Как мне узнать свой CVV 777?	[(71, 74, 'CVV/CVC')]	['777']
Возможно, вы не обновили почтовый адрес в личном кабинете. Дата регистрации здесь не при чём.	[]	[]
Мой загранпаспорт действует до 10 октября 2028 года. Этого достаточно для получения кредита?	[(31, 51, 'Паспортные данные')]	['10 октября 2028 года']
При оплате через сторонний сервис, меня попросили ввести CVV 371. Это безопасно?	[(61, 64, 'CVV/CVC')]	['371']
Оформляю разрешение на выезд ребенка за границу через банк, но данные свидетельства о рождении XVIII-ИХ 567890 не проходят проверку.	[(95, 110, 'Свидетельство о рождении')]	['XVIII-ИХ 567890']
Вы можете подписаться на нашу новостную рассылку на официальном сайте банка, в разделе «Новости».	[]	[]
Для ключа 'notification_service_v1' нужно изменить набор разрешений. Это можно сделать в вашем личном кабинете разработчика, в разделе 'Настройки API ключей'.	[(11, 34, 'API ключи')]	['notification_service_v1']
Подтвердите, пожалуйста, что мой адрес для выписок по счету: Россия, Краснодарский край, г. Сочи, ул. Пушкина, д. 15, корп. 2.	[(61, 67, 'Полный адрес'), (69, 87, 'Полный адрес'), (89, 96, 'Полный адрес'), (98, 109, 'Полный адрес'), (111, 116, 'Полный адрес'), (118, 125, 'Полный адрес')]	['Россия', 'Краснодарский край', 'г. Сочи', 'ул. Пушкина', 'д. 15', 'корп. 2']
У меня на карте указан срок 06/23. Она уже недействительна? Я не получал новой.	[(28, 33, 'Дата окончания срока действия карты')]	['06/23']
Мне позвонили и спросили СНИЛС 789-012-345 76 для подтверждения платежа. Это мошенники или банк?	[(31, 45, 'СНИЛС клиента')]	['789-012-345 76']
Проверю статус перевода по этим реквизитам. Ожидайте, пожалуйста, несколько минут, я свяжусь с вами.	[]	[]
После смены домена для API ключа API_WEB_INTEGRATION_KEY необходимо обновить разрешенные домены в настройках.	[(33, 56, 'API ключи')]	['API_WEB_INTEGRATION_KEY']
Ваш перевод успешно отправлен. Срок зачисления может составлять до трех рабочих дней, в зависимости от банка-получателя.	[]	[]
Как поменять номер телефона, привязанный к карте 4000111122223333, через интернет-банк?	[(49, 65, 'Номер карты')]	['4000111122223333']
Мне пришло сообщение, что срок моей временной регистрации заканчивается 05 мая 2024 года.	[(72, 88, 'Дата регистрации по месту жительства или пребывания')]	['05 мая 2024 года']
Я зарегистрировался по новому адресу 01.09.2023. Почему мне не одобряют кредитную карту?	[(37, 47, 'Дата регистрации по месту жительства или пребывания')]	['01.09.2023']
Да, я могу проверить эту информацию. Уточните, пожалуйста, полное наименование вашей организации для идентификации.	[]	[]
При перевыпуске карты кодовое слово может потребоваться для подтверждения вашей личности. Приготовьтесь его назвать.	[]	[]
Для ключа 'client_id_partner_123' стандартный лимит составляет 1000 запросов в минуту. Чтобы его увеличить, вам нужно подать заявку через наш портал.	[(11, 32, 'API ключи')]	['client_id_partner_123']
Прошу прощения за неудобства. Мы проверим статус отправки и, если потребуется, вышлем выписку повторно на указанный вами адрес.	[]	[]
Для открытия брокерского счета вам понадобится паспорт и ИНН. Процедура занимает немного времени.	[]	[]
Да, это корректное и полное наименование органа, выдавшего ваш документ.	[]	[]
Да, конечно. Карта 4276 1234 5678 9012 заблокирована. Хотите оформить перевыпуск новой карты?	[(19, 38, 'Номер карты')]	['4276 1234 5678 9012']
Для страховых продуктов точное время рождения может влиять на расчет рисков и стоимость полиса. Укажите его, пожалуйста.	[]	[]
К сожалению, мы не можем назвать вам ваше кодовое слово из соображений безопасности. Вы можете только задать новое.	[]	[]
Могу ли я открыть счёт, если у меня гражданство Албании, но нет постоянной регистрации?	[(48, 55, 'Гражданство и названия стран')]	['Албании']
Почему токен eyJhbGciOiJIUzI1NiIsInR5cCI6IkpXVCJ9.eyJzdWIiOiI1OTU2MjIiLCJuYW1lIjoiVXNlciA1OTU2MjIiLCJpYXQiOjE3MDExNDY1NDZ9.I6oP8a0sD2fG4hJ6kL8zX0cV2bN4m6-Q9wE2rT4yU6iO8pA1sD3fG5hJ7kL9zX1cV3bN5mM7qW9eR2tY4uI6oP8a0sD2fG4hJ6kL8zX0cV2bN4m6 не работает после перевыпуска сертификата безопасности на сервере?	[(13, 235, 'API ключи')]	['eyJhbGciOiJIUzI1NiIsInR5cCI6IkpXVCJ9.eyJzdWIiOiI1OTU2MjIiLCJuYW1lIjoiVXNlciA1OTU2MjIiLCJpYXQiOjE3MDExNDY1NDZ9.I6oP8a0sD2fG4hJ6kL8zX0cV2bN4m6-Q9wE2rT4yU6iO8pA1sD3fG5hJ7kL9zX1cV3bN5mM7qW9eR2tY4uI6oP8a0sD2fG4hJ6kL8zX0cV2bN4m6']
Я гражданин Словакии. Могу ли я оформить у вас потребительский кредит?	[(12, 20, 'Гражданство и названия стран')]	['Словакии']
Это стандартная процедура безопасности для подтверждения вашей личности. Введите 08.08.1982.	[(81, 91, 'Дата регистрации по месту жительства или пребывания')]	['08.08.1982']
У меня карта МИР, срок действия до 02/27. Она тоже перевыпускается автоматически?	[(35, 40, 'Дата окончания срока действия карты')]	['02/27']
Я сделал перевод на расчётный счёт 40802810500000000002 для организации с ИНН 7708123456 через БИК 044525000, но деньги не дошли.	[(35, 55, 'Данные об организации/юридическом лице (ИНН, КПП, ОГРН, БИК, адреса, расчётный счёт)'), (78, 88, 'Данные об организации/юридическом лице (ИНН, КПП, ОГРН, БИК, адреса, расчётный счёт)'), (99, 108, 'Данные об организации/юридическом лице (ИНН, КПП, ОГРН, БИК, адреса, расчётный счёт)')]	['40802810500000000002', '7708123456', '044525000']
Я поменял вид на жительство, старый был 82/6789012. Как мне обновить информацию для автоплатежей?	[(40, 50, 'Серия и номер вида на жительство')]	['82/6789012']
Я открывал совместный счёт, и все уведомления приходят только на почту партнёра. Моя почта marina.andreeva@outlook.com не получает ничего.	[(91, 118, 'Email')]	['marina.andreeva@outlook.com']
Отличная инициатива! Вы можете сделать это в разделе «Настройки безопасности» вашего личного кабинета. Рекомендуем использовать комбинацию символов.	[]	[]
Никогда не сообщайте CVV-код 110 по телефону или в СМС. Банк никогда не запрашивает эту информацию.	[(29, 32, 'CVV/CVC')]	['110']
Проверьте, пожалуйста, корректность КПП. Возможно, вы используете устаревшие данные или допустили опечатку.	[]	[]
Вы можете заказать справку о доходах или выписку по счету в мобильном приложении. Эти документы содержат ваш актуальный адрес регистрации.	[]	[]
Я обнаружил ошибку в своих данных в системе банка. Мой вид на жительство 82/2345678. Как исправить?	[(73, 83, 'Серия и номер вида на жительство')]	['82/2345678']
Какова рыночная стоимость моего Mercedes-Benz E-Class для целей залога?	[(32, 45, 'Данные об автомобиле клиента'), (46, 53, 'Данные об автомобиле клиента')]	['Mercedes-Benz', 'E-Class']
В интернете я нашёл информацию, что данные Track 1, типа %B4000000000000000^DOE/JOHN^26011200000000000000?, могут быть украдены. Насколько это опасно?	[(57, 106, 'Содержимое магнитной полосы')]	['%B4000000000000000^DOE/JOHN^26011200000000000000?']
Заявка на получение алиментов через банк зависла после ввода номера свидетельства IX-СТ 556677. Что случилось?	[(82, 94, 'Свидетельство о рождении')]	['IX-СТ 556677']
Политика ротации для API ключа API_ROTATION_POLICY_KEY настраивается вами в личном кабинете. Рекомендуем менять его регулярно.	[(31, 54, 'API ключи')]	['API_ROTATION_POLICY_KEY']
Я родился 17 июля 1975 года. Могу ли я изменить секретный вопрос, связанный с этой датой?	[(10, 12, 'Дата рождения'), (13, 17, 'Дата рождения'), (18, 22, 'Дата рождения')]	['17', 'июля', '1975']
Да, скорее всего, ваша карта в порядке. Некоторые банкоматы других банков могут иметь временные сбои. Попробуйте использовать другой банкомат нашего банка.	[]	[]
Моя карта заблокировалась после того, как я ввел ПИН 1414 в POS-терминале. Что делать?	[(53, 57, 'ПИН код')]	['1414']
Не могу получить перевод по СБП. Говорят, что имя получателя не совпадает. Моя карта на имя YULIA PAVLOVA.	[(92, 105, 'Имя держателя карты')]	['YULIA PAVLOVA']
Ищу запчасти для модели Qashqai. Есть ли у вас партнерские сервисы?	[(24, 31, 'Данные об автомобиле клиента')]	['Qashqai']
Разблокировать карту можно, обратившись в отделение банка с документом, удостоверяющим личность, или через чат поддержки.	[]	[]
Да, это возможно. Вам потребуется предоставить данные своего счёта работодателю в ОАЭ для перечисления зарплаты.	[(82, 85, 'Гражданство и названия стран')]	['ОАЭ']
Отлично, для привязки 5012345678 подтвердите операцию кодом из СМС.	[(22, 32, 'Водительское удостоверение')]	['5012345678']
Мой API ключ 'mobile_app_backend_key' был заблокирован. Я не понимаю, почему. Можете помочь?	[(14, 36, 'API ключи')]	['mobile_app_backend_key']
Мне необходимо подтвердить личность по телефону, используя кодовое слово Зима. Можно это сделать?	[(73, 77, 'Кодовые слова')]	['Зима']
При пополнении через терминал может потребоваться подтверждение личности. Введите данные вашего документа.	[]	[]
При создании нового пароля убедитесь, что он содержит комбинацию заглавных и строчных букв, цифр и специальных символов для максимальной безопасности.	[]	[]
Данные EMV-чипа обеспечивают защиту ваших платежей. Это обычная техническая информация для проверки.	[]	[]
"Пожалуйста, заполните поле ""место рождения"" вручную, указав ""Владимир"" как в паспорте."	[(61, 69, 'Место рождения')]	['Владимир']
Да, у нас есть такие программы. Оставьте заявку на сайте, и наш менеджер свяжется с вами.	[]	[]
Мне пришло СМС о подозрительной операции, там указано имя LIDIYA KULIKOVA. Это моя карта?	[(58, 73, 'Имя держателя карты')]	['LIDIYA KULIKOVA']
Вы можете заказать справку с вашими данными в любом отделении банка. СНИЛС будет указан в документе.	[]	[]
Прикрепляю СНИЛС 909-010-121 20 к заявке онлайн, но кнопка 'отправить' неактивна.	[(17, 31, 'СНИЛС клиента')]	['909-010-121 20']
Возможно, превышен дневной лимит на снятие наличных. Проверьте настройки карты в приложении.	[]	[]
Вы можете отключить автоплатеж в личном кабинете или через мобильное приложение.	[]	[]
На расчётный счёт 40802810000000001234 не поступила ожидаемая сумма. Можете проверить поступления?	[(18, 38, 'Данные об организации/юридическом лице (ИНН, КПП, ОГРН, БИК, адреса, расчётный счёт)')]	['40802810000000001234']
Могу ли я изменить место рождения в приложении? Я родился в Краснодаре.	[(60, 70, 'Место рождения')]	['Краснодаре']
"Пожалуйста, зайдите в личный кабинет и проверьте, корректно ли указан ""Улан-Удэ""."	[(71, 79, 'Место рождения')]	['Улан-Удэ']
Моя карта не читается в терминале, но CVV 159 на ней виден. Могу ли я оплатить как-то иначе?	[(42, 45, 'CVV/CVC')]	['159']
Понял. Вероятно, магнитная полоса вашей карты повреждена. Мы можем оформить бесплатный перевыпуск, новая карта будет готова через три дня.	[]	[]
Возможно, вы случайно отписались от рассылки. Проверьте настройки в личном кабинете или я могу подписать вас снова на julia.efimova@mail.ru.	[(118, 139, 'Email')]	['julia.efimova@mail.ru']
Для снятия крупной суммы в отделении потребуется подтверждение личности по паспорту. Кодовое слово может быть не обязательным.	[]	[]
Нет, при перевыпуске карты по истечении срока действия всегда генерируется новый CVV-код. Он будет указан на новой карте.	[]	[]
Проверьте правильность введенных данных. Если проблема сохраняется, свяжитесь с поддержкой, указав ДЕ23456789.	[(99, 109, 'Временное удостоверение личности')]	['ДЕ23456789']
При смене адреса разрешение на работу 92 7895012 повторно предоставлять не нужно, если его срок действия не истёк.	[(38, 48, 'Разрешение на работу / визу')]	['92 7895012']
Мне пришло уведомление, что моя карта заканчивается в 05/27. Когда я получу новую?	[(54, 59, 'Дата окончания срока действия карты')]	['05/27']
Проверьте, пожалуйста, правильность ввода ИНН. Если проблема сохранится, свяжитесь с технической поддержкой.	[]	[]
Я подключаю систему быстрых платежей, и для привязки карты к номеру телефона используется СНИЛС 012-345-678 00. Все верно?	[(96, 110, 'СНИЛС клиента')]	['012-345-678 00']
Ваша карта была изъята банкоматом. Обратитесь в банк, которому принадлежит банкомат, с паспортом. Если это наш банкомат, свяжитесь с нами.	[]	[]
Вы можете изменить ПИН-код в мобильном приложении или в любом банкомате нашего банка.	[]	[]
Хочу изменить лимиты на переводы, но не помню кодовое слово. Может, это «Гора»?	[(73, 77, 'Кодовые слова')]	['Гора']
Не могу продлить онлайн-подписку, оплата не проходит. Моё имя LARISA BORISOVA.	[(62, 77, 'Имя держателя карты')]	['LARISA BORISOVA']
Я потерял свой паспорт, но у меня есть временное удостоверение 00112233. Можно ли снять крупную сумму?	[(63, 71, 'Временное удостоверение личности')]	['00112233']
Да, уведомления о перевыпуске карты обычно приходят по СМС. На почту отправляем только по запросу.	[]	[]
По вашему ИНН 773798765432 мы можем предложить овердрафт до 500 000 рублей. Условия зависят от оборотов.	[(14, 26, 'Сведения об ИНН')]	['773798765432']
Да, вы можете заказать перевыпуск карты 4444555566667777. Это можно сделать в любом отделении банка или через мобильное приложение. Новая карта будет готова через неделю.	[(40, 56, 'Номер карты')]	['4444555566667777']
Переехал, и теперь мой адрес: Россия, Самарская обл., г. Самара, ул. Ленина, д. 33, оф. 45.	[(30, 36, 'Полный адрес'), (38, 52, 'Полный адрес'), (54, 63, 'Полный адрес'), (65, 75, 'Полный адрес'), (77, 82, 'Полный адрес'), (84, 90, 'Полный адрес')]	['Россия', 'Самарская обл.', 'г. Самара', 'ул. Ленина', 'д. 33', 'оф. 45']
Для изменения юридического адреса требуется полный пакет документов. Мы можем отправить список на вашу электронную почту.	[]	[]
Приносим извинения за неудобства. Пожалуйста, укажите имя сотрудника и дату инцидента.	[]	[]
Мне нужно получить документы. Где ближайший банкомат по адресу: Омская область, город Омск, улица Ленина, 10, корпус 3?	[(64, 78, 'Полный адрес'), (80, 90, 'Полный адрес'), (92, 104, 'Полный адрес'), (106, 108, 'Полный адрес'), (110, 118, 'Полный адрес')]	['Омская область', 'город Омск', 'улица Ленина', '10', 'корпус 3']
Я не могу подключиться к тестовой среде. Мой API ключ 'TEST_ENV_KEY_BETA_2023' выдает ошибку 'invalid credentials'.	[(55, 77, 'API ключи')]	['TEST_ENV_KEY_BETA_2023']
Возможно, проблема в терминале ресторана или превышен ваш дневной лимит. Попробуйте оплатить другой картой или наличными.	[]	[]
Отклонение платежа в Чехию может быть связано с некорректными реквизитами или ограничениями. Проверьте данные и повторите попытку.	[(21, 26, 'Гражданство и названия стран')]	['Чехию']
Будьте крайне осторожны. Надёжные банковские сервисы обычно не запрашивают CVV 129 для переводов. Возможно, это мошенники.	[(79, 82, 'CVV/CVC')]	['129']
Я не могу настроить нового Telegram-бота, токен 6031758294:AAE_Y5zB7cE9fG1hJ3k5lM7nO9pQ1rS3tV5wX7yZ9a0b2d4e6f8 не принимается системой банка. Что делать?	[(48, 110, 'API ключи')]	['6031758294:AAE_Y5zB7cE9fG1hJ3k5lM7nO9pQ1rS3tV5wX7yZ9a0b2d4e6f8']
Убедитесь, что вы вошли в аккаунт, к которому привязан данный вклад. Иногда требуется обновить страницу.	[]	[]
Для оформления валютной карты нужен внутренний паспорт. Загранпаспорт не подходит.	[]	[]
Иногда это происходит после нескольких неудачных попыток. Попробуйте оплатить картой через терминал с вводом ПИН-кода.	[]	[]
Моя жена, гражданка Индонезии, хочет оформить дополнительную карту. Это возможно?	[(20, 29, 'Гражданство и названия стран')]	['Индонезии']
Наш сервис перестал получать уведомления от банка через Telegram. Токен 7890123456:BBBBBBBBBBBBBBBBBBBBBBBBBBBBBBBBBBBBBBBBBB не работает.	[(72, 125, 'API ключи')]	['7890123456:BBBBBBBBBBBBBBBBBBBBBBBBBBBBBBBBBBBBBBBBBB']
Могу ли я получить выписку по операциям, совершенным с помощью API ключа API_WEBHOOK_007? Мне нужна за прошлый месяц.	[(73, 88, 'API ключи')]	['API_WEBHOOK_007']
Хочу оформить доверенность, но мне сказали, что паспортные данные устарели. У меня паспорт серии 4530 номер 678901, выдан 08 февраля 2011 года органом Отделом МВД России по району Сокол г. Москвы. Прошу помочь мне разобраться с этим.	[(97, 101, 'Паспортные данные'), (108, 114, 'Паспортные данные'), (122, 142, 'Паспортные данные'), (151, 195, 'Паспортные данные')]	['4530', '678901', '08 февраля 2011 года', 'Отделом МВД России по району Сокол г. Москвы']
Могу ли я открыть вклад в Новикомбанке через мобильное приложение?	[(26, 38, 'Наименование банка')]	['Новикомбанке']
Нет, место рождения не влияет на переводы. Проверьте реквизиты получателя.	[]	[]
Магнитная полоса может быть повреждена, попробуйте использовать чип или оформить перевыпуск карты.	[]	[]
Это очень похоже на мошенничество. Ни в коем случае не сообщайте CVV код и не переходите по подозрительным ссылкам. Мы заблокируем карту.	[]	[]
Мне нужно подтвердить личность для крупного перевода. Мой паспорт: серия 45 11, номер 876543, выдан 15.06.2018.	[(73, 78, 'Паспортные данные'), (86, 92, 'Паспортные данные'), (100, 110, 'Паспортные данные')]	['45 11', '876543', '15.06.2018']
Понял. Тестовый ключ 'developer_key_001_beta' мог быть заблокирован из-за превышения лимитов или устаревания. Давайте проверим его статус.	[(22, 44, 'API ключи')]	['developer_key_001_beta']
Спасибо, что сообщили. Сейчас проверим информацию в нашей системе и подтвердим операцию.	[]	[]
День недели не является частью идентификационных данных. Введите только дату.	[]	[]
Мой перевод в Туркменистан был отклонён. Это связано с гражданством получателя?	[(14, 26, 'Гражданство и названия стран')]	['Туркменистан']
Это Application Reference Currency Conversion. Он используется для конвертации валют. Это стандартная техническая информация.	[]	[]
Для изменения адреса регистрации требуется личное присутствие в отделении с паспортом. Могу подсказать ближайшее отделение?	[]	[]
Подключение СМС-информирования на номер 8 (903) 123-45-67 обычно платное. Стоимость зависит от вашего тарифа, проверьте его в приложении.	[(40, 57, 'Номер телефона')]	['8 (903) 123-45-67']
Я родился 29 сентября 1991 года. Система говорит, что я слишком молод для некоторых операций. Почему?	[(10, 12, 'Дата рождения'), (13, 21, 'Дата рождения'), (22, 26, 'Дата рождения')]	['29', 'сентября', '1991']
Разблокировать карту можно через мобильное приложение или обратившись в отделение банка с паспортом. Убедитесь, что в следующий раз вы вводите ПИН 7171 правильно.	[(147, 151, 'ПИН код')]	['7171']
Проверьте статус вашего Google Cloud API Key в консоли. Иногда Google блокирует ключи из-за подозрительной активности.	[]	[]
"Да, если в паспорте указан ""Томск"", то этого вполне достаточно."	[(28, 33, 'Место рождения')]	['Томск']
У меня разрешение на временное проживание 98 6786780. Могу ли я получить кредитную историю?	[(42, 52, 'Разрешение на работу / визу')]	['98 6786780']
Я родился в Екатеринбурге, но в приложении вижу другой город. Можете проверить?	[(12, 25, 'Место рождения')]	['Екатеринбурге']
Укажите 02:00. Если система не примет, возможно, время не требуется вовсе.	[]	[]
Мой автомобиль синий. Нужно обновить цвет в системе, так как я его перекрасил. Как это сделать?	[(15, 20, 'Данные об автомобиле клиента')]	['синий']
Попробуйте ввести данные вручную, без копирования. Убедитесь, что нет лишних символов.	[]	[]
Мой автомобиль чёрный, госномер У123ХУ150. Не могу найти информацию о платеже за ТО.	[(15, 21, 'Данные об автомобиле клиента'), (32, 41, 'Данные об автомобиле клиента')]	['чёрный', 'У123ХУ150']
Мне пришло сообщение, что данные по моему ребёнку устарели. Его свидетельство VIII-ОП 778899. Что нужно сделать?	[(78, 92, 'Свидетельство о рождении')]	['VIII-ОП 778899']
Моя виза 83 2419765 заканчивается через месяц, это повлияет на обслуживание текущего счёта?	[(9, 19, 'Разрешение на работу / визу')]	['83 2419765']
Мой платеж в Инвестторгбанк не дошел до получателя, хотя деньги списаны с моего счета.	[(13, 27, 'Наименование банка')]	['Инвестторгбанк']
Хорошо, я зафиксировал эти данные. Для полного обновления потребуется также орган, выдавший паспорт.	[]	[]
При оплате через Apple Pay или Google Pay, нужно ли вводить CVV 575?	[(64, 67, 'CVV/CVC')]	['575']
Отменить автоплатеж можно в разделе 'Мои подписки' или 'Автоплатежи' вашего мобильного приложения. Для этого не требуется повторный ввод CVV 890.	[(141, 144, 'CVV/CVC')]	['890']
Мне кажется, что мой ПИН 1020 слишком простой. Могу ли я его поменять на более сложный прямо сейчас?	[(25, 29, 'ПИН код')]	['1020']
Мне пришло СМС о подозрительной активности по счету. Я регистрировался по временному удостоверению ОР88784803. Это мошенники?	[(99, 109, 'Временное удостоверение личности')]	['ОР88784803']
Я хочу отменить операцию по переводу на ИП с ИНН 502700000016. Перепутал реквизиты.	[(49, 61, 'Сведения об ИНН')]	['502700000016']
Как я могу пополнить счет ВТБ без комиссии?	[(26, 29, 'Наименование банка')]	['ВТБ']
Я хочу привязать новый e-mail к своему аккаунту. Текущий - current@email.biz.	[(59, 76, 'Email')]	['current@email.biz']
У меня вопрос по налогам. Мой временный документ 90123456.	[(49, 57, 'Временное удостоверение личности')]	['90123456']
Открытие брокерского счета по временному удостоверению возможно. Вам потребуется заполнить анкету и предоставить документ.	[]	[]
Мы можем выдать справку с датой рождения, но время рождения обычно не фиксируется в наших системах.	[]	[]
Пришло СМС с кодом 776543, но я не знаю, для какой операции он предназначен. Как узнать?	[(19, 25, 'Одноразовые коды')]	['776543']
Моя дочь – студентка из Индии. Может ли она открыть студенческий счет в вашем банке?	[(24, 29, 'Гражданство и названия стран')]	['Индии']
Мой загранпаспорт истекает 18 августа 2024 года. Могу ли я еще использовать его для подтверждения личности?	[(27, 47, 'Паспортные данные')]	['18 августа 2024 года']
Пожалуйста, уточните дату и время перевода, а также банк отправителя. Мы проверим статус зачисления на счет 40817810400002620786.	[(108, 128, 'Номер банковского счета')]	['40817810400002620786']
Для увеличения лимита по карте KONSTANTIN FEDOROV вы можете подать заявку в мобильном приложении или в отделении банка.	[(31, 49, 'Имя держателя карты')]	['KONSTANTIN FEDOROV']
Я не могу выполнить операцию по отмене перевода. JWT токен eyJhbGciOiJIUzI1NiIsInR5cCI6IkpXVCJ9.eyJzdWIiOiI1ODg1OTQxOTc2IiwibmFtZSI6ItCj0YDRg9C30LAg0JzQvtGC0L7QstCw0L0iLCJpYXQiOjE1MTg5Njk2MzYsImV4cCI6MTY2NDYwNDM1Nn0.7-x-5-w_6-x_1-x-1-x_3-y-4-x_3-y-1-x-3-y_3-y-1-x-4-x_1-y-6-w-6-z-4-x-7-y-1-w выдает ошибку 'access denied'.	[(59, 291, 'API ключи')]	['eyJhbGciOiJIUzI1NiIsInR5cCI6IkpXVCJ9.eyJzdWIiOiI1ODg1OTQxOTc2IiwibmFtZSI6ItCj0YDRg9C30LAg0JzQvtGC0L7QstCw0L0iLCJpYXQiOjE1MTg5Njk2MzYsImV4cCI6MTY2NDYwNDM1Nn0.7-x-5-w_6-x_1-x-1-x_3-y-4-x_3-y-1-x-3-y_3-y-1-x-4-x_1-y-6-w-6-z-4-x-7-y-1-w']
Справку об отсутствии задолженности по ИНН 7736556677 можно заказать в личном кабинете. Она будет готова в течение дня.	[(43, 53, 'Сведения об ИНН')]	['7736556677']
Подтверждаю, адрес Россия, Краснодарский край, г. Сочи, ул. Пушкина, д. 15, корп. 2 актуален в нашей системе.	[(19, 25, 'Полный адрес'), (27, 45, 'Полный адрес'), (47, 54, 'Полный адрес'), (56, 67, 'Полный адрес'), (69, 74, 'Полный адрес'), (76, 83, 'Полный адрес')]	['Россия', 'Краснодарский край', 'г. Сочи', 'ул. Пушкина', 'д. 15', 'корп. 2']
Мы можем выдать справку о наличии у вас счетов, но не о дате вашей регистрации с 17 июля 2010 года.	[(81, 98, 'Дата регистрации по месту жительства или пребывания')]	['17 июля 2010 года']
Моя карта не работает в метро, на турникете выдало ошибку чтения Track 1. Там было что-то вроде: %B66666666666666^BELOVA/NATALIA^19111200000000000000?.	[(97, 150, 'Содержимое магнитной полосы')]	['%B66666666666666^BELOVA/NATALIA^19111200000000000000?']
Для переводов в другие банки иногда требуется дополнительное подтверждение. Попробуйте ввести кодовое слово или свяжитесь с нами.	[]	[]
Вы можете воспользоваться функцией восстановления логина на сайте. На ваш адрес user.forgot@gmail.com будет отправлена инструкция. Проверьте папку «Спам».	[(80, 101, 'Email')]	['user.forgot@gmail.com']
Добрый день. Для проверки информации по ключу API_PROD_1234567890, пожалуйста, уточните название вашей организации.	[(46, 65, 'API ключи')]	['API_PROD_1234567890']
У нас есть несколько API ключей. Как определить, какой из них 01234567-89ab-cdef-0123-456789abcdef0123 и для чего он используется?	[(62, 102, 'API ключи')]	['01234567-89ab-cdef-0123-456789abcdef0123']
Верно. Для доступа к этим функциям необходимо ввести данные. Убедитесь, что 0102030405 введен без ошибок.	[(76, 86, 'Водительское удостоверение')]	['0102030405']
Мой автомобиль имеет VIN JMZGH690001234567 и серебристый цвет. Проверьте, пожалуйста, эти данные в вашей системе.	[(25, 42, 'Данные об автомобиле клиента'), (54, 56, 'Данные об автомобиле клиента')]	['JMZGH690001234567', 'ый']
В Бразилии у нашего банка нет прямых филиалов. Однако мы работаем с банками-корреспондентами для международных переводов.	[(2, 10, 'Гражданство и названия стран')]	['Бразилии']
Мне нужно перевыпустить API ключ API_REISSUE_REQUIRED_KEY, так как я потерял доступ к старому.	[(33, 57, 'API ключи')]	['API_REISSUE_REQUIRED_KEY']
Нажмите «Забыли пароль?» на странице входа. Вам будет предложено пройти верификацию по номеру телефона или электронной почте.	[]	[]
Хочу оформить КАСКО через ваш банк. Мой номер водительского удостоверения 0876543210.	[(74, 84, 'Водительское удостоверение')]	['0876543210']
Понял вас. Мы обновим контактные данные для почтовых отправлений. Подтвердите, пожалуйста, указанный адрес.	[]	[]
Я уезжаю в командировку за границу. Нужно ли мне уведомлять банк о поездке для карты 4111 1111 1111 1111?	[(85, 104, 'Номер карты')]	['4111 1111 1111 1111']
Не могу подтвердить операцию по детской карте, так как свидетельство о рождении I-СС 678901 выдает ошибку.	[(80, 91, 'Свидетельство о рождении')]	['I-СС 678901']
Убедитесь, что вы следуете инструкциям по активации. Попробуйте перезапустить приложение или обратитесь в поддержку.	[]	[]
Для граждан Беларуси требуется паспорт, миграционная карта и документ, подтверждающий право пребывания в РФ. Приходите в отделение.	[(12, 20, 'Гражданство и названия стран')]	['Беларуси']
Да, для актуализации вашей информации в банке необходимо предоставить новый СНИЛС.	[]	[]
Я отправляю перевод за границу, система просит ввести СНИЛС 345-678-901 23. Это обязательно?	[(60, 74, 'СНИЛС клиента')]	['345-678-901 23']
Поступил звонок от банка, но я не успел ответить. Мой номер +7 987 654 32 10. Перезвоните мне.	[(60, 76, 'Номер телефона')]	['+7 987 654 32 10']
Пожалуйста, предоставьте скриншот ошибки и актуальный СНИЛС. Мы передадим информацию в техническую поддержку для исправления.	[]	[]
Моя заявка на детскую ипотеку отклонена, причина – неверно указано свидетельство XII-ЧШ 473829. Но я проверял!	[(81, 94, 'Свидетельство о рождении')]	['XII-ЧШ 473829']
Очень срочно нужно отправить справку о доходах на tatyana.pavlova@hotmail.com. Можете сделать это прямо сейчас?	[(50, 77, 'Email')]	['tatyana.pavlova@hotmail.com']
Я перевел деньги со своего вклада на свою карту, оформленную на Смирнова Владимира. Почему они до сих пор не пришли?	[(64, 72, 'ФИО'), (73, 82, 'ФИО')]	['Смирнова', 'Владимира']
Даже долгосрочные JWT токены имеют срок действия. Проверьте конфигурацию автообновления или сгенерируйте новый.	[]	[]
Некоторые терминалы, особенно за границей, могут запрашивать имя для подтверждения личности. Введите его точно как на карте.	[]	[]
Проверьте, пожалуйста, лимиты на пополнение. Также убедитесь, что номер +7 987 654 32 10 введен без ошибок. Попробуйте еще раз.	[(72, 88, 'Номер телефона')]	['+7 987 654 32 10']
В целях безопасности мы можем запросить дополнительные данные, но номер водительского удостоверения 7980119213 не является основным для таких проверок.	[(100, 110, 'Водительское удостоверение')]	['7980119213']
Мы проверим операцию по вашей карте EVGENIY ORLOV. Пожалуйста, уточните дату и сумму транзакции.	[(36, 49, 'Имя держателя карты')]	['EVGENIY ORLOV']
Я не могу получить деньги в банкомате. Карта Смирнова Руслана. Что случилось?	[(45, 53, 'ФИО'), (54, 61, 'ФИО')]	['Смирнова', 'Руслана']
Да, для смены пароля иногда достаточно частичной информации для верификации. Введите эти данные, пожалуйста.	[]	[]
Мне нужна выписка по карте, которая действовала до октября 2023 года. Как её получить?	[(51, 68, 'Дата окончания срока действия карты')]	['октября 2023 года']
Понял. Мы скорректируем данные. Пожалуйста, подтвердите полную дату рождения.	[]	[]
Это означает, что терминал не смог корректно считать данные с магнитной полосы. Пожалуйста, попробуйте оплатить чипом или бесконтактно.	[]	[]
Да, для оформления пенсионной карты и привязки к пенсионным выплатам СНИЛС является обязательным документом. Без него невозможно корректно обрабатывать пенсионные начисления.	[]	[]
Нет, это не проблема. Главное, чтобы вы имели доступ к этому электронному адресу для подтверждений.	[]	[]
Для консультации по инвестициям вы можете записаться на встречу с финансовым консультантом в отделении. Он поможет выбрать продукт.	[]	[]
Отлично, мы можем оформить премиальную карту. Имя KIRILL VINOGRADOV будет напечатано на ней в соответствии со стандартами.	[(50, 67, 'Имя держателя карты')]	['KIRILL VINOGRADOV']
С разрешением 99 2342346 вы можете подключить СБП без ограничений. Все функции будут доступны в полном объеме.	[(14, 24, 'Разрешение на работу / визу')]	['99 2342346']
Да, мы предоставляем консультации по налоговым вопросам для ИП с ИНН 500123456789. Запишитесь на встречу.	[(69, 81, 'Сведения об ИНН')]	['500123456789']
Здравствуйте. Да, ИНН 7703123456 — это основной идентификатор. Мы проверим данные по нему.	[(22, 32, 'Сведения об ИНН')]	['7703123456']
Перестали приходить коды подтверждения на номер 8-945-901-23-45 при попытке оплаты в интернете. Что делать?	[(48, 63, 'Номер телефона')]	['8-945-901-23-45']
У меня вид на жительство 83 3334455. Могу ли я оформить кредитную карту онлайн без посещения банка?	[(25, 35, 'Серия и номер вида на жительство')]	['83 3334455']
При оформлении вклада я указал дату регистрации 09.09.2019. Все в порядке с моими данными?	[(48, 58, 'Дата регистрации по месту жительства или пребывания')]	['09.09.2019']
Я хочу оформить автоплатеж, но система просит подтвердить данные визы 96 6543210. Это обязательно?	[(70, 80, 'Разрешение на работу / визу')]	['96 6543210']
Я использую код 890123 для входа в приложение, но он не принимается. С чем это может быть связано?	[(16, 22, 'Одноразовые коды')]	['890123']
Вы можете заказать справку об отсутствии задолженностей в личном кабинете. Она будет готова в течение нескольких дней.	[]	[]
Проверьте, пожалуйста, все символы. Даже одна опечатка может привести к отклонению заявки.	[]	[]
"Я пытаюсь оформить кредит для ООО ""СтройГрад"", но система не принимает ИНН 7701000001. В чем может быть проблема?"	[(75, 85, 'Сведения об ИНН')]	['7701000001']
Почему API ключ app_key_prod_QWERTYUIOPASDFGHJKLMNBVCXZ возвращает ошибку 'Not Found'?	[(16, 55, 'API ключи')]	['app_key_prod_QWERTYUIOPASDFGHJKLMNBVCXZ']
Я хочу отказаться от рассылок банка. Это как-то связано с тем, что я регистрировался по разрешению на работу 56 1234567?	[(109, 119, 'Разрешение на работу / визу')]	['56 1234567']
Мне нужно подтвердить, что я являюсь владельцем счета 40817810112345678901. Какая справка подойдет?	[(54, 74, 'Номер банковского счета')]	['40817810112345678901']
Немедленно заблокируйте карту через мобильное приложение или по телефону горячей линии, чтобы избежать несанкционированных операций.	[]	[]
В моей выписке по счету указана старая дата регистрации – 05.01.2018. Почему она не обновилась?	[(58, 68, 'Дата регистрации по месту жительства или пребывания')]	['05.01.2018']
Проверьте, правильно ли вы ввели номер телефона в банкомате. Иногда СМС-сообщения могут задерживаться.	[]	[]
Банкомат на Ленина, 15, не смог считать мою карту, выдав ошибку с содержимым Track 2: 4123456789012345=2312201000000000000.	[(86, 122, 'Содержимое магнитной полосы')]	['4123456789012345=2312201000000000000']
Я заказала новую карту, и в приложении вижу, что имя на ней ELENA SMIRNOVA. Это правильное написание?	[(60, 74, 'Имя держателя карты')]	['ELENA SMIRNOVA']
Могу ли я привязать к своему счету дополнительный номер 8 (903) 123-45-67 для получения выписок?	[(56, 73, 'Номер телефона')]	['8 (903) 123-45-67']
Проверьте, пожалуйста, что ваш email подтвержден в программе лояльности. Иногда требуется дополнительная активация.	[]	[]
Изменить номер телефона, привязанный к карте 4444565678789090, можно только при личном визите в отделение банка с паспортом. Это нужно для вашей безопасности.	[(45, 61, 'Номер карты')]	['4444565678789090']
Мне нужно подтвердить операцию по телефону, но я не помню кодовое слово Стрела. Что делать?	[(72, 78, 'Кодовые слова')]	['Стрела']
Приносим извинения за неудобства. Проверю статус обновления ваших контактных данных и скорректирую информацию.	[]	[]
Не могу обновить данные паспорта в мобильном приложении для карты 4888909012123434. Выдает ошибку.	[(66, 82, 'Номер карты')]	['4888909012123434']
При подаче заявки на ипотеку я указал СНИЛС 500-600-700 07. Когда ждать решения?	[(44, 58, 'СНИЛС клиента')]	['500-600-700 07']
Ваша карта, срок которой истёк в сентябре 2023, уже недействительна. Пожалуйста, закажите новую карту через мобильное приложение.	[(33, 46, 'Дата окончания срока действия карты')]	['сентябре 2023']
Кодовое слово может запросить только сотрудник банка при вашем обращении для идентификации личности.	[]	[]
Я получил уведомление, что мой СНИЛС 900-010-120 12 устарел. Что это значит?	[(37, 51, 'СНИЛС клиента')]	['900-010-120 12']
Хочу узнать, могу ли я получить скидку на страховку, если у меня водительское удостоверение 56 04 378012? Есть ли такие предложения?	[(92, 104, 'Водительское удостоверение')]	['56 04 378012']
Мой ребенок случайно ввел неверный ПИН-код 7777 несколько раз, и теперь карта не работает. Можно ли её разблокировать быстро?	[(43, 47, 'ПИН код')]	['7777']
Моя регистрация истекает 02.03.2025. Какие будут последствия, если я не обновлю данные?	[(25, 35, 'Дата регистрации по месту жительства или пребывания')]	['02.03.2025']
Да, конечно. Я повторно отправлю подтверждение о закрытии счёта на ваш адрес andrey.kim@gmail.com. Проверьте почту через несколько минут.	[(77, 97, 'Email')]	['andrey.kim@gmail.com']
Срок действия моей карты до 09/27. Могу ли я её использовать для покупок за границей?	[(28, 33, 'Дата окончания срока действия карты')]	['09/27']
Мне пришло подозрительное СМС о блокировке карты. Мой номер +7 987 654 32 10. Это мошенники?	[(60, 76, 'Номер телефона')]	['+7 987 654 32 10']
Ошибка входа, скорее всего, не связана с водительским удостоверением 56 62 000007. Попробуйте сбросить пароль или переустановить приложение для решения проблемы.	[(69, 81, 'Водительское удостоверение')]	['56 62 000007']
Мой пароль Login_Now не подходит, а я не могу получить SMS для восстановления. Что делать?	[(11, 20, 'Пароли')]	['Login_Now']
Да, вы можете оформить кредитную карту, но срок её действия может быть ограничен датой 10 апреля 2024 года.	[(87, 106, 'Дата регистрации по месту жительства или пребывания')]	['10 апреля 2024 года']
Не могу войти в личный кабинет, постоянно пишет, что логин или пароль Назаровой Жанны неверны.	[(70, 79, 'ФИО'), (80, 85, 'ФИО')]	['Назаровой', 'Жанны']
Ошибка 401 означает 'Unauthorized'. Возможно, токен недействителен, истек или неверно сформирован.	[]	[]
"Проверили вашу анкету. Действительно, отсутствует место рождения. Добавим ""Астрахань""."	[(75, 84, 'Место рождения')]	['Астрахань']
Мой загранпаспорт, серия 75 1234567, выдан 25 марта 2020 года, срок действия до 25 марта 2030 года.	[(25, 27, 'Паспортные данные'), (28, 35, 'Паспортные данные'), (43, 61, 'Паспортные данные'), (80, 98, 'Паспортные данные')]	['75', '1234567', '25 марта 2020 года', '25 марта 2030 года']
Уточняю информацию по водительскому удостоверению 7389270459. Это займет буквально пару секунд.	[(50, 60, 'Водительское удостоверение')]	['7389270459']
Мне нужна справка о праве собственности на автомобиль по VIN Z94GF812345678901.	[(61, 78, 'Данные об автомобиле клиента')]	['Z94GF812345678901']
Мне пришло уведомление о необходимости подтвердить гражданство. Я гражданин Узбекистана. Какие документы предоставить?	[(76, 87, 'Гражданство и названия стран')]	['Узбекистана']
Проверьте настройки уведомлений в приложении. Возможно, они были отключены или изменились параметры.	[]	[]
Для выяснения обстоятельств, пожалуйста, немедленно свяжитесь с нашей службой безопасности. Это важно.	[]	[]
Не пришло подтверждение платежа на адрес ivanov.d@mail.ru после вчерашней операции. Проверьте, пожалуйста, статус.	[(41, 57, 'Email')]	['ivanov.d@mail.ru']
Проверьте, достаточно ли средств на счете. Иногда сбои могут быть связаны с техническими работами.	[]	[]
Я гражданин другой страны, но у меня есть вид на жительство 831000024. Могу ли я открыть вклад в вашем банке?	[(60, 69, 'Серия и номер вида на жительство')]	['831000024']
У нас превышены лимиты запросов по API ключу API_RATE_LIMIT_EXCEEDED. Можете сбросить их?	[(45, 68, 'API ключи')]	['API_RATE_LIMIT_EXCEEDED']
Мой Google Cloud API Key AIzaSyN6Xb4K7WmP1L2Y9NqZ7d3FvX8aJbT5rM6U для Cloud Natural Language API не обрабатывает текст.	[(25, 65, 'API ключи')]	['AIzaSyN6Xb4K7WmP1L2Y9NqZ7d3FvX8aJbT5rM6U']
Могу ли я узнать своё кодовое слово Солнце в отделении банка, предъявив паспорт?	[(36, 42, 'Кодовые слова')]	['Солнце']
Могу ли я получить детализацию операций по счету 40702810400000007777 за последние полгода?	[(49, 69, 'Номер банковского счета')]	['40702810400000007777']
Можно ли привязать OAuth 2.0 Client Secret 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4-w-1-x-5-z-5-z-6-x-3-x-3-y-8-w-3-x-6-z к другому аккаунту? Мне нужно перенести сервис.	[(43, 117, 'API ключи')]	['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4-w-1-x-5-z-5-z-6-x-3-x-3-y-8-w-3-x-6-z']
Можете подтвердить юридический адрес: г. Москва, ул. Тверская, д. 10? Это очень важно для нашей отчетности.	[(38, 68, 'Данные об организации/юридическом лице (ИНН, КПП, ОГРН, БИК, адреса, расчётный счёт)')]	['г. Москва, ул. Тверская, д. 10']
Пожалуйста, воспользуйтесь функцией восстановления пароля на странице входа. Вам потребуется ввести данные, подтверждающие вашу личность.	[]	[]
Я не могу получить выписку, потому что моя регистрация, датированная 12.12.2021, якобы неактуальна. Почему?	[(69, 79, 'Дата регистрации по месту жительства или пребывания')]	['12.12.2021']
Для входа в личный кабинет на новом устройстве нужен код 887654, но он не приходит.	[(57, 63, 'Одноразовые коды')]	['887654']
Не могу снять деньги в банкомате, пишет, что карта недействительна. Срок действия 05/24. Что случилось?	[(82, 87, 'Дата окончания срока действия карты')]	['05/24']
Я оплатил счёт на 40702810884976472491, но деньги не пришли. Помогите разобраться.	[(18, 38, 'Номер банковского счета')]	['40702810884976472491']
Хочу узнать статус моей заявки на автострахование. Я подавал ее с водительским 43 54 856677.	[(79, 91, 'Водительское удостоверение')]	['43 54 856677']
Да, международные переводы доступны. Вам понадобятся полные реквизиты получателя, включая SWIFT-код банка.	[]	[]
Мне нужно дать доступ к аккаунту моему помощнику. Какой пароль My_Info_! лучше использовать для этого?	[(63, 72, 'Пароли')]	['My_Info_!']
При обновлении данных, я указал адрес: Уфа, Октябрьский район, проспект Октября, дом 100, корпус 1. Подтвердите, что все верно.	[(39, 42, 'Полный адрес'), (44, 61, 'Полный адрес'), (63, 79, 'Полный адрес'), (81, 88, 'Полный адрес'), (90, 98, 'Полный адрес')]	['Уфа', 'Октябрьский район', 'проспект Октября', 'дом 100', 'корпус 1']
Убедитесь, что вы правильно ввели все данные карты, включая CVC/CVV код. Иногда причина в сбое на стороне магазина.	[]	[]
Могу ли я внести изменения в договор по вкладу, используя временное удостоверение ЛМ33445566?	[(82, 92, 'Временное удостоверение личности')]	['ЛМ33445566']
Продление app_key_prod_QWERTYUIOPASDFGHJKL обычно требует вашего подтверждения. Я могу проверить настройки для вашего ключа.	[(10, 42, 'API ключи')]	['app_key_prod_QWERTYUIOPASDFGHJKL']
Скорее всего, это проблема с терминалом. Мы рекомендуем обратиться в службу поддержки терминала или попробовать оплатить чипом.	[]	[]
У меня возникли проблемы с подтверждением личности при входе. Мой вид на жительство 82/0000001. Что делать?	[(84, 94, 'Серия и номер вида на жительство')]	['82/0000001']
У нас возникла проблема с безопасностью. Нужно срочно сменить API ключ API_SECURITY_BREACH_ALERT.	[(71, 96, 'API ключи')]	['API_SECURITY_BREACH_ALERT']
Размер комиссии зависит от суммы перевода и банка получателя. Вы можете увидеть точную сумму перед подтверждением операции.	[]	[]
Мне нужно срочно узнать, какое кодовое слово Лазурь у меня сейчас. Это очень важно!	[(45, 51, 'Кодовые слова')]	['Лазурь']
Я давно менял email, но в ваших системах до сих пор указан старый lev.egorov@list.ru. Как обновить?	[(66, 84, 'Email')]	['lev.egorov@list.ru']
Хочу подать заявление на ипотеку с использованием материнского капитала, но свидетельство VII-НО 990011 не проходит.	[(90, 103, 'Свидетельство о рождении')]	['VII-НО 990011']
Пришло СМС с кодом 161616, но я не запрашивал никаких операций. Это ошибка?	[(19, 25, 'Одноразовые коды')]	['161616']
"Попробуйте выбрать ""Тверская область"" и затем ввести ""Тверь"". Если не поможет, обратитесь по телефону."	[(20, 36, 'Место рождения'), (54, 59, 'Место рождения')]	['Тверская область', 'Тверь']
У меня стерся CVV на карте, кажется, это был 789. Могу ли я пользоваться картой без него для онлайн-покупок?	[(45, 48, 'CVV/CVC')]	['789']
Аккаунт будет автоматически разблокирован через 30 минут. Вы также можете сбросить пароль через функцию восстановления доступа.	[]	[]
Мне нужно срочно заблокировать карту, которая была оформлена на Пак Елену. Она была украдена.	[(64, 67, 'ФИО'), (68, 73, 'ФИО')]	['Пак', 'Елену']
Мы предлагаем конкурентные ставки по вкладам для новых клиентов. Можем подобрать для вас оптимальный вариант.	[]	[]
Я хочу застраховать свой Hyundai Solaris с госномером А001АА01. Какие условия вы можете предложить?	[(25, 32, 'Данные об автомобиле клиента'), (33, 40, 'Данные об автомобиле клиента'), (54, 62, 'Данные об автомобиле клиента')]	['Hyundai', 'Solaris', 'А001АА01']
Вчера мне пришло уведомление, что моя дата рождения 12.12.1992. Это ошибка, я родился в другой день.	[(52, 62, 'Дата рождения')]	['12.12.1992']
Какие лимиты на переводы в Узбекистан через мобильное приложение?	[(27, 37, 'Гражданство и названия стран')]	['Узбекистан']
Хорошо, мы поможем. Укажите новый номер телефона, и мы обновим его для уведомлений, связанных с 4567 890123.	[(96, 107, 'Номер телефона')]	['4567 890123']
Да, вы можете заказать досрочный перевыпуск карты, если её срок действия истекает в декабре 2023. Обратитесь в отделение.	[(84, 96, 'Дата окончания срока действия карты')]	['декабре 2023']
Убедитесь, что вы вводите корректный пароль. Если проблема сохраняется, попробуйте сбросить его через настройки профиля.	[]	[]
Могу ли я оформить доверенность на управление моим счётом 40702810700045678901 на другого человека?	[(58, 78, 'Номер банковского счета')]	['40702810700045678901']
Как мне закрыть счёт, к которому привязана карта 5000111122223333, и расторгнуть договор с банком?	[(49, 65, 'Номер карты')]	['5000111122223333']
Telegram-бот для получения курсов валют перестал обновлять данные. Токен 8899001122:KKKKKKKKKKKKKKKKKKKKKKKKKKKKKKKKKKKKKKKKKK не работает.	[(73, 126, 'API ключи')]	['8899001122:KKKKKKKKKKKKKKKKKKKKKKKKKKKKKKKKKKKKKKKKKK']
Я потерял свой вид на жительство 82-5556677. Что мне делать, чтобы банк не заблокировал счета?	[(33, 43, 'Серия и номер вида на жительство')]	['82-5556677']
Да, для изменения номера телефона в целях безопасности может потребоваться подтверждение через водительское удостоверение 1728593041.	[(122, 132, 'Водительское удостоверение')]	['1728593041']
У API ключа app_key_prod_zXyWvU1tS2rQ3pP4oN5mK6jI7hG8fE слишком много прав. Можно ли их ограничить только на чтение?	[(12, 55, 'API ключи')]	['app_key_prod_zXyWvU1tS2rQ3pP4oN5mK6jI7hG8fE']
Мне нужно уточнить, почему OAuth 2.0 Client Secret GOCSPX-3-w-8-z-8-z-5-z-3-y-8-w-3-y-0-x-7-x-7-y-5-y-3-y-0-w-3-x-5-w-4-x-6-z-8-y перестал работать для нашего внутреннего приложения. Это случилось после командировки.	[(51, 129, 'API ключи')]	['GOCSPX-3-w-8-z-8-z-5-z-3-y-8-w-3-y-0-x-7-x-7-y-5-y-3-y-0-w-3-x-5-w-4-x-6-z-8-y']
Track 1 содержит больше информации, включая имя держателя, а Track 2 — только номер карты, срок действия и сервисный код. Оба используются для авторизации.	[]	[]
Я переехал на постоянное место жительства в Грузию. Как мне закрыть счет и перевести остаток средств в Грузию?	[(44, 50, 'Гражданство и названия стран'), (103, 109, 'Гражданство и названия стран')]	['Грузию', 'Грузию']
ОГРН 1007421356789 указан в старых реквизитах. Нужно ли его обновлять, если он не менялся?	[(5, 18, 'Данные об организации/юридическом лице (ИНН, КПП, ОГРН, БИК, адреса, расчётный счёт)')]	['1007421356789']
Это аномальная задержка. Мы проверим работу СМС-шлюза. Попробуйте запросить новый код.	[]	[]
Возможно, это комиссия за конвертацию валюты. Проверьте детали операции в выписке или уточните тарифы.	[]	[]
Не приходят ежемесячные выписки на мой адрес ivanov@mail.ru уже третий месяц подряд.	[(45, 59, 'Email')]	['ivanov@mail.ru']
При заполнении реквизитов для расчётного счёта 40702810900045678901, система не принимает КПП 770101001. Что делать?	[(47, 67, 'Данные об организации/юридическом лице (ИНН, КПП, ОГРН, БИК, адреса, расчётный счёт)'), (94, 103, 'Данные об организации/юридическом лице (ИНН, КПП, ОГРН, БИК, адреса, расчётный счёт)')]	['40702810900045678901', '770101001']
Вы можете восстановить ПИН-код в мобильном приложении или заказать перевыпуск карты.	[]	[]
Мы можем скорректировать данные. Укажите, пожалуйста, точное наименование из паспорта.	[]	[]
Это значит, что магнитная полоса повреждена. Попробуйте использовать чип или заказать новую карту.	[]	[]
Да, с визой 91 0011224 вы можете открыть металлический счет. Для этого потребуется посетить наше отделение.	[(12, 22, 'Разрешение на работу / визу')]	['91 0011224']
Паспорт выдан 15.06.2012, Отделом УФМС России по Московской области. В онлайн-банке не могу подтвердить личность.	[(14, 24, 'Паспортные данные'), (26, 67, 'Паспортные данные')]	['15.06.2012', 'Отделом УФМС России по Московской области']
Моё кодовое слово Каскад не срабатывает при попытке войти в интернет-банк. Что делать?	[(18, 24, 'Кодовые слова')]	['Каскад']
Попробуйте найти банкомат нашего банка или снимите наличные через кассу в любом банке, если это возможно. Также проверьте лимиты на снятие за границей.	[]	[]
Я хочу снять крупную сумму наличных. Моя виза 97 7654321. Могут ли быть вопросы?	[(46, 56, 'Разрешение на работу / визу')]	['97 7654321']
Это криптограмма чипа. Проблемы с чипом за границей могут быть связаны с несовместимостью терминалов или повреждением карты. Рекомендуем перевыпустить карту.	[]	[]
Я хочу получить выписку по счету, но для подтверждения личности запрашивают СНИЛС 777-888-999 00. Это обязательно?	[(82, 96, 'СНИЛС клиента')]	['777-888-999 00']
Нам срочно нужно подтверждение открытия расчётного счёта 40702810500010005678 для участия в тендере. Как его получить?	[(57, 77, 'Данные об организации/юридическом лице (ИНН, КПП, ОГРН, БИК, адреса, расчётный счёт)')]	['40702810500010005678']
Проверьте, пожалуйста, правильность ввода данных. Если проблема сохраняется, мы можем восстановить ваш доступ.	[]	[]
Хочу поменять свой текущий ПИН-код 5678 на более простой. Как это можно сделать через мобильное приложение?	[(35, 39, 'ПИН код')]	['5678']
Мне нужно узнать остаток средств на счёте, к которому привязана моя основная карта 5423678901234567. Подскажите, пожалуйста.	[(83, 99, 'Номер карты')]	['5423678901234567']
Мой разработчик говорит, что API ключ 'api_key_client_app_v2' был скомпрометирован. Что мне делать в такой ситуации?	[(39, 60, 'API ключи')]	['api_key_client_app_v2']
Для изменения юридического адреса необходимо предоставить в банк выписку из ЕГРЮЛ с новыми данными. Вы можете сделать это онлайн или в отделении.	[]	[]
Да, выписка по API_WEBHOOK_007 доступна в личном кабинете. Укажите интересующий период для формирования отчета.	[(15, 30, 'API ключи')]	['API_WEBHOOK_007']
Для подключения услуги «Родительский контроль» и получения уведомлений на номер 8-925-901-23-45, пожалуйста, зайдите в раздел «Детские карты» в приложении.	[(80, 95, 'Номер телефона')]	['8-925-901-23-45']
Проверьте, пожалуйста, нет ли сообщений от Telegram о блокировке вашего бота. Также убедитесь, что он не нарушает правила платформы.	[]	[]
Моя организация, ИНН 6601234567, сменила название. Как обновить эту информацию в банке?	[(21, 31, 'Сведения об ИНН')]	['6601234567']
Данные по госномеру М111КК111 и оранжевому цвету автомобиля обновлены. Спасибо за своевременное информирование.	[(20, 29, 'Данные об автомобиле клиента'), (32, 40, 'Данные об автомобиле клиента')]	['М111КК111', 'оранжево']
Мы рекомендуем уведомлять банк о поездке. Это поможет избежать блокировки карты по подозрению в мошенничестве.	[]	[]
Проверьте, правильно ли вы указали все остальные данные карты, включая срок действия и имя держателя. Убедитесь, что карта активна.	[]	[]
После 02.03.2025 могут быть ограничения на операции. Рекомендуем обновить данные заранее.	[(6, 16, 'Дата регистрации по месту жительства или пребывания')]	['02.03.2025']
Хочу перевести деньги в другой банк, но система просит обновить паспортные данные. Мой паспорт выдан ОВД района Пресненский г. Москвы.	[(101, 133, 'Паспортные данные')]	['ОВД района Пресненский г. Москвы']
Регистрация ребенка в СБП не предусмотрена. СБП работает для взрослых пользователей с привязанными счетами.	[]	[]
Здравствуйте, хочу обновить данные. Мой вид на жительство 82 2589631. Куда мне обратиться?	[(58, 68, 'Серия и номер вида на жительство')]	['82 2589631']
Пытаюсь обновить контактные данные ребенка, но свидетельство о рождении VIII-ОО 890123 не принимается.	[(72, 86, 'Свидетельство о рождении')]	['VIII-ОО 890123']
Проверьте, пожалуйста, формат отправляемого текста и соответствие его требованиям API. Также убедитесь, что ключ активен.	[]	[]
Ваше место рождения «Ярославль» внесено корректно. Ошибок нет.	[(21, 30, 'Место рождения')]	['Ярославль']
Хочу увеличить лимит по карте. Она оформлена на Смирнова Алексея.	[(48, 56, 'ФИО'), (57, 64, 'ФИО')]	['Смирнова', 'Алексея']
Если карта была заблокирована, то все ее данные, включая CVV-код, становятся недействительными. Вам потребуется перевыпуск карты.	[]	[]
Изменение адреса регистрации не влияет на действующие карты, но обновить данные в банке необходимо для корректной коммуникации.	[]	[]
Вероятно, срок действия вашего разрешения на работу 14 6783901 истёк. Обновите его, чтобы восстановить полный доступ к сервисам.	[(52, 62, 'Разрешение на работу / визу')]	['14 6783901']
Для перевода в Казахстан через наше мобильное приложение потребуется ФИО получателя и номер его карты или счета.	[(15, 24, 'Гражданство и названия стран')]	['Казахстан']
Если номер 89167776655 остался прежним, то менять ничего не нужно. Все уведомления будут приходить как обычно.	[(11, 22, 'Номер телефона')]	['89167776655']
Мой Ford Focus фиолетового цвета с номером В002ВВ02 не проходит верификацию в личном кабинете. Почему?	[(4, 8, 'Данные об автомобиле клиента'), (9, 14, 'Данные об автомобиле клиента'), (15, 26, 'Данные об автомобиле клиента'), (43, 51, 'Данные об автомобиле клиента')]	['Ford', 'Focus', 'фиолетового', 'В002ВВ02']
Мне нужна выписка по счету для налоговой. Мой адрес: Республика Башкортостан, город Уфа, улица Ленина, дом 5.	[(53, 76, 'Полный адрес'), (78, 87, 'Полный адрес'), (89, 101, 'Полный адрес'), (103, 108, 'Полный адрес')]	['Республика Башкортостан', 'город Уфа', 'улица Ленина', 'дом 5']
"Не обязательно, но для подтверждения личности нам могут понадобиться все паспортные данные, включая ""Тольятти""."	[(101, 109, 'Место рождения')]	['Тольятти']
Проверьте, что вы вводите именно CVV, а не PIN-код. Убедитесь, что карта активна и не заблокирована. Возможно, вы ошиблись цифрой.	[]	[]
У меня изменился статус налогового резидентства. Это как-то связано с моей визой 83 8906123?	[(81, 91, 'Разрешение на работу / визу')]	['83 8906123']
Проверьте, пожалуйста, привязана ли карта 4000121234345656 к вашему аккаунту в приложении такси и достаточно ли на ней средств. Иногда требуется перепривязать карту.	[(42, 58, 'Номер карты')]	['4000121234345656']
Да, можете. Дата регистрации не препятствует рефинансированию, если у вас стабильный доход.	[]	[]
Я сменил адрес проживания. Нужно ли мне предоставлять новое разрешение на работу 99 6789012 при обновлении данных?	[(81, 91, 'Разрешение на работу / визу')]	['99 6789012']
У меня стерся CVV на карте, я помню, что там было что-то вроде 789, но точно не уверен. Могу ли я пользоваться картой?	[(63, 66, 'CVV/CVC')]	['789']
Мои паспортные данные: серия 4523 номер 252627. Не могу обновить данные для СБП.	[(29, 33, 'Паспортные данные'), (40, 46, 'Паспортные данные')]	['4523', '252627']
Я гражданин Хорватии. Могу ли я получать пенсию на карту вашего банка?	[(12, 20, 'Гражданство и названия стран')]	['Хорватии']
Да, ваш ИНН 503212345678 успешно привязан к вашему текущему счету. Все данные актуальны.	[(12, 24, 'Сведения об ИНН')]	['503212345678']
Уточните по VIN XWE00002130000001, год выпуска 2023, есть ли по нему активные кредиты?	[(16, 33, 'Данные об автомобиле клиента'), (47, 51, 'Данные об автомобиле клиента')]	['XWE00002130000001', '2023']
Хочу пополнить счет для погашения кредита, но не помню его номер. Могу ли я использовать счет 40702810800007424601?	[(94, 114, 'Номер банковского счета')]	['40702810800007424601']
Да, это стандартная процедура для верификации личности. Подтвердите ваш год рождения, пожалуйста.	[]	[]
Безусловно, при утечке секретных данных необходимо немедленно отозвать старый и создать новый ключ для безопасности.	[]	[]
Возможно, произошел технический сбой или карта была заблокирована ранее. Проверьте статус карты в приложении или обратитесь к нам.	[]	[]
Мои паспортные данные: серия 4513 номер 777888. Не могу получить подтверждение по СМС.	[(29, 33, 'Паспортные данные'), (40, 46, 'Паспортные данные')]	['4513', '777888']
Хочу подключить СМС-уведомления о всех операциях. Моё имя GALINA MIKHAILOVA.	[(58, 75, 'Имя держателя карты')]	['GALINA MIKHAILOVA']
Спасибо за уточнение. Передаю информацию в соответствующий отдел для дальнейшей обработки.	[]	[]
Для открытия инвестиционного счета вам потребуется паспорт и ИНН. Могу записать вас на консультацию.	[]	[]
Мне пришло сообщение о списании средств, но я ничего не покупал. Номер отправителя 900.	[(83, 86, 'Номер телефона')]	['900']
Могу ли я узнать баланс по карте, которая оформлена на Петросяна Армена?	[(55, 64, 'ФИО'), (65, 71, 'ФИО')]	['Петросяна', 'Армена']
Не могу зайти в онлайн-банк, пишет, что мои данные неверны. Мой логин привязан к Ибрагимову Тимуру.	[(81, 91, 'ФИО'), (92, 98, 'ФИО')]	['Ибрагимову', 'Тимуру']
Добрый день! Вы можете обновить данные в личном кабинете или посетить ближайшее отделение с паспортом.	[]	[]
Пытаюсь открыть счет для ребенка, но номер свидетельства о рождении V-ИК 567890 не проходит проверку.	[(68, 79, 'Свидетельство о рождении')]	['V-ИК 567890']
Это может быть вызвано несовместимостью терминала или временными неполадками. Попробуйте использовать физическую карту или другой терминал.	[]	[]
Для подтверждения личности чаще всего используется паспорт. СНИЛС может быть дополнительным документом. СНИЛС может служить лишь дополнительным идентификатором.	[]	[]
Как я могу повысить безопасность моей карты? На ней GENNADIY VASILYEV.	[(52, 69, 'Имя держателя карты')]	['GENNADIY VASILYEV']
Проверил ваши данные. Этот адрес указан как основной для получения выписок. Могу ли я еще чем-то помочь?	[]	[]
Я родился 20 июня. В анкете на кредитную карту не могу найти место для ввода полного года.	[(10, 12, 'Дата рождения'), (13, 17, 'Дата рождения')]	['20', 'июня']
Сменить ПИН-код для дополнительной карты может только основной держатель карты через мобильное приложение или в банкомате. Супруг не сможет сделать это самостоятельно.	[]	[]
Да, ваша дата регистрации 14.02.2016 соответствует нашим требованиям для подачи заявки на автокредит.	[(26, 36, 'Дата регистрации по месту жительства или пребывания')]	['14.02.2016']
Отмена ошибочного перевода возможна только при согласии получателя. Попробуйте связаться с ним напрямую.	[]	[]
Переводила деньги на номер телефона Смирновой Алины, но ошиблась в одной цифре. Что теперь делать?	[(36, 45, 'ФИО'), (46, 51, 'ФИО')]	['Смирновой', 'Алины']
Да, это возможно, но могут взиматься комиссии сторонних банков. Рекомендуем использовать наши банкоматы для пополнения без комиссии.	[]	[]
Это стандартное требование для родителя или опекуна. Подтвердите ваш год рождения для дальнейшего оформления.	[]	[]
Да, дата регистрации не влияет на участие в программе лояльности. Важен статус активного клиента.	[]	[]
Да, для крупных операций может потребоваться актуализация паспортных данных. Пожалуйста, предоставьте данные для проверки.	[]	[]
Могу ли я оформить доверенность на управление счетом, если доверенное лицо гражданин Литвы?	[(85, 90, 'Гражданство и названия стран')]	['Литвы']
Вы можете подключить услугу в личном кабинете или через банкомат. Также можно обратиться в отделение.	[]	[]
При утере карты с датой 08/27 необходимо заказать новую. Автоматический перевыпуск в этом случае не сработает.	[(24, 29, 'Дата окончания срока действия карты')]	['08/27']
Моё разрешение на работу 21 3456789 скоро закончится. Что произойдёт с моими счетами и картами после истечения его срока?	[(25, 35, 'Разрешение на работу / визу')]	['21 3456789']
Я зарегистрирован по месту жительства с 23 октября 2017 года. Это влияет на лимиты по карте?	[(40, 60, 'Дата регистрации по месту жительства или пребывания')]	['23 октября 2017 года']
Я потерял карту и хочу заблокировать ее. У меня есть только временный документ серии ВГ12345678.	[(85, 95, 'Временное удостоверение личности')]	['ВГ12345678']
После истечения срока действия документа операции могут быть ограничены. Рекомендуем обновить данные.	[]	[]
После обновления системы, Telegram Bot API токен 9625340632:x_5-x-7-z-7-x_0-y-0-x_5-x_0-w-6-z-2-z-0-x-6-w-7-x-5-x-4-w-4-w-0-z-1-z-1-z перестал работать. Это случилось вчера вечером. Можете помочь?	[(49, 133, 'API ключи')]	['9625340632:x_5-x-7-z-7-x_0-y-0-x_5-x_0-w-6-z-2-z-0-x-6-w-7-x-5-x-4-w-4-w-0-z-1-z-1-z']
Да, после получения нового постоянного документа обязательно обновите свои данные в ближайшем отделении или через мобильное приложение.	[]	[]
Моя дата рождения 23 октября, и я родился в 16 часов. При входе в личный кабинет постоянно спрашивают.	[(18, 20, 'Дата рождения'), (21, 28, 'Дата рождения'), (44, 46, 'Дата рождения')]	['23', 'октября', '16']
В моих данных указан Хабаровск, но в паспорте написано Хабаровский край. Что делать?	[(21, 30, 'Место рождения'), (55, 71, 'Место рождения')]	['Хабаровск', 'Хабаровский край']
Да, скорее всего, именно в этом причина. Ваша карта, срок действия которой истёк в августе 2023, уже неактивна. Используйте новую.	[(83, 95, 'Дата окончания срока действия карты')]	['августе 2023']
К сожалению, СМС-сообщения на номер 89265554433 могут не приходить за границей. Попробуйте воспользоваться push-уведомлениями.	[(36, 47, 'Номер телефона')]	['89265554433']
Могу ли я оформить совместный счёт с супругой, если у меня разрешение на работу 81 7654321?	[(80, 90, 'Разрешение на работу / визу')]	['81 7654321']
Пожалуйста, уточните, какие именно документы вы не получили. Мы проверим адрес.	[]	[]
Нет, при оплате через Apple Pay или Google Pay ваш CVV 777 не используется. Вместо него применяются токенизированные данные карты.	[(55, 58, 'CVV/CVC')]	['777']
Недавно получил новое водительское удостоверение. Его номер 67 89 012345. Как мне оформить страховку?	[(60, 72, 'Водительское удостоверение')]	['67 89 012345']
Да, вы можете временно приостановить действие API ключа API_PAUSE_SERVICE_KEY в настройках ключа в личном кабинете.	[(56, 77, 'API ключи')]	['API_PAUSE_SERVICE_KEY']
Интернет-банк никогда не запрашивает ПИН-код карты для входа. Это признак фишинга. Немедленно закройте страницу и проверьте свой компьютер на вирусы. Заблокируйте карту.	[]	[]
Да, многие банки предлагают моментальные переводы. Уточните у отправителя, доступна ли такая опция для нашей карты.	[]	[]
Этот пароль слишком простой и легко подбирается. Используйте комбинацию букв, цифр и символов для создания надежного пароля.	[]	[]
Ваша карта находится на этапе выпуска. Мы сообщим вам, когда она будет готова к выдаче в отделении.	[]	[]
Хочу узнать баланс детской карты. Номер свидетельства XXXII-ЯА 234567. Можете подсказать?	[(54, 69, 'Свидетельство о рождении')]	['XXXII-ЯА 234567']
Моя карта не работает, и я видел сообщение с данными Track 2: 4567890123456789=26071011234567890123. Нужно менять карту в срочном порядке?	[(62, 99, 'Содержимое магнитной полосы')]	['4567890123456789=26071011234567890123']
Задолженности привязываются к вашим паспортным данным и ИНН. СНИЛС не используется для проверки задолженностей в нашем банке.	[]	[]
Вы можете изменить ПИН-код в любом банкомате нашего банка или через мобильное приложение. Следуйте инструкциям на экране.	[]	[]
Банк не занимается продлением регистрации. Вам нужно предоставить нам уже продлённый документ.	[]	[]
"Вы можете отслеживать статус доставки карты в мобильном приложении в разделе ""Мои карты"". Там будет указана ориентировочная дата."	[]	[]
Проверьте стабильность интернет-соединения и попробуйте повторить операцию. Если проблема сохранится, мы проверим систему.	[]	[]
Да, для открытия дополнительного счета вы можете использовать те же данные разрешения на работу 32 1098765. Они уже верифицированы в нашей системе.	[(96, 106, 'Разрешение на работу / визу')]	['32 1098765']
Срочно сообщите об утере в банк. После получения нового документа, обновите данные у нас в системе.	[]	[]
Мой вид на жительство 82/8901234. Я забыл кодовое слово. Как его восстановить?	[(22, 32, 'Серия и номер вида на жительство')]	['82/8901234']
Для увеличения лимитов вам нужно подать заявку через личный кабинет. Укажите причину и ожидаемый объем запросов.	[]	[]
Да, эти данные уникальны для каждой карты и содержат информацию, необходимую для ее идентификации и авторизации в платежных системах.	[]	[]
Да, можете. Дата регистрации не является основным критерием для автокредита, важен ваш доход и кредитная история.	[]	[]
В выписке указывается только дата рождения. День недели не является частью официальных данных.	[]	[]
Можно ли узнать, какие счета привязаны к моему СНИЛС 304-506-708 09?	[(53, 67, 'СНИЛС клиента')]	['304-506-708 09']
Хорошо, все данные записаны. Скоро с вами свяжется наш специалист для уточнения деталей.	[]	[]
Приносим извинения за неудобства. Мы проверим, почему отображается 20.01.2005, и скорректируем данные.	[(67, 69, 'Дата регистрации по месту жительства или пребывания')]	['20']
В мобильном приложении вижу, что срок действия карты до 01/25. Могу ли я уже заказать новую?	[(56, 61, 'Дата окончания срока действия карты')]	['01/25']
Я не могу пройти идентификацию в офисе, у меня только временное удостоверение 234567890123.	[(78, 90, 'Временное удостоверение личности')]	['234567890123']
Активация карты по временному удостоверению 951753846209 возможна через банкомат или контактный центр.	[(44, 56, 'Временное удостоверение личности')]	['951753846209']
Вам необходимо восстановить номер 8 (903) 123-45-67 у оператора или изменить его в банковской системе на актуальный.	[(34, 51, 'Номер телефона')]	['8 (903) 123-45-67']
В случае спорных операций мы можем запросить дополнительные документы для идентификации. Разрешение на работу 90 8593402 может быть одним из них.	[(110, 120, 'Разрешение на работу / визу')]	['90 8593402']
При перевыпуске карты ваш номер 8 (903) 123-45-67 будет автоматически привязан, если он уже указан как основной в вашем профиле.	[(32, 49, 'Номер телефона')]	['8 (903) 123-45-67']
Прекрасное решение! Вы можете изменить пароль в разделе «Безопасность» вашего личного кабинета. Чем сложнее пароль, тем выше уровень защиты.	[]	[]
Мой коллега, Ким Сергей, не может получить зарплату на карту. В чем может быть проблема?	[(13, 16, 'ФИО'), (17, 23, 'ФИО')]	['Ким', 'Сергей']
Это может быть попытка входа в ваш аккаунт. Никому не сообщайте этот код и проверьте историю операций.	[]	[]
Да, с видом на жительство вы можете открыть вклад. Пожалуйста, посетите отделение для оформления.	[]	[]
Моя карта Тинькофф Банка не работает в банкомате за границей. Что с ней случилось?	[(10, 24, 'Наименование банка')]	['Тинькофф Банка']
Да, перед выдачей карты сотрудник всегда сверяет данные с вашим паспортом для подтверждения.	[]	[]
Мне нужна помощь с пониманием, как правильно использовать API ключ pk_test_ABCDEF1234567890ABCDEF1234567890 для вебхуков.	[(67, 107, 'API ключи')]	['pk_test_ABCDEF1234567890ABCDEF1234567890']
Если вы обновили адрес в банке, проблем не будет. Уведомления приходят на указанный вами адрес.	[]	[]
После истечения срока действия разрешения 36 4562789 доступ к некоторым операциям может быть ограничен. Рекомендуем продлить его заранее.	[(42, 52, 'Разрешение на работу / визу')]	['36 4562789']
Банк никогда не запрашивает СНИЛС по телефону для подтверждения платежей. Будьте бдительны и не сообщайте данные.	[]	[]
Я пытаюсь подтвердить автоплатеж, но код 556677 не принимается. В чем причина?	[(41, 47, 'Одноразовые коды')]	['556677']
Данные EMV-чипа обеспечивают защиту ваших платежей. Это обычная техническая информация для проверки.	[]	[]
Система выдает ошибку 'API key expired' для 1a2b3c4d-5e6f-7a8b-9c0d-1e2f3a4b5c6d. Это значит, что он действительно просрочен?	[(44, 80, 'API ключи')]	['1a2b3c4d-5e6f-7a8b-9c0d-1e2f3a4b5c6d']
Хочу изменить e-mail для получения СМС-уведомлений. Сейчас это sms@notifications.com.	[(63, 84, 'Email')]	['sms@notifications.com']
Хочу узнать, можно ли получить дубликат свидетельства о рождении XXXVII-ЩМ 888999 через ваш банк?	[(65, 81, 'Свидетельство о рождении')]	['XXXVII-ЩМ 888999']
Проверьте правильность ввода, регистр и язык. Если проблема сохраняется, мы можем помочь вам задать новое кодовое слово.	[]	[]
Мне не пришел договор на открытие вклада на pavel.volkov@yahoo.com. Это срочно, я жду его уже два дня.	[(44, 66, 'Email')]	['pavel.volkov@yahoo.com']
Проверьте, достаточно ли средств на счету и не было ли проблем с интернет-соединением. Возможно, просто сбой у сервиса.	[]	[]
Я хочу установить кодовое слово Медуза. Есть ли какие-то ограничения по длине или символам?	[(32, 38, 'Кодовые слова')]	['Медуза']
"У нас изменился юридический адрес на г. Москва, ул. Тверская, д. 10. Нужно ли обновить данные в банке для АО ""Гамма""?"	[(37, 67, 'Данные об организации/юридическом лице (ИНН, КПП, ОГРН, БИК, адреса, расчётный счёт)')]	['г. Москва, ул. Тверская, д. 10']
Мой OAuth 2.0 Client Secret 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 был случайно опубликован. Что мне делать, чтобы обезопасить данные?	[(28, 63, 'API ключи')]	['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']
"Да, вы можете настроить СМС-уведомления о поступлениях и расходах в разделе ""Уведомления"" мобильного приложения."	[]	[]
Если вы не меняли пароль, это может быть признаком мошенничества. Проверьте свою электронную почту и свяжитесь с нами для проверки.	[]	[]
Проверьте статус токена в @BotFather. Иногда Telegram может временно блокировать ботов за подозрительную активность.	[]	[]
После получения нового паспорта, пожалуйста, как можно скорее обновите данные в банке. Это важно для корректной работы ваших счетов.	[]	[]
Да, конечно. Для консультации по валютному контролю по ИНН 7722112233 вас соединят со специалистом.	[(59, 69, 'Сведения об ИНН')]	['7722112233']
Для иностранных граждан СНИЛС не является обязательным документом при открытии дебетовой карты, но может потребоваться для некоторых услуг.	[]	[]
Я гражданин Венгрии, но временно проживаю в России. Могу ли я оформить дебетовую карту?	[(12, 19, 'Гражданство и названия стран'), (44, 50, 'Гражданство и названия стран')]	['Венгрии', 'России']
Выписка содержит информацию об операциях, но не указывает, был ли при этом введён CVV 126. Это внутренняя информация.	[(86, 89, 'CVV/CVC')]	['126']
"Наш БИК для входящих переводов 044525678. Вы можете найти его на сайте банка в разделе ""Реквизиты"". Это очень важный вопрос для нас, требующий быстрого решения."	[(31, 40, 'Данные об организации/юридическом лице (ИНН, КПП, ОГРН, БИК, адреса, расчётный счёт)')]	['044525678']
"Возможно. Уточните, пожалуйста, актуальные данные. Мы обновим ""Хабаровск""."	[(63, 72, 'Место рождения')]	['Хабаровск']
Мне нужно установить кодовое слово Мир для дополнительной карты. Это возможно?	[(35, 38, 'Кодовые слова')]	['Мир']
Отмена перевода в Австрию для гражданина России могла произойти из-за технических проблем или несоблюдения валютного контроля. Проверьте статус в истории операций.	[(18, 25, 'Гражданство и названия стран'), (41, 47, 'Гражданство и названия стран')]	['Австрию', 'России']
Для актуализации данных вы можете посетить любое отделение банка с паспортом или внести изменения через интернет-банк.	[]	[]
Если срок действия вашей карты 01/25, то она будет перевыпущена автоматически. Заказывать новую не нужно.	[(31, 36, 'Дата окончания срока действия карты')]	['01/25']
Для подтверждения операции мне нужен CVV 555, но я забыл, где он находится на карте. Подскажите.	[(41, 44, 'CVV/CVC')]	['555']
Обновите JWT, который используется для аутентификации системы мониторинга. Убедитесь, что автоматическое обновление токенов настроено правильно.	[]	[]
К сожалению, ваша карта истекла в июне 2024 года. Для проведения операций вам потребуется получить новую карту.	[]	[]
Можно ли открыть отдельный счет 40702810300003328224 для получения детских пособий?	[(32, 52, 'Номер банковского счета')]	['40702810300003328224']
Для подтверждения операции требуются другие данные. Номер 8877665544 не используется для этой цели.	[(58, 68, 'Водительское удостоверение')]	['8877665544']
Я могу сообщить вам баланс после вашей идентификации. Назовите, пожалуйста, вашу фамилию, имя, отчество и дату рождения.	[]	[]
Изменение личных данных, таких как фамилия или имя, требует визита в отделение банка с подтверждающими документами.	[]	[]
Увидел вашу акцию для автомобилистов. Мой номер водительского удостоверения 0102030405. Могу ли я участвовать?	[(76, 86, 'Водительское удостоверение')]	['0102030405']
Мы проверим информацию по вашему адресу Россия, 600000, Самарская обл., г. Самара, ул. Ленина, д. 10, кв. 5 и свяжемся с курьерской службой.	[(40, 46, 'Полный адрес'), (48, 54, 'Полный адрес'), (56, 70, 'Полный адрес'), (72, 81, 'Полный адрес'), (83, 93, 'Полный адрес'), (95, 100, 'Полный адрес'), (102, 107, 'Полный адрес')]	['Россия', '600000', 'Самарская обл.', 'г. Самара', 'ул. Ленина', 'д. 10', 'кв. 5']
Перевод на +79158026643 не прошел вчера. Деньги списались, но не дошли. Можно проверить?	[(11, 23, 'Номер телефона')]	['+79158026643']
Мне нужна справка о закрытии счета на Юсупову Лейлу. Где ее можно получить?	[(38, 45, 'ФИО'), (46, 51, 'ФИО')]	['Юсупову', 'Лейлу']
Моя карта была украдена. Срок действия до 08/26. Что мне делать?	[(42, 47, 'Дата окончания срока действия карты')]	['08/26']
"Хочу узнать, как подключить эквайринг для моей компании ""ТоргСервис"", ИНН 7720000037. Какие условия?"	[(74, 84, 'Сведения об ИНН')]	['7720000037']
У меня ИП, ИНН 503000000022. Не могу получить подтверждение платежа для контрагента. Где его найти?	[(15, 27, 'Сведения об ИНН')]	['503000000022']
Подтверждал операцию в мобильном приложении, код 443210 не сработал. Я точно его ввёл.	[(49, 55, 'Одноразовые коды')]	['443210']
Понял. Это типичная ошибка чтения магнитной полосы. Попробуйте приложить карту еще раз или воспользоваться другой картой.	[]	[]
Мы новая организация с ОГРН 1478201584982. Хотим стать вашим клиентом.	[(28, 41, 'Данные об организации/юридическом лице (ИНН, КПП, ОГРН, БИК, адреса, расчётный счёт)')]	['1478201584982']
Какая разница между данными Track 1 и Track 2? Я видел 4123456789012345=25062010000012345678 и %B5432109876543210^PETROV/SERGEY^23111200000000000000?.	[(55, 92, 'Содержимое магнитной полосы'), (95, 149, 'Содержимое магнитной полосы')]	['4123456789012345=25062010000012345678', '%B5432109876543210^PETROV/SERGEY^23111200000000000000?']
Да, для оформления доверенности необходимы актуальные данные. Мы постараемся решить вашу проблему максимально быстро.	[]	[]
В вам необходимо внести «Туле» в соответствующее поле.	[(25, 29, 'Место рождения')]	['Туле']
Я пытаюсь настроить уведомления, но код 404040 не приходит. Можете помочь?	[(40, 46, 'Одноразовые коды')]	['404040']
Пожалуйста, не используйте эти средства. Мы зафиксируем ошибочное пополнение счета 40702810811223344556 и инициируем процедуру возврата отправителю.	[(83, 103, 'Номер банковского счета')]	['40702810811223344556']
Моя карта ALINA KAZAKOVA была заблокирована из-за подозрительной активности. Как ее разблокировать?	[(10, 24, 'Имя держателя карты')]	['ALINA KAZAKOVA']
Проверьте, пожалуйста, чтобы серия и номер были указаны без лишних пробелов и в формате, как в документе.	[]	[]
Я установил кодовое слово Орбита, но теперь оно кажется мне слишком сложным. Как упростить?	[(26, 32, 'Кодовые слова')]	['Орбита']
Для привязки автомобиля к счету водительское удостоверение не требуется. Номер 4354756687 не нужен для этой операции.	[(79, 89, 'Водительское удостоверение')]	['4354756687']
Да, для подтверждения личности по телефону назовите, пожалуйста, ваше кодовое слово Зима.	[(84, 88, 'Кодовые слова')]	['Зима']
Мне нужно подтвердить личность для крупного перевода. Могу назвать номер своего водительского: 73 14 050019, это подойдет?	[(95, 107, 'Водительское удостоверение')]	['73 14 050019']
Система требует ввести старый пароль BankSecure_XYZ для смены. Но я его не помню.	[(37, 51, 'Пароли')]	['BankSecure_XYZ']
Пин-код отправляется отдельным письмом. Проверьте почтовый ящик или запросите его повторно в мобильном приложении.	[]	[]
Мне нужно пополнить карту Абсолют Банка наличными. Где это можно сделать?	[(26, 39, 'Наименование банка')]	['Абсолют Банка']
Моя карта не работает в банкомате, хотя имя OLGA NOVAK на ней указано верно. Что делать?	[(44, 54, 'Имя держателя карты')]	['OLGA NOVAK']
Попробуйте очистить кэш браузера или переустановить приложение для ИНН 660123456789. Если не поможет, обратитесь в техподдержку.	[(71, 83, 'Сведения об ИНН')]	['660123456789']
Для смены номера с 89001234567 на 89007654321, пожалуйста, подтвердите операцию через СМС на оба номера.	[(19, 30, 'Номер телефона'), (34, 45, 'Номер телефона')]	['89001234567', '89007654321']
Мой код подразделения 770-010. Этого достаточно для подтверждения личности?	[(22, 29, 'Паспортные данные')]	['770-010']
Проверьте внимательно все цифры срока действия 04/25. Возможно, вы ошиблись или карта уже перевыпущена с другим сроком.	[(47, 52, 'Дата окончания срока действия карты')]	['04/25']
Мне не пришло СМС-подтверждение о переводе в ОТП Банк.	[(45, 53, 'Наименование банка')]	['ОТП Банк']
Зафиксировал проблему с вашей картой 5555676789890101. Создал заявку на инкассацию банкомата. Средства будут возвращены на ваш счет в течение 10 рабочих дней.	[(37, 53, 'Номер карты')]	['5555676789890101']
Для отмены операции потребуется ваша идентификация. Мы можем помочь вам после проверки документов.	[]	[]
Я не могу получить доступ к платежным шлюзам, токен 3456789012:HAE9JfZ2bXlWcT7aH9SgQyDpO5vZkIuPwqU выдает ошибку. Что делать?	[(52, 98, 'API ключи')]	['3456789012:HAE9JfZ2bXlWcT7aH9SgQyDpO5vZkIuPwqU']
Хочу узнать, почему не приходят уведомления о тратах по детской карте. Все настройки проверил, свидетельство о рождении XXV-НЯ 303304 вводил.	[(120, 133, 'Свидетельство о рождении')]	['XXV-НЯ 303304']
Мне нужно оформить автокредит на Renault Duster 2023 года выпуска.	[(33, 40, 'Данные об автомобиле клиента'), (41, 47, 'Данные об автомобиле клиента'), (48, 52, 'Данные об автомобиле клиента')]	['Renault', 'Duster', '2023']
Я хочу получить консультацию по инвестициям. Могу ли я подтвердить свою личность водительским 81 92 230425?	[(94, 106, 'Водительское удостоверение')]	['81 92 230425']
Можете рассказать, что значит этот код EMV-чипа: 9F3406A1B2C3D4E5F6? Увидел его в детализации операции недавно.	[(49, 67, 'Содержимое магнитной полосы')]	['9F3406A1B2C3D4E5F6']
Срок действия моей карты до 05/25. Мне нужно идти в банк за перевыпуском или она придет автоматически?	[(28, 33, 'Дата окончания срока действия карты')]	['05/25']
Обновить почтовый адрес на 485906, г. Казань, ул. Гагарина, д. 77, а/я 353 можно через личный кабинет, раздел «Настройки профиля». Мы готовы помочь вам в этом.	[(27, 74, 'Данные об организации/юридическом лице (ИНН, КПП, ОГРН, БИК, адреса, расчётный счёт)')]	['485906, г. Казань, ул. Гагарина, д. 77, а/я 353']
Возможно, это ошибка в реквизитах. Мы можем проверить этот БИК 044525222 и правильность зачисления.	[(63, 72, 'Данные об организации/юридическом лице (ИНН, КПП, ОГРН, БИК, адреса, расчётный счёт)')]	['044525222']
В заявке на корпоративную карту указал ИНН организации 1001234567, но не уверен, всё ли верно.	[(55, 65, 'Сведения об ИНН')]	['1001234567']
"Мне пришел одноразовый пароль ""OTP_7890"" для подтверждения операции, но я его не запрашивал."	[(31, 39, 'Пароли')]	['OTP_7890']
Для входа в интернет-банк нужен код 600700. Как долго он действует?	[(36, 42, 'Одноразовые коды')]	['600700']
Можно ли получить справку о доходах, предъявив временное удостоверение ЗИ12345678? Мне нужно для визы.	[(71, 81, 'Временное удостоверение личности')]	['ЗИ12345678']
Мне нужно временно заблокировать доступ к интернет-банку, но я не помню пароль. Он был SecureLogin#.	[(87, 99, 'Пароли')]	['SecureLogin#']
Для открытия счета несовершеннолетнему ребенку СНИЛС может потребоваться. Пожалуйста, уточните возраст ребенка. Это зависит от конкретного типа счета и возраста ребенка.	[]	[]
Да, подключение СБП по временному удостоверению АГ56789012 возможно через мобильное приложение.	[(48, 58, 'Временное удостоверение личности')]	['АГ56789012']
Ближайший круглосуточный банкомат находится по адресу: улица Ново-Садовая, дом 106, корпус 1, в здании торгового центра.	[(61, 73, 'Полный адрес'), (75, 82, 'Полный адрес'), (84, 92, 'Полный адрес')]	['Ново-Садовая', 'дом 106', 'корпус 1']
Я хочу изменить адрес доставки банковских документов на: Республика Татарстан, город Казань, Вахитовский район, улица Пушкина, дом 7, квартира 42.	[(57, 77, 'Полный адрес'), (79, 91, 'Полный адрес'), (93, 110, 'Полный адрес'), (112, 125, 'Полный адрес'), (127, 132, 'Полный адрес'), (134, 145, 'Полный адрес')]	['Республика Татарстан', 'город Казань', 'Вахитовский район', 'улица Пушкина', 'дом 7', 'квартира 42']
Добрый день. Хочу изменить номер телефона для получения SMS-уведомлений на 89012345678. Как это можно сделать через мобильное приложение?	[(75, 86, 'Номер телефона')]	['89012345678']
Мне нужно узнать мощность двигателя G4FC-0001122 для расчета транспортного налога.	[(36, 48, 'Данные об автомобиле клиента')]	['G4FC-0001122']
"Добрый день. Для нашей компании ООО ""Восток"" с ИНН 7708123456 нужно уточнить ОГРН 1123456789012 для нового контракта. Можете подтвердить эти данные?"	[(51, 61, 'Данные об организации/юридическом лице (ИНН, КПП, ОГРН, БИК, адреса, расчётный счёт)'), (82, 95, 'Данные об организации/юридическом лице (ИНН, КПП, ОГРН, БИК, адреса, расчётный счёт)')]	['7708123456', '1123456789012']
Возможно, произошел технический сбой. Попробуйте использовать другой банкомат или оплатить покупку картой. Если проблема повторится, обратитесь в поддержку, но не называйте ПИН.	[]	[]
Пожалуйста, убедитесь, что вы используете актуальный номер свидетельства. Возможно, есть более новый документ.	[]	[]
Моя прописка изменилась. Теперь это Владимирская область, город Владимир, улица Большая Московская, 50, корпус 3.	[(36, 56, 'Полный адрес'), (58, 72, 'Полный адрес'), (74, 98, 'Полный адрес'), (100, 102, 'Полный адрес'), (104, 112, 'Полный адрес')]	['Владимирская область', 'город Владимир', 'улица Большая Московская', '50', 'корпус 3']
Мне пришло сообщение, что мой счёт в ЮниКредит Банка заблокирован. Но у меня нет там счёта.	[(37, 52, 'Наименование банка')]	['ЮниКредит Банка']
Я ввёл CVV 246 при оплате, но мне выдало ошибку 3D Secure. В чем проблема?	[(11, 14, 'CVV/CVC')]	['246']
Мне нужно обновить данные СНИЛС, у меня теперь 123-456-789 01. Как это сделать?	[(47, 61, 'СНИЛС клиента')]	['123-456-789 01']
Проверьте, чтобы код был последним полученным — старые коды не принимаются. Попробуйте запросить новый.	[]	[]
Мы можем предоставить справку о принадлежности счёта 40702810200090123456. Вы можете заказать её в отделении или онлайн.	[(53, 73, 'Номер банковского счета')]	['40702810200090123456']
Для этого мне нужны ваши ФИО и номер телефона, к которому привязан аккаунт.	[]	[]
При регистрации в мобильном приложении я указал место рождения Хабаровск. Это корректно?	[(63, 72, 'Место рождения')]	['Хабаровск']
Я получил новую карту и хочу установить ПИН 1111. Это безопасно?	[(44, 48, 'ПИН код')]	['1111']
Немедленно заблокируйте карту, а затем оформите заявление на перевыпуск в мобильном приложении или отделении.	[]	[]
Это данные магнитной полосы. Похоже, она повреждена, попробуйте оплатить чипом или бесконтактно.	[]	[]
Могу ли я использовать кодовое слово «Лилия» для подтверждения операций в сторонних сервисах?	[(38, 43, 'Кодовые слова')]	['Лилия']
Да, для изменения контактных данных необходима актуальная информация из паспорта. Ваша проблема будет решена.	[]	[]
Мое разрешение на работу 73 8765432 было выдано в другом регионе. Могу ли я обслуживаться в вашем банке?	[(25, 35, 'Разрешение на работу / визу')]	['73 8765432']
С моей карты Айтматовой Светланы списали деньги за товар, который я не получала. Хочу, чтобы это расследовали.	[(13, 23, 'ФИО'), (24, 32, 'ФИО')]	['Айтматовой', 'Светланы']
Это может быть связано с временными техническими работами. Попробуйте войти через несколько минут.	[]	[]
В выписке за прошлый месяц обнаружил непонятное списание с карты 5300112233445566 на сумму 350 рублей. Что это?	[(65, 81, 'Номер карты')]	['5300112233445566']
Похоже, это была ошибка чтения магнитной полосы или сбой терминала. Попробуйте оплатить чипом или попросите продавца использовать другой терминал.	[]	[]
Курьер не смог найти мой адрес для доставки документов: Санкт-Петербург, Невский проспект, дом 10, корпус 2. Сказал, что нужен уточненный.	[(56, 71, 'Полный адрес'), (73, 89, 'Полный адрес'), (91, 97, 'Полный адрес'), (99, 107, 'Полный адрес')]	['Санкт-Петербург', 'Невский проспект', 'дом 10', 'корпус 2']
Да, подтверждаем. Номер 89031234567 успешно привязан и будет использоваться для всех ваших банковских уведомлений и операций.	[(24, 35, 'Номер телефона')]	['89031234567']
Это двухфакторная аутентификация, она обеспечивает дополнительный уровень безопасности для ваших операций.	[]	[]
Да, лимиты можно настроить в мобильном приложении в разделе «Настройки безопасности» или через интернет-банк.	[]	[]
Хочу сменить e-mail для получения кодов подтверждения. Сейчас это codes@security.com.	[(66, 84, 'Email')]	['codes@security.com']
Кажется, я случайно назвал CVV 678 по телефону. Что теперь делать? Карта в опасности?	[(31, 34, 'CVV/CVC')]	['678']
Я еду в Таиланд, хочу оформить цифровую карту для оплаты в Таиланде. Это возможно?	[(8, 15, 'Гражданство и названия стран'), (59, 67, 'Гражданство и названия стран')]	['Таиланд', 'Таиланде']
Попробуйте вставить карту в терминал или использовать другой способ оплаты. Убедитесь, что функция бесконтактной оплаты активна.	[]	[]
Курьер не смог найти мой адрес для вручения документов: Санкт-Петербург, Невский проспект, 120, корпус 3, офис 20. Что делать?	[(56, 71, 'Полный адрес'), (73, 89, 'Полный адрес'), (91, 94, 'Полный адрес'), (96, 104, 'Полный адрес'), (106, 113, 'Полный адрес')]	['Санкт-Петербург', 'Невский проспект', '120', 'корпус 3', 'офис 20']
Вы можете заказать выписку в мобильном приложении или интернет-банке. Она будет сформирована и отправлена на вашу электронную почту.	[]	[]
Могу ли я получить выписку по счёту, если моё разрешение на работу 70 1234567 ещё не обновилось?	[(67, 77, 'Разрешение на работу / визу')]	['70 1234567']
Приносим извинения за неудобства. Мы обновим данные, указав «Петрозаводск» как место рождения вместо «Кострома».	[(61, 73, 'Место рождения'), (102, 110, 'Место рождения')]	['Петрозаводск', 'Кострома']
Моя дата рождения 04.04.1977. Мне нужно получить выписку по счету, но система не принимает данные.	[(18, 28, 'Дата рождения')]	['04.04.1977']
Я не получил код для подтверждения автоплатежа, хотя обычно он приходит. Последний раз был 518206 месяц назад.	[(91, 97, 'Одноразовые коды')]	['518206']
Да, до указанной даты он действителен. После этого потребуется новый документ.	[]	[]
Мы можем рассмотреть вашу заявку на кредит под залог Volkswagen Tiguan 2018 года с VIN WVWZZZ1KZHX123456.	[(53, 63, 'Данные об автомобиле клиента'), (64, 70, 'Данные об автомобиле клиента'), (71, 75, 'Данные об автомобиле клиента'), (87, 104, 'Данные об автомобиле клиента')]	['Volkswagen', 'Tiguan', '2018', 'WVWZZZ1KZHX123456']
Мне не приходит СМС с кодом подтверждения. Может, это из-за того, что я указал Оренбург как место рождения?	[(79, 87, 'Место рождения')]	['Оренбург']
Я хочу узнать, как защитить свой CVV 680 от мошенников, ведь он написан на карте?	[(37, 40, 'CVV/CVC')]	['680']
При регистрации в мобильном приложении я указал номер вида на жительство 82-0001122. Этого достаточно?	[(73, 83, 'Серия и номер вида на жительство')]	['82-0001122']
Срочно заблокируйте карту и обратитесь в банк. Это серьёзное нарушение конфиденциальности, требующее немедленных действий.	[]	[]
Банкоматы обычно не используют водительское удостоверение 9304261875 для идентификации. Попробуйте другой способ.	[(58, 68, 'Водительское удостоверение')]	['9304261875']
Нам нужно подтверждение, что OAuth 2.0 Client Secret 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8-y-8-x-5-x-1-y-7-z-8-z-8-y-4-x-3-x-8-x не был использован для несанкционированного доступа. Мы видим странные логи.	[(53, 127, 'API ключи')]	['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8-y-8-x-5-x-1-y-7-z-8-z-8-y-4-x-3-x-8-x']
Моя карта истекает в октябре 2024. Я могу продолжать ею пользоваться до последнего дня?	[(21, 33, 'Дата окончания срока действия карты')]	['октябре 2024']
Выпустить новую корпоративную карту по ИНН 780123456789 можно в любом отделении банка или через личный кабинет.	[(43, 55, 'Сведения об ИНН')]	['780123456789']
Я вчера перевел деньги на счет 40702810400000008899, но получатель их до сих пор не получил. В чем дело?	[(31, 51, 'Номер банковского счета')]	['40702810400000008899']
Возможно, в данных разрешения 87 6677880 произошла ошибка при регистрации. Пожалуйста, проверьте их актуальность в отделении.	[(30, 40, 'Разрешение на работу / визу')]	['87 6677880']
Уточните, пожалуйста, дату выдачи и код подразделения вашего паспорта.	[]	[]
Мой паспорт выдан Отделом по району Северное Тушино ОУФМС России по СЗАО г. Москвы. Все ли в порядке?	[(18, 82, 'Паспортные данные')]	['Отделом по району Северное Тушино ОУФМС России по СЗАО г. Москвы']
Я хочу узнать, какой почтовый индекс у адреса: Республика Крым, город Симферополь, улица Горького, дом 20, квартира 1.	[(47, 62, 'Полный адрес'), (64, 81, 'Полный адрес'), (83, 97, 'Полный адрес'), (99, 105, 'Полный адрес'), (107, 117, 'Полный адрес')]	['Республика Крым', 'город Симферополь', 'улица Горького', 'дом 20', 'квартира 1']
Да, обязательно. Пришлите нам обновленные учредительные документы с новым КПП. Это важная информация.	[]	[]
Добрый день. Я не могу войти в личный кабинет, система пишет, что пароль P@ssw0rd123 неверный, хотя я его не менял.	[(73, 84, 'Пароли')]	['P@ssw0rd123']
К сожалению, для обновления данных вида на жительство необходимо лично посетить отделение банка с оригиналом документа.	[]	[]
Я родился в Махачкале. Могу ли я привязать к своему счету данные о месте рождения, если они не указаны?	[(12, 21, 'Место рождения')]	['Махачкале']
Да, мы можем подготовить справку, подтверждающую ваш ИНН 771512345678. Срок изготовления — один рабочий день.	[(57, 69, 'Сведения об ИНН')]	['771512345678']
Можно ли оформить страховку для карты 5000 1234 5678 9012 от утери и мошенничества? Где узнать подробности?	[(38, 57, 'Номер карты')]	['5000 1234 5678 9012']
Попробуйте перезагрузить приложение или переустановить его. Если проблема сохранится, обратитесь в техническую поддержку.	[]	[]
Чтобы привязать новый адрес, зайдите в раздел «Настройки профиля» и следуйте инструкциям на экране.	[]	[]
Давайте проверим статус операции. Возможно, были технические неполадки или недостаточно средств на счёте.	[]	[]
В большинстве случаев для автокредита водительское удостоверение 8092143657 обязательно. Уточните детали у специалиста.	[(65, 75, 'Водительское удостоверение')]	['8092143657']
Мне нужен документ о доходах для получения визы в США. Можете его предоставить?	[(50, 53, 'Гражданство и названия стран')]	['США']
Вы можете изменить адрес для рассылок в настройках вашего профиля на сайте банка.	[]	[]
Проверьте, пожалуйста, соответствие данных, указанных отправителем, с вашими актуальными. Мы поможем вам в этом вопросе.	[]	[]
После обновления приложения исчезли данные о ребёнке, включая свидетельство XV-АВ 345678. Как восстановить?	[(76, 88, 'Свидетельство о рождении')]	['XV-АВ 345678']
Я хочу изменить адрес доставки корреспонденции на: Самарская область, город Самара, Московское шоссе, дом 130, офис 115.	[(51, 68, 'Полный адрес'), (70, 82, 'Полный адрес'), (84, 100, 'Полный адрес'), (102, 109, 'Полный адрес'), (111, 119, 'Полный адрес')]	['Самарская область', 'город Самара', 'Московское шоссе', 'дом 130', 'офис 115']
Пришлите, пожалуйста, скриншот или номер операции. Мы проверим статус платежа и поможем разобраться в ситуации.	[]	[]
Я гражданин США. Могу ли я использовать СБП для переводов?	[(12, 15, 'Гражданство и названия стран')]	['США']
Да, при наличии студенческой визы 87 1234567 и справки из учебного заведения, вы можете оформить студенческую карту.	[(34, 44, 'Разрешение на работу / визу')]	['87 1234567']
Я хочу установить пароль Access_Now, который будет состоять только из цифр. Это разрешено?	[(25, 35, 'Пароли')]	['Access_Now']
"Да, ""Хабаровск"" — это правильное заполнение поля."	[(5, 14, 'Место рождения')]	['Хабаровск']
Код действительно активен только три минуты. Запросите новый и подтвердите операцию снова.	[]	[]
У меня не получилось зарегистрироваться в программе лояльности для автомобилистов. Может, водительское 93 04 351627 не подходит?	[(103, 115, 'Водительское удостоверение')]	['93 04 351627']
Да, на бизнес-картах также присутствует CVV-код. Он расположен на обратной стороне карты и используется для онлайн-платежей.	[]	[]
Я не могу вспомнить ПИН 8787 для своей зарплатной карты. Как мне получить доступ к средствам?	[(24, 28, 'ПИН код')]	['8787']
Убедитесь, что вы вводите данные свидетельства о рождении ребенка, а не свои. Это частая ошибка при заполнении.	[]	[]
Проверьте, пожалуйста, правильность ввода серии и номера. Ошибки часто возникают при ручном вводе.	[]	[]
Мы можем предоставить выписку по счетам, открытым у нас. Для получения документов из Промсвязьбанка вам нужно обратиться к ним напрямую.	[(85, 99, 'Наименование банка')]	['Промсвязьбанка']
Хорошо, Kia Rio бежевого цвета. Могу выдать справку о том, что автомобиль не находится в залоге.	[(8, 15, 'Данные об автомобиле клиента'), (16, 24, 'Данные об автомобиле клиента')]	['Kia Rio', 'бежевого']
При перевыпуске карты мне сказали, что старое кодовое слово Радуга сохраняется. Это так?	[(60, 66, 'Кодовые слова')]	['Радуга']
Я сделал перевод на расчётный счёт 40802810500000000002 для организации с ИНН 7708123456 через БИК 044525593, но деньги не дошли.	[(35, 55, 'Данные об организации/юридическом лице (ИНН, КПП, ОГРН, БИК, адреса, расчётный счёт)'), (78, 88, 'Данные об организации/юридическом лице (ИНН, КПП, ОГРН, БИК, адреса, расчётный счёт)'), (99, 108, 'Данные об организации/юридическом лице (ИНН, КПП, ОГРН, БИК, адреса, расчётный счёт)')]	['40802810500000000002', '7708123456', '044525593']
Да, наш банк предлагает различные страховые продукты. Вы можете ознакомиться с ними на сайте или в отделении. Обратитесь к менеджеру.	[]	[]
Пожалуйста, немедленно заблокируйте карту и сообщите нам детали транзакции. Мы проверим информацию по вашему счёту.	[]	[]
У нас проблемы с аутентификацией пользователей. OAuth 2.0 Client Secret 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2-y-4-w_4-y-1-w-4-z-7-w-0-w-1-z-9-x не проходит проверку. Это произошло после вчерашнего обновления.	[(72, 142, 'API ключи')]	['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2-y-4-w_4-y-1-w-4-z-7-w-0-w-1-z-9-x']
Могу ли я открыть счет в юанях, если я не гражданин Китая, а гражданин России?	[(52, 57, 'Гражданство и названия стран'), (71, 77, 'Гражданство и названия стран')]	['Китая', 'России']
Проверьте историю операций. Если списание несанкционировано, мы заблокируем карту и оформим заявление.	[]	[]
Пришло уведомление о смене пароля, а следом код 998765. Я пароль не менял.	[(48, 54, 'Одноразовые коды')]	['998765']
Моё кодовое слово Горизонт. Мне нужно подтвердить спорную операцию, но я не уверен, что помню его правильно.	[(18, 26, 'Кодовые слова')]	['Горизонт']
Активировать новую карту можно через мобильное приложение или по телефону горячей линии. Это просто.	[]	[]
Возможно, ключ 'mobile_wallet_sync_key' требует перенастройки или повторной авторизации после обновления ОС. Попробуйте переустановить приложение.	[(16, 38, 'API ключи')]	['mobile_wallet_sync_key']
Ни в коем случае не сообщайте работодателю CVV 138. Для перечисления зарплаты нужен только номер карты или счёта.	[(47, 50, 'CVV/CVC')]	['138']
Проверил, ИНН 7706786012 корректно отображается в вашем профиле. Проблем не обнаружено.	[(14, 24, 'Сведения об ИНН')]	['7706786012']
Загранпаспорт с серией 7500 и номером 123456 не проходит проверку при оформлении валютного перевода.	[(23, 27, 'Паспортные данные'), (38, 44, 'Паспортные данные')]	['7500', '123456']
Ваш запрос обрабатывается. Вся информация будет проверена в ближайшее время, пожалуйста, подождите.	[]	[]
Мне пришло сообщение, что мой ПИН 3333 скомпрометирован. Это правда?	[(34, 38, 'ПИН код')]	['3333']
Как подключить СМС-банкинг для моей карты 4276 1234 5678 9012? Мне нужны уведомления.	[(42, 61, 'Номер карты')]	['4276 1234 5678 9012']
Ваш запрос обрабатывается. Вся информация будет проверена в ближайшее время, пожалуйста, подождите.	[]	[]
Вы можете заблокировать карту через мобильное приложение или по телефону. Для перевыпуска обратитесь в отделение.	[]	[]
Могу ли я получить выписку по ОГРН 1187746578901 за последние полгода? Мне это очень нужно.	[(35, 48, 'Данные об организации/юридическом лице (ИНН, КПП, ОГРН, БИК, адреса, расчётный счёт)')]	['1187746578901']
Подтвердите, пожалуйста, что вы получили моё новое разрешение на работу 87 5432109, отправленное вчера.	[(72, 82, 'Разрешение на работу / визу')]	['87 5432109']
Спасибо за предоставленные данные. Я уже занимаюсь вашим вопросом, ожидайте ответа.	[]	[]
Я пытался оплатить покупку на сайте, но он запросил ПИН-код 6038 и я его ввел. Это было безопасно?	[(60, 64, 'ПИН код')]	['6038']
Пожалуйста, убедитесь, что вы вводите номер 1234567890 без пробелов и лишних символов. Попробуйте снова.	[(44, 54, 'Водительское удостоверение')]	['1234567890']
Срок действия загранпаспорта не влияет на выдачу автокредита, если вы предоставите действующий внутренний паспорт.	[]	[]
Не могу совершить перевод на большую сумму. Система просит подтвердить личность. Моё водительское 1122334455.	[(98, 108, 'Водительское удостоверение')]	['1122334455']
"Изменение поля ""место рождения"" возможно только при личном обращении в отделение банка с паспортом."	[]	[]
Да, после продления регистрации, пожалуйста, обратитесь в любое отделение с новым документом.	[]	[]
Да, по номеру 9012345678 мы видим вашу заявку. Сейчас проверим ее статус.	[(14, 24, 'Водительское удостоверение')]	['9012345678']
Моя карта не работает в банкоматах в Сербии. Что делать?	[(37, 43, 'Гражданство и названия стран')]	['Сербии']
Где я могу найти информацию о курсах валют в Банке Открытие? Мне нужно обменять евро.	[(45, 59, 'Наименование банка')]	['Банке Открытие']
СБП обычно не требует ПИН-кода, подтверждение происходит через приложение банка. Возможно, вы выбрали другой способ оплаты или произошел сбой терминала.	[]	[]
Да, 12 января 1990 года — это ваша зарегистрированная дата рождения. Все данные совпадают.	[(4, 6, 'Дата рождения'), (7, 13, 'Дата рождения'), (14, 18, 'Дата рождения')]	['12', 'января', '1990']
Пожалуйста, уточните новый юридический адрес, чтобы я мог проконсультировать вас по процедуре его изменения.	[]	[]
Мобильное приложение не дает сохранить данные, когда я указываю свой СНИЛС 232-454-676 00.	[(75, 89, 'СНИЛС клиента')]	['232-454-676 00']
Уже несколько дней не получаю уведомления о транзакциях на почту sidorova.e@yandex.ru. Что могло случиться?	[(65, 85, 'Email')]	['sidorova.e@yandex.ru']
Переводил деньги через СБП, но они не дошли. Возможно, я неверно указал имя получателя, хотя моя карта на SOFIYA MIRONOVA.	[(106, 121, 'Имя держателя карты')]	['SOFIYA MIRONOVA']
"Да, если в вашем паспорте указан ""Оренбург"", то всё в порядке. Мы используем официальные данные."	[(34, 42, 'Место рождения')]	['Оренбург']
Этот код содержит информацию о данных эмитента. Мы уже проверили транзакцию, она была отклонена из-за подозрительной активности.	[]	[]
CVV-код не восстанавливается. Если он стёрся или забыт, необходимо перевыпустить карту.	[]	[]
"Я ввел PIN-код ""4321"" три раза неправильно в банкомате, и карту заблокировали. Как мне ее разблокировать?"	[(16, 20, 'Одноразовые коды')]	['4321']
Я переехал в другой город и зарегистрировался там 11 ноября 2023 года. Как это отразится на моих счетах?	[(50, 69, 'Дата регистрации по месту жительства или пребывания')]	['11 ноября 2023 года']
Мне нужно срочно связаться с оператором, но я не помню кодовое слово. Может, «Класс»?	[(78, 83, 'Кодовые слова')]	['Класс']
У меня временная регистрация истекает 15.12.2018. Какие документы нужны для её продления в банке?	[(38, 48, 'Дата регистрации по месту жительства или пребывания')]	['15.12.2018']
Мне нужна помощь с разблокировкой карты. Я ввел ПИН 9999 три раза неправильно, потому что отвлекся.	[(52, 56, 'ПИН код')]	['9999']
Могу ли я оформить страховой полис, предъявив временное удостоверение ЕЖ01234567?	[(70, 80, 'Временное удостоверение личности')]	['ЕЖ01234567']
Понял. Для перевыпуска карты нам потребуется полная информация о вашем текущем паспорте.	[]	[]
Я заметил подозрительное списание на 11200 рублей с моей карты 4600 4824 1675 6287 вчера. Я не делал эту покупку.	[(63, 82, 'Номер карты')]	['4600 4824 1675 6287']
Да, вы можете пополнить карту Халва через банкоматы банков-партнеров или СБП.	[]	[]
Это информация с магнитной полосы вашей карты. Она указывает на проблему с ее чтением, возможно, полоса повреждена.	[]	[]
Пытаюсь оформить автоплатеж для детского кружка, но свидетельство о рождении IX-ДД 456789 не принимается.	[(77, 89, 'Свидетельство о рождении')]	['IX-ДД 456789']
Я хочу узнать, какой лимит запросов установлен для моего API ключа 'client_id_partner_123'. Мне нужно увеличить его для новой кампании.	[(68, 89, 'API ключи')]	['client_id_partner_123']
Да, для получения денежного перевода вам потребуется предъявить временное удостоверение личности.	[]	[]
Могу ли я изменить ПИН 7777 для своей виртуальной карты? Где это делается?	[(23, 27, 'ПИН код')]	['7777']
Приносим извинения за инцидент. Зафиксируйте номер банкомата и время, мы составим заявку на возврат средств.	[]	[]
"Отлично, мы зафиксировали ""Ростов-на-Дону"" как ваше место рождения."	[(27, 41, 'Место рождения')]	['Ростов-на-Дону']
У меня возникла ошибка 403 при использовании API ключа API_FORBIDDEN_ERROR_CODE. Что это значит?	[(55, 79, 'API ключи')]	['API_FORBIDDEN_ERROR_CODE']
Нашёл старую карту, на ней написано, что она действительна до 07/23. Она точно уже не работает?	[(62, 67, 'Дата окончания срока действия карты')]	['07/23']
Заявка по документу 987654321098 находится в обработке. Срок рассмотрения до трех рабочих дней.	[(20, 32, 'Временное удостоверение личности')]	['987654321098']
Мы предлагаем несколько вариантов накопительных счетов с разными процентными ставками. Ознакомьтесь на сайте.	[]	[]
Да, вы можете заказать карту с индивидуальным дизайном. Имя держателя будет напечатано стандартно.	[]	[]
Это значит, что кто-то пытался угадать ваш ПИН-код. Мы рекомендуем немедленно заблокировать карту и перевыпустить ее для безопасности.	[]	[]
Да, ваша зарплатная карта действительна до сентября 2024 года. Перевыпуск будет осуществлён автоматически.	[(43, 61, 'Дата окончания срока действия карты')]	['сентября 2024 года']
Уточните дату и время операции. Попробую найти информацию и объяснить детали этого списания.	[]	[]
На мой СНИЛС 012-345-678 90 пришло уведомление о каком-то новом кредите. Я ничего не оформлял, это ошибка!	[(13, 27, 'СНИЛС клиента')]	['012-345-678 90']
Ошибка 403 для ключа 'payment_gateway_prod_xyz' обычно означает проблемы с правами доступа. Давайте проверим, не истек ли срок его действия или не были ли изменены разрешения.	[(22, 46, 'API ключи')]	['payment_gateway_prod_xyz']
Для рассмотрения спорной операции, пожалуйста, предоставьте чек или подтверждение платежа.	[]	[]
Да, вы можете заказать досрочный перевыпуск. Новая карта будет готова в течение нескольких дней, но старая с датой 01/27 будет заблокирована.	[(115, 120, 'Дата окончания срока действия карты')]	['01/27']
Возможно, ваш бот использует устаревшую версию API. Попробуйте обновить библиотеку для работы с Telegram API до последней версии.	[]	[]
Не могу подтвердить личность ребенка для онлайн-операции, ввожу свидетельство о рождении VII-ГЗ 010203, но ничего не происходит.	[(89, 102, 'Свидетельство о рождении')]	['VII-ГЗ 010203']
Это Terminal Verification Results, которые показывают результат проверки терминалом. Это часть стандартных данных чипа.	[]	[]
Нет, истекшую карту, даже если она закончилась в марте 2023, активировать нельзя. Вам нужно заказать новую.	[(49, 59, 'Дата окончания срока действия карты')]	['марте 2023']
Моя дата рождения 5 августа 1981 года. При восстановлении логина система не принимает ее.	[(18, 19, 'Дата рождения'), (20, 27, 'Дата рождения'), (28, 32, 'Дата рождения')]	['5', 'августа', '1981']
У меня постоянно не проходит оплата на одном сайте. CVV 303 ввожу правильно, но всегда отказ. В чём дело?	[(56, 59, 'CVV/CVC')]	['303']
Для граждан Узбекистана с РВП доступно ограниченное количество кредитных продуктов. Вам потребуется подтвердить доход и стаж.	[(12, 23, 'Гражданство и названия стран')]	['Узбекистана']
Моя регистрация датируется 24.08.2020. Могу ли я оформить автокредит?	[(27, 37, 'Дата регистрации по месту жительства или пребывания')]	['24.08.2020']
Мне пришло уведомление о блокировке карты, выданной Газпромбанком. Это связано с вашим банком?	[(52, 65, 'Наименование банка')]	['Газпромбанком']
Вход в онлайн-банк через банкомат обычно осуществляется с помощью логина и пароля. ПИН-код используется для операций с картой.	[]	[]
Оформляю новую дебетовую карту и ввожу СНИЛС 898-010-232 80. Почему-то выдает ошибку?	[(45, 59, 'СНИЛС клиента')]	['898-010-232 80']
Я родился в 06 часов 15 минут. Это влияет на расчет процентов по вкладу?	[(12, 14, 'Дата рождения'), (21, 23, 'Дата рождения')]	['06', '15']
Это один из дополнительных вопросов для верификации личности. Он помогает убедиться, что именно вы совершаете операцию.	[]	[]
Хочу заказать карту с индивидуальным дизайном. На ней будет моё имя KSENIYA KOROLEVA.	[(68, 84, 'Имя держателя карты')]	['KSENIYA KOROLEVA']
Приносим извинения за неудобства. Мы создадим заявку на техническую поддержку для номера +79031234567 и постараемся решить проблему в кратчайшие сроки.	[(89, 101, 'Номер телефона')]	['+79031234567']
Срок действия карт не влияет на возможность совершения крупной покупки. Важнее лимиты и баланс по каждой из них.	[]	[]
Мне нужно отключить один из старых API ключей, например, sk_live_QWERTYUIOPASDFGHJKLMNBVCXZA12345. Как это сделать?	[(57, 97, 'API ключи')]	['sk_live_QWERTYUIOPASDFGHJKLMNBVCXZA12345']
Мне нужно подтвердить свою личность для СБП, используя вид на жительство 83/0120123. Как это сделать?	[(73, 83, 'Серия и номер вида на жительство')]	['83/0120123']
Я прописан с 19 мая 2023 года. Могу ли я получить выписку по счету в банкомате?	[(13, 29, 'Дата регистрации по месту жительства или пребывания')]	['19 мая 2023 года']
"Для подключения ""Мобильного банка"" на +7 (909) 123-45-67, отправьте СМС с текстом ""БАНК"" на короткий номер 1122."	[(38, 56, 'Номер телефона'), (107, 111, 'Номер телефона')]	['+7 (909) 123-45-67', '1122']
Отлично! Мы используем номер 7745 713321 для получения предложения от страховых компаний. Ожидайте звонка.	[(29, 40, 'Водительское удостоверение')]	['7745 713321']
Могу ли я получить выписку по счёту, если мой вид на жительство 82 № 2223344 находится на продлении?	[(64, 76, 'Серия и номер вида на жительство')]	['82 № 2223344']
Попробуйте подключить услугу через личный кабинет или обратитесь в отделение банка за помощью.	[]	[]
Это указывает на проблему с магнитной полосой вашей карты. Пожалуйста, попробуйте оплатить чипом или закажите перевыпуск карты в ближайшем отделении.	[]	[]
У меня двойное гражданство: России и Германии. Нужно ли мне уведомлять банк о наличии гражданства Германии?	[(28, 34, 'Гражданство и названия стран'), (37, 45, 'Гражданство и названия стран'), (98, 106, 'Гражданство и названия стран')]	['России', 'Германии', 'Германии']
Утеря визы 65 3456789 может привести к временным ограничениям. Рекомендуем как можно скорее восстановить документ и уведомить банк.	[(11, 21, 'Разрешение на работу / визу')]	['65 3456789']
Для отмены перевода нужен токен с особыми правами. Ваш текущий JWT токен eyJhbGciOiJIUzI1NiIsInR5cCI6IkpXVCJ9.eyJzdWIiOiI1ODg1OTQxOTc2IiwibmFtZSI6ItCj0YDRg9C30LAg0JzQvtGC0L7QstCw0L0iLCJpYXQiOjE1MTg5Njk2MzYsImV4cCI6MTY2NDYwNDM1Nn0.7-x-5-w_6-x_1-x-1-x_3-y-4-x_3-y-1-x-3-y_3-y-1-x-4-x_1-y-6-w-6-z-4-x-7-y-1-w может не иметь таких разрешений.	[(73, 305, 'API ключи')]	['eyJhbGciOiJIUzI1NiIsInR5cCI6IkpXVCJ9.eyJzdWIiOiI1ODg1OTQxOTc2IiwibmFtZSI6ItCj0YDRg9C30LAg0JzQvtGC0L7QstCw0L0iLCJpYXQiOjE1MTg5Njk2MzYsImV4cCI6MTY2NDYwNDM1Nn0.7-x-5-w_6-x_1-x-1-x_3-y-4-x_3-y-1-x-3-y_3-y-1-x-4-x_1-y-6-w-6-z-4-x-7-y-1-w']
Оформляю детскую карту для дочки, указала свидетельство о рождении II-АГ 001234, но анкета не проходит проверку.	[(67, 79, 'Свидетельство о рождении')]	['II-АГ 001234']
Пожалуйста, попробуйте еще раз. Убедитесь, что вы звоните с номера 8-905-111-22-33, который привязан к вашей карте.	[(67, 82, 'Номер телефона')]	['8-905-111-22-33']
Ошибка перевода по СБП обычно не связана с разрешением на работу 94 5678901. Проверьте правильность номера телефона получателя.	[(65, 75, 'Разрешение на работу / визу')]	['94 5678901']
Мне нужно подтвердить свою личность для операции. Могу ли я использовать СНИЛС 678-901-234 56?	[(79, 93, 'СНИЛС клиента')]	['678-901-234 56']
Мне нужно перевыпустить карту из-за истечения срока. Имя ILYA KORNEEV останется прежним?	[(57, 69, 'Имя держателя карты')]	['ILYA KORNEEV']
Я заменил водительское удостоверение, мой новый номер 1234 567890. Как мне обновить эту информацию в банке?	[(54, 65, 'Водительское удостоверение')]	['1234 567890']
Уточните, пожалуйста, текст ошибки. Возможно, проблема в активации карты или неверном вводе данных.	[]	[]
Для подтверждения адреса проживания вы можете предоставить справку или другой документ с указанием адреса.	[]	[]
Актуальный курс обмена дирхамов ОАЭ можно посмотреть в мобильном приложении или на нашем сайте. Он обновляется в течение дня.	[(32, 35, 'Гражданство и названия стран')]	['ОАЭ']
Мой вид на жительство 83 1000018 истекает через месяц. Какие последствия, если я не обновлю его вовремя?	[(22, 32, 'Серия и номер вида на жительство')]	['83 1000018']
Да, вы можете снять наличные в отделении, предъявив паспорт. Уточните желаемую сумму заранее.	[]	[]
Здравствуйте. Проверьте, пожалуйста, достаточно ли средств на счете 40817810600007362947 и не изменились ли реквизиты получателя. Могу помочь настроить заново.	[(68, 88, 'Номер банковского счета')]	['40817810600007362947']
Подскажите, как обновить client secret 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Y4uI6oP8a0sD2fG4hJ6kL8zX0cV2bN4m6 для нашего партнерского приложения? Старый ключ скоро истечет.	[(39, 107, 'API ключи')]	['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Y4uI6oP8a0sD2fG4hJ6kL8zX0cV2bN4m6']
В терминале появилась ошибка чтения магнитной полосы Track 1 и строка: %B5412345678901234^SMIRENOV/NIKOLAY^2905501345678912345?. Что это значит?	[(71, 127, 'Содержимое магнитной полосы')]	['%B5412345678901234^SMIRENOV/NIKOLAY^2905501345678912345?']
Мне нужна новая карта, но в профиле указан старый адрес: Россия, город Москва, улица Ленина, дом 15, квартира 3. Можно его обновить?	[(57, 63, 'Полный адрес'), (65, 77, 'Полный адрес'), (79, 91, 'Полный адрес'), (93, 99, 'Полный адрес'), (101, 111, 'Полный адрес')]	['Россия', 'город Москва', 'улица Ленина', 'дом 15', 'квартира 3']
Мне нужно получить выписку по операциям, связанным с моим номером +7 (999) 555-44-33 за последний месяц. Это возможно?	[(66, 84, 'Номер телефона')]	['+7 (999) 555-44-33']
Проценты начисляются ежедневно на минимальный остаток по счёту за месяц. Подробные условия указаны в вашем договоре.	[]	[]
Мне нужно подтвердить операцию, но я не помню код подразделения. Он должен быть 770-010.	[(80, 87, 'Паспортные данные')]	['770-010']
Курс покупки доллара на сегодня составляет 92 рубля 50 копеек. Вы можете ознакомиться с актуальными курсами в приложении.	[]	[]
Попробуйте использовать другое устройство или мобильное приложение. Иногда проблема может быть в совместимости браузера.	[]	[]
Я вчера переводил деньги, и система попросила ввести данные моего временного удостоверения ЩШ12345678. Перевод завис.	[(91, 101, 'Временное удостоверение личности')]	['ЩШ12345678']
Я хочу отменить регулярный платеж, который списывается со счета 40702810300000004444.	[(64, 84, 'Номер банковского счета')]	['40702810300000004444']
Благодарю. Я зафиксировал эти данные. Пожалуйста, назовите орган, выдавший паспорт, и код подразделения.	[]	[]
Мои данные в банке не совпадают с мой паспорт с номером 4517 890123, выдан 08 сентября 2018 года. Очень важно решить этот вопрос как можно скорее.	[(56, 67, 'Паспортные данные'), (75, 96, 'Паспортные данные')]	['4517 890123', '08 сентября 2018 года']
Хочу подтвердить, что я родился 01.01.1990 в 00:00:01. Это для разблокировки аккаунта.	[(32, 42, 'Дата рождения'), (45, 53, 'Дата рождения')]	['01.01.1990', '00:00:01']
Пытаюсь войти в личный кабинет на сайте, но система постоянно выдаёт ошибку авторизации. Что могло случиться?	[]	[]
Мой актуальный адрес проживания теперь: Россия, Ростовская обл., г. Ростов-на-Дону, ул. Садовая, д. 77, оф. 40.	[(40, 46, 'Полный адрес'), (48, 63, 'Полный адрес'), (65, 82, 'Полный адрес'), (84, 95, 'Полный адрес'), (97, 102, 'Полный адрес'), (104, 110, 'Полный адрес')]	['Россия', 'Ростовская обл.', 'г. Ростов-на-Дону', 'ул. Садовая', 'д. 77', 'оф. 40']
Да, для ИП по ИНН 504400000050 есть специальные депозитные программы. Ознакомьтесь с ними на сайте или в отделении.	[(18, 30, 'Сведения об ИНН')]	['504400000050']
Давайте проверим ваш статус регистрации по номеру телефона. Возможно, аккаунт уже существует.	[]	[]
Для получения льготного тарифа обычно требуется личное присутствие в отделении с подтверждающими документами, включая СНИЛС.	[]	[]
Для обновления данных о регистрации с 09.09.2023 вам потребуется паспорт и документ, подтверждающий новую прописку.	[(38, 48, 'Дата регистрации по месту жительства или пребывания')]	['09.09.2023']
Хочу оформить новую карту. Мой паспорт: серия 50 10, номер 123456, выдан 10.01.2020 ОВД по району Сокольники города Москвы, код 770-001.	[(46, 51, 'Паспортные данные'), (59, 65, 'Паспортные данные'), (73, 83, 'Паспортные данные'), (84, 122, 'Паспортные данные'), (128, 135, 'Паспортные данные')]	['50 10', '123456', '10.01.2020', 'ОВД по району Сокольники города Москвы', '770-001']
Убедитесь, что вы вводите код в течение указанного времени. Возможно, срок действия кода уже истёк.	[]	[]
У меня изменились данные водительского. Новый номер 10 20 304050. Как мне обновить информацию в банке?	[(52, 64, 'Водительское удостоверение')]	['10 20 304050']
Загранпаспорт серии 7503 номер 987123, срок действия до 12.12.2024. Могу ли я открыть валютный счёт?	[(20, 24, 'Паспортные данные'), (31, 37, 'Паспортные данные'), (56, 66, 'Паспортные данные')]	['7503', '987123', '12.12.2024']
Да, для вашей безопасности чат-бот может запросить кодовое слово для подтверждения некоторых операций. Введите его точно.	[]	[]
При попытке оплатить онлайн, система выдала ошибку верификации, и я видел в логах: 5123456789012345=25062010000012345678.	[(83, 120, 'Содержимое магнитной полосы')]	['5123456789012345=25062010000012345678']
Пришло СМС с кодом 443210 для входа в Сбербанк Онлайн, но я использую другое приложение.	[(19, 25, 'Одноразовые коды'), (38, 53, 'Наименование банка')]	['443210', 'Сбербанк Онлайн']
У меня изменилась прописка на 25 марта 2024 года. Как я могу сообщить банку об этом?	[(30, 48, 'Дата регистрации по месту жительства или пребывания')]	['25 марта 2024 года']
Для оформления доверенности брату потребуется личное присутствие и подтверждение личности, кодовое слово может быть запрошено.	[]	[]
Я ввел код 741852 для подтверждения перевода, но деньги так и не пришли получателю.	[(11, 17, 'Одноразовые коды')]	['741852']
К сожалению, мы не можем озвучить ваше кодовое слово по соображениям безопасности. Вы можете его сменить.	[]	[]
Мой контактный номер изменился на +79158026643. Пожалуйста, обновите данные в системе банка.	[(34, 46, 'Номер телефона')]	['+79158026643']
Да, ИНН вашей организации подтверждён как 7724186599. Все данные актуальны. Это очень важный вопрос для нас, требующий быстрого решения.	[(42, 52, 'Данные об организации/юридическом лице (ИНН, КПП, ОГРН, БИК, адреса, расчётный счёт)')]	['7724186599']
При попытке перевести деньги через СБП, операция была отклонена. Может быть, это из-за того, что моя виза 97 8593402 скоро закончится?	[(106, 116, 'Разрешение на работу / визу')]	['97 8593402']
Это может быть запрос на обновление персональных данных. Проверьте отправителя СМС и не переходите по подозрительным ссылкам.	[]	[]
Приносим извинения за неудобства. Пожалуйста, обратитесь в ближайшее отделение банка для бесплатного перевыпуска карты с корректными данными.	[]	[]
Да, после проверки по паспорту мы заменим старое кодовое слово на новое, которое вы зададите.	[]	[]
При попытке разблокировать карту запросило кодовое слово Рыба. Что делать, если не помню?	[(57, 61, 'Кодовые слова')]	['Рыба']
Я не могу получить код 939393 для оплаты через QR-код. Что делать?	[(23, 29, 'Одноразовые коды')]	['939393']
Убедитесь, что вы вводите имя точно так, как оно указано на карте, без лишних пробелов или символов. Это частая причина ошибок.	[]	[]
Для изменения адреса, пожалуйста, авторизуйтесь в приложении и перейдите в раздел «Профиль».	[]	[]
"Я хочу установить пароль ""MySafePIN"" для подтверждения операций по СБП, но не вижу такой опции."	[(26, 35, 'Пароли')]	['MySafePIN']
"Мой пароль ""CardPIN_5678"" для карты был украден. Что мне делать, чтобы защитить свои средства?"	[(12, 24, 'Пароли')]	['CardPIN_5678']
Ваш почтовый индекс для этого адреса 190000. Могу ли я помочь с чем-то ещё?	[]	[]
Могу ли я оформить доверенность на другого человека, имея временное удостоверение 678901234567?	[(82, 94, 'Временное удостоверение личности')]	['678901234567']
Да, конечно. Для этого вам нужно будет пройти идентификацию по телефону или в отделении банка.	[]	[]
Здравствуйте! Для изменения данных на карте вам потребуется перевыпустить её с новой фамилией.	[]	[]
Снимал деньги в банкомате, но он выдал ошибку. Имя держателя DMITRY VOLKOV указано верно.	[(61, 74, 'Имя держателя карты')]	['DMITRY VOLKOV']
Проверьте фильтры в разделе «История операций». По ИНН 503911223344 все данные должны быть доступны.	[(55, 67, 'Сведения об ИНН')]	['503911223344']
Для изменения лимита требуется подтверждение личности. Вы можете посмотреть имя на лицевой стороне карты.	[]	[]
Наша компания открывает новый счёт. Адрес: индекс 450000, город Уфа, улица Коммунистическая, дом 50, офис 10.	[(50, 56, 'Полный адрес'), (58, 67, 'Полный адрес'), (69, 91, 'Полный адрес'), (93, 99, 'Полный адрес'), (101, 108, 'Полный адрес')]	['450000', 'город Уфа', 'улица Коммунистическая', 'дом 50', 'офис 10']
Да, конечно. Уточните, пожалуйста, дату и сумму операции, и я отправлю копию чека на ваш e-mail.	[]	[]
У меня ИП, ИНН 504400000050. Хочу узнать, есть ли у вас предложения по депозитам для бизнеса?	[(15, 27, 'Сведения об ИНН')]	['504400000050']
Где я могу найти номер двигателя N47D20C-1234567? Нужен для регистрации в ГИБДД.	[(33, 48, 'Данные об автомобиле клиента')]	['N47D20C-1234567']
Мы поможем вам решить эту проблему. Проверьте правильность введенных данных и наличие средств.	[]	[]
К сожалению, мы не предоставляем информацию о СНИЛС. Вы можете восстановить данные через Пенсионный фонд или портал Госуслуг. Эти данные конфиденциальны и доступны только через официальные источники.	[]	[]
"Мой пароль ""HomeBank@ccount"" для домашнего банкинга перестал работать после переезда в другую страну."	[(12, 27, 'Пароли')]	['HomeBank@ccount']
Нужен ИНН 500100123456 для нового договора. Можете подтвердить, что он актуален?	[(10, 22, 'Сведения об ИНН')]	['500100123456']
Понял. Это означает, что магнитная полоса не была считана. Попробуйте использовать чип или бесконтактную оплату, если карта поддерживает.	[]	[]
Для международных переводов наш БИК 044525593. Пожалуйста, внимательно проверьте все данные перед отправкой.	[(36, 45, 'Данные об организации/юридическом лице (ИНН, КПП, ОГРН, БИК, адреса, расчётный счёт)')]	['044525593']
Информацию о режиме работы отделений Росбанка вы можете найти на нашем официальном сайте в разделе 'Отделения и банкоматы'.	[(37, 45, 'Наименование банка')]	['Росбанка']
Мой год рождения 1975. Система требует подтверждение возраста, хотя мне уже 48.	[(17, 21, 'Дата рождения')]	['1975']
Подскажите, пожалуйста, какой срок действия у моей зарплатной карты? В приложении не могу найти.	[]	[]
Это может быть связано с износом магнитной полосы. Рекомендуем проверить состояние карты или заказать новую.	[]	[]
Это означает, что магнитная полоса не была считана. Попробуйте воспользоваться другой картой или способом оплаты.	[]	[]
Возможно, установлены лимиты на снятие наличных в сторонних банкоматах. Проверьте условия тарифа.	[]	[]
Мой Telegram-бот для сбора обратной связи не работает. Токен 7788990011:JJJJJJJJJJJJJJJJJJJJJJJJJJJJJJJJJJJJJJJJJJ не обрабатывает сообщения.	[(61, 114, 'API ключи')]	['7788990011:JJJJJJJJJJJJJJJJJJJJJJJJJJJJJJJJJJJJJJJJJJ']
Отправили платеж на банк с БИК 044525593, но он до сих пор не зачислен. Можете проверить?	[(31, 40, 'Данные об организации/юридическом лице (ИНН, КПП, ОГРН, БИК, адреса, расчётный счёт)')]	['044525593']
Оформляю новую дебетовую карту и ввожу СНИЛС 654-321-987 12. Почему-то выдает ошибку?	[(45, 59, 'СНИЛС клиента')]	['654-321-987 12']
Мне постоянно приходят уведомления о смене пароля. Мой текущий пароль FirstP@ssword. Это безопасно?	[(70, 83, 'Пароли')]	['FirstP@ssword']
Я переводил деньги через СБП на другую карту, но указал неверный номер. С моей карты 4000 8765 4321 0987 деньги ушли.	[(85, 104, 'Номер карты')]	['4000 8765 4321 0987']
Мне нужно отправить перевод родственникам в Казахстан. Какая комиссия будет за перевод в Казахстан через мобильное приложение?	[(44, 53, 'Гражданство и названия стран'), (89, 98, 'Гражданство и названия стран')]	['Казахстан', 'Казахстан']
Обмен валюты по временному удостоверению ПР78901234 возможен в кассе банка. Приглашаем вас.	[(41, 51, 'Временное удостоверение личности')]	['ПР78901234']
Вчера на заправке терминал не смог прочитать мою карту, показал ошибку Track 1: %B46666777788889999^SIDOROV/IVAN^29061200000000000000?. Что это было?	[(80, 134, 'Содержимое магнитной полосы')]	['%B46666777788889999^SIDOROV/IVAN^29061200000000000000?']
Да, если с тех пор вы не меняли адрес регистрации, то эта информация остаётся актуальной в нашей системе.	[]	[]
Да, вы можете оформить зарплатную карту при наличии вида на жительство. Обратитесь в отделение для оформления.	[]	[]
Мне нужно подтвердить данные о моей компании для СБП. Наш ИНН 1001234567. Где я могу это сделать?	[(62, 72, 'Сведения об ИНН')]	['1001234567']
При формировании счета на оплату для организации с ИНН 0201234567 возникли сложности. Можете помочь?	[(55, 65, 'Сведения об ИНН')]	['0201234567']
Здравствуйте. По вашему запросу, данные по ИНН 5001001234 и ОГРН 1187746578901 подтверждаю. Все актуально. Чем еще могу помочь?	[(47, 57, 'Данные об организации/юридическом лице (ИНН, КПП, ОГРН, БИК, адреса, расчётный счёт)'), (65, 78, 'Данные об организации/юридическом лице (ИНН, КПП, ОГРН, БИК, адреса, расчётный счёт)')]	['5001001234', '1187746578901']
Ваши операции могут быть временно ограничены. Пожалуйста, срочно обновите информацию о регистрации, предоставив новые документы.	[]	[]
Я хочу, чтобы уведомления по моей новой карте приходили на igor.ivanov@gmail.com, а не на старый адрес.	[(59, 80, 'Email')]	['igor.ivanov@gmail.com']
В банкомате не могу снять деньги, пишет, что карта недействительна. Срок действия 11/28.	[(82, 87, 'Дата окончания срока действия карты')]	['11/28']
Да, граждане Таджикистана могут пополнять счета в долларах. Для этого обратитесь в кассу банка с паспортом.	[(13, 25, 'Гражданство и названия стран')]	['Таджикистана']
Автоплатеж со счета 40817810901234567890 можно отключить в разделе «Автоплатежи» вашего личного кабинета или мобильного приложения.	[(20, 40, 'Номер банковского счета')]	['40817810901234567890']
Я не могу получить доступ к своему счету, так как забыл пароль. Он был что-то вроде FinanceUser_XYZ.	[(84, 99, 'Пароли')]	['FinanceUser_XYZ']
Моя карта заблокировалась после того, как я ввел ПИН 8989 в банкомате. Как ее быстро разблокировать?	[(53, 57, 'ПИН код')]	['8989']
Спасибо. VIN WBAJG21030A123456 принят. Проверка займет некоторое время, ожидайте уведомления.	[(13, 30, 'Данные об автомобиле клиента')]	['WBAJG21030A123456']
Убедитесь, что вы правильно ввели номер телефона и сумму. Если проблема сохраняется, возможно, это технический сбой.	[]	[]
Могу ли я оформить автокредит, если у меня гражданство Вьетнама?	[(55, 63, 'Гражданство и названия стран')]	['Вьетнама']
Для ипотеки требуется личное присутствие в офисе с оригиналом паспорта и полным пакетом документов.	[]	[]
Мне пришло СМС с просьбой подтвердить операцию, введя ПИН 5252. Это мошенники?	[(58, 62, 'ПИН код')]	['5252']
Убедитесь, что у получателя подключена СБП и он является клиентом Альфа-Банка.	[(66, 77, 'Наименование банка')]	['Альфа-Банка']
Принято. Что-то еще могу для вас сделать по вашему автомобилю или другим вопросам?	[]	[]
Могу ли я использовать ПИН 0000 для своей новой карты? Это очень удобно запомнить.	[(27, 31, 'ПИН код')]	['0000']
Я гражданин Эстонии и хочу оформить автокредит. Какие условия?	[(12, 19, 'Гражданство и названия стран')]	['Эстонии']
Проверьте, пожалуйста, лимиты на онлайн-покупки и срок действия вашей карты. Также убедитесь в правильности ввода данных.	[]	[]
Статус моей заявки на кредит не обновляется, и на почту galina.zhukova@yahoo.com ничего не приходит. Что делать?	[(56, 80, 'Email')]	['galina.zhukova@yahoo.com']
Проверьте правильность серии и номера, они должны полностью совпадать с оригиналом свидетельства.	[]	[]
Вчера в банкомате вводил ПИН-код 5050, и он завис. Сегодня карта не работает. Могла ли она заблокироваться?	[(33, 37, 'ПИН код')]	['5050']
Я ввёл код 123456 для регистрации в приложении, но он не работает. Может быть, я уже зарегистрирован?	[(11, 17, 'Одноразовые коды')]	['123456']
Для перевыпуска карты достаточно вашего паспорта. Разрешение на работу 81 4567890 не требуется, если оно уже есть в базе.	[(71, 81, 'Разрешение на работу / визу')]	['81 4567890']
При регистрации на новом сайте потребовали ввести CVV 654. Это безопасно? Обычно его не запрашивают при регистрации.	[(54, 57, 'CVV/CVC')]	['654']
Привязка к получателю слетела, и теперь не могу перевести деньги ребенку. Это из-за ошибки в свидетельстве о рождении VIII-ГК 304050?	[(118, 132, 'Свидетельство о рождении')]	['VIII-ГК 304050']
Не могу получить справку о доходах для ребенка, система требует свидетельство о рождении XXII-ЛЩ 777888, но я его не помню.	[(89, 103, 'Свидетельство о рождении')]	['XXII-ЛЩ 777888']
Пожалуйста, предоставьте данные нового документа для обновления в нашей системе. Мы поможем вам в этом вопросе.	[]	[]
Могу ли я узнать баланс карты по номеру телефона 89160001122?	[(49, 60, 'Номер телефона')]	['89160001122']
Да, для настройки автоплатежей или привязки карты к сервису запрос CVV 505 является стандартной мерой безопасности. Убедитесь в подлинности сервиса.	[(71, 74, 'CVV/CVC')]	['505']
Вы можете закрыть счет удаленно, отправив заявление. Средства можно перевести в Грузию по SWIFT-реквизитам.	[(80, 86, 'Гражданство и названия стран')]	['Грузию']
Я потерял телефон с номером +79158026643. Как мне временно заблокировать доступ к онлайн-банку?	[(28, 40, 'Номер телефона')]	['+79158026643']
У меня вопрос по детскому счёту. Мне нужно сверить данные, которые я указывал по свидетельству X-ТУ 334455.	[(95, 106, 'Свидетельство о рождении')]	['X-ТУ 334455']
Да, вы можете изменить лимит в мобильном приложении в разделе 'Настройки переводов' или через контактный центр.	[]	[]
Попробуйте использовать другой браузер или очистить кэш. Иногда это помогает решить подобные проблемы.	[]	[]
Пытаюсь войти в раздел 'Авто' в приложении. Он запрашивает водительское удостоверение, мой номер 9876 543210.	[(97, 108, 'Водительское удостоверение')]	['9876 543210']
Мне пришел код 102938, но я не помню, чтобы запрашивал его. Стоит ли беспокоиться?	[(15, 21, 'Одноразовые коды')]	['102938']
Мне пришло уведомление о транзакции, и там был указан EMV-идентификатор: 9F2606A1B2C3D4E5F6. Это нормально?	[(73, 91, 'Содержимое магнитной полосы')]	['9F2606A1B2C3D4E5F6']
Автоплатежи можно настроить в интернет-банке или мобильном приложении Банка Открытие.	[(70, 84, 'Наименование банка')]	['Банка Открытие']
Снятие наличных с карт других банков в наших банкоматах может облагаться комиссией. Уточните условия в банке Открытие.	[(109, 117, 'Наименование банка')]	['Открытие']
Мои документы в порядке? Просто хочу убедиться, что никаких проблем с обслуживанием в банке не возникнет в ближайшее время.	[]	[]
Хочу зарегистрировать Geely Coolray, белый цвета, госномер А001АА01. Помогите мне с этим процессом.	[(22, 27, 'Данные об автомобиле клиента'), (28, 35, 'Данные об автомобиле клиента'), (37, 42, 'Данные об автомобиле клиента'), (59, 67, 'Данные об автомобиле клиента')]	['Geely', 'Coolray', 'белый', 'А001АА01']
Я хочу отменить привязку старого Telegram Bot API токена 2038755030:z-9-w_0-y-5-w-0-x-1-x-3-x-7-z-3-y_2-y_0-x_0-x_2-x-5-z-1-x-2-z-3-w-8-z-3-z. Он больше не используется.	[(57, 141, 'API ключи')]	['2038755030:z-9-w_0-y-5-w-0-x-1-x-3-x-7-z-3-y_2-y_0-x_0-x_2-x-5-z-1-x-2-z-3-w-8-z-3-z']
Будьте осторожны, сообщая CVV 121. Убедитесь, что это надёжный сервис и что сайт использует защищённое соединение.	[(30, 33, 'CVV/CVC')]	['121']
Возможно, ваша карта заблокирована для международных операций. Проверьте настройки лимитов или свяжитесь с нами для уточнения.	[]	[]
Мы можем провести расследование по спорной операции. Заблокируйте карту и подайте заявление о несанкционированном списании.	[]	[]
Мне срочно нужно узнать ИНН нашего нового партнера, компании ООО «Альфа». У меня есть только название организации.	[]	[]
Проверьте, пожалуйста, баланс и настройки СМС на вашем устройстве. Если проблема сохраняется, мы проверим статус доставки на +79161234567.	[(125, 137, 'Номер телефона')]	['+79161234567']
Мне нужно изменить адрес для получения корреспонденции. Новый: Тюменская область, город Тюмень, улица Республики, дом 92, квартира 45.	[(63, 80, 'Полный адрес'), (82, 94, 'Полный адрес'), (96, 112, 'Полный адрес'), (114, 120, 'Полный адрес'), (122, 133, 'Полный адрес')]	['Тюменская область', 'город Тюмень', 'улица Республики', 'дом 92', 'квартира 45']
Вы можете настроить получение уведомлений о курсах валют в разделе «Настройки» мобильного приложения.	[]	[]
Верно ли, что для получения документов курьером указан Россия, Московская обл., г. Подольск, просп. Мира, д. 60, стр. 1, оф. 10?	[(55, 61, 'Полный адрес'), (63, 78, 'Полный адрес'), (80, 91, 'Полный адрес'), (93, 104, 'Полный адрес'), (106, 111, 'Полный адрес'), (113, 119, 'Полный адрес'), (121, 127, 'Полный адрес')]	['Россия', 'Московская обл.', 'г. Подольск', 'просп. Мира', 'д. 60', 'стр. 1', 'оф. 10']
ИНН 771112345678 необходим для вашей идентификации и соблюдения налогового законодательства. Это стандартная процедура.	[(4, 16, 'Сведения об ИНН')]	['771112345678']
Все банковские карты выпускаются с именем держателя на латинице, это международный стандарт. VERA BELOVA — это корректная транслитерация.	[(93, 104, 'Имя держателя карты')]	['VERA BELOVA']
Моё место рождения Тула. При попытке изменить лимиты на карте, система запросила подтверждение места рождения. Зачем?	[(19, 23, 'Место рождения')]	['Тула']
Моя карта заканчивается в мае 2023 года. Я не получил уведомления о перевыпуске. Что делать?	[(26, 34, 'Дата окончания срока действия карты')]	['мае 2023']
При заполнении формы возникла проблема с КПП 565601001. Подскажите правильный формат ввода.	[(45, 54, 'Данные об организации/юридическом лице (ИНН, КПП, ОГРН, БИК, адреса, расчётный счёт)')]	['565601001']
Проверьте правильность заполнения полей — формат ОГРН 1123456789012 и КПП 500101001 должен соответствовать официальным данным.	[(54, 67, 'Данные об организации/юридическом лице (ИНН, КПП, ОГРН, БИК, адреса, расчётный счёт)'), (74, 83, 'Данные об организации/юридическом лице (ИНН, КПП, ОГРН, БИК, адреса, расчётный счёт)')]	['1123456789012', '500101001']
Попробуйте переустановить приложение или очистить кэш. Если это не поможет, возможно, потребуется сброс настроек.	[]	[]
Да, это стандартное наименование. Если у вас другое, сообщите для корректировки.	[]	[]
Возможно, произошёл сбой в системе Apple Pay или требуется перепривязать карту. Срок действия 06/27 указывает, что она должна быть активна.	[(94, 99, 'Дата окончания срока действия карты')]	['06/27']
Мой год рождения 1965. У меня есть какие-то особые условия по вкладам?	[(17, 21, 'Дата рождения')]	['1965']
Мы скорректируем информацию. Ваше место рождения будет указано как «Магнитогорск», а не «Сочи».	[(68, 80, 'Место рождения'), (89, 93, 'Место рождения')]	['Магнитогорск', 'Сочи']
Мне нужно подтвердить источник средств для крупного пополнения. Могу ли я использовать свое разрешение на работу 14 1974635 как подтверждение?	[(113, 123, 'Разрешение на работу / визу')]	['14 1974635']
Возможно, кто-то пытался зарегистрироваться на ваше имя. Пожалуйста, свяжитесь с нами для проверки и обеспечения безопасности ваших данных.	[]	[]
Мой вид на жительство 82-2345678. Хочу узнать о курсах валют. Где найти информацию?	[(22, 32, 'Серия и номер вида на жительство')]	['82-2345678']
Не могу снять деньги с карты 5111 2222 3333 4444 в банкомате другого банка. В чём может быть причина?	[(29, 48, 'Номер карты')]	['5111 2222 3333 4444']
При попытке войти через веб-версию, не приходит код подтверждения на sofia.novikova@mail.ru. С чем это связано?	[(69, 91, 'Email')]	['sofia.novikova@mail.ru']
Я совершила крупный перевод. Мне нужно подтверждение, что он был отправлен от TATYANA MAKAROVA.	[(78, 94, 'Имя держателя карты')]	['TATYANA MAKAROVA']
Мой пароль Code_Auth не принимается после того, как я обновил операционную систему. В чем может быть причина?	[(11, 20, 'Пароли')]	['Code_Auth']
Для юридически значимых документов, таких как завещание, иногда требуется максимальная точность. Введите все данные, пожалуйста.	[]	[]
Возможно, вы пытаетесь войти в старую сессию. Попробуйте закрыть браузер и открыть его заново, затем запросите новый код.	[]	[]
Вчера пытался оплатить покупку, но терминал выдал ошибку и показал Track 2: 4111111111111111=19122010000012345678.	[(76, 113, 'Содержимое магнитной полосы')]	['4111111111111111=19122010000012345678']
Вы можете обновить данные в любом отделении банка, предъявив новый документ. Также доступна загрузка через мобильное приложение. Это обеспечит корректность всех ваших банковских операций.	[]	[]
Да, как только получите новый документ, пожалуйста, обновите данные в отделении или через чат.	[]	[]
В описании ключа API_ACCOUNT_INFO_PROD в личном кабинете должна быть указана его привязка к конкретным сервисам.	[(17, 38, 'API ключи')]	['API_ACCOUNT_INFO_PROD']
Нет, через банкомат изменить кодовое слово нельзя. Это можно сделать в мобильном приложении, интернет-банке или отделении.	[]	[]
Это может быть попытка несанкционированного доступа. Пожалуйста, не сообщайте код никому. Мы проверим активность по номеру 8 (903) 123-45-67.	[(123, 140, 'Номер телефона')]	['8 (903) 123-45-67']
Я родился в Симферополе. Пришло СМС с просьбой подтвердить данные. Что подтверждать?	[(12, 23, 'Место рождения')]	['Симферополе']
Я хочу настроить уведомления о транзакциях, но мой API ключ 'notification_service_v1' не имеет нужных прав. Как мне их добавить?	[(61, 84, 'API ключи')]	['notification_service_v1']
Почему в моем профиле указан Ставрополь, если я всегда указывал Улан-Удэ?	[(29, 39, 'Место рождения'), (64, 72, 'Место рождения')]	['Ставрополь', 'Улан-Удэ']
"Для актуализации информации в связи с обновлением внутренних регламентов. Уточним ""Ижевск""."	[(83, 89, 'Место рождения')]	['Ижевск']
Мой автомобиль синий, госномер А001ББ01. Не могу получить выписку по автокредиту.	[(15, 20, 'Данные об автомобиле клиента'), (31, 39, 'Данные об автомобиле клиента')]	['синий', 'А001ББ01']
Коды для банкомата обычно генерируются прямо на экране или приходят в push-уведомлении в приложении.	[]	[]
Мой вид на жительство 82-9019012 был поврежден. Нужно ли мне получать новый для банковских операций?	[(22, 32, 'Серия и номер вида на жительство')]	['82-9019012']
Да, интернет-банк будет работать, но для некоторых операций потребуется актуальная регистрация.	[]	[]
Банкомат запрашивает только дату. День недели вводить не нужно.	[]	[]
Я зарегистрирован с 18 декабря 2021 года. Могу ли я получить дебетовую карту без посещения офиса?	[(18, 40, 'Дата регистрации по месту жительства или пребывания')]	['с 18 декабря 2021 года']
Я родился в четверг, 9 мая 1984 года. При открытии нового счета, меня спросили день недели рождения. Это нормально?	[(12, 19, 'Дата рождения'), (21, 22, 'Дата рождения'), (23, 26, 'Дата рождения'), (27, 31, 'Дата рождения')]	['четверг', '9', 'мая', '1984']
Для получения справок требуется актуальный документ. Пожалуйста, обновите данные вашего вида на жительство в отделении.	[]	[]
Убедитесь, что вы правильно ввели все данные, включая CVV-код. Возможно, проблема не в сроке действия 03/27, а в настройках безопасности.	[(102, 107, 'Дата окончания срока действия карты')]	['03/27']
Да, токен недействителен. Пожалуйста, сгенерируйте новый в настройках бота через @BotFather, чтобы восстановить работу.	[]	[]
Я хочу изменить кодовое слово Звезда, но не могу найти эту опцию в интернет-банке. Где она?	[(30, 36, 'Кодовые слова')]	['Звезда']
Проверьте стабильность интернет-соединения. Если проблема сохраняется, я могу помочь вам с переводом со счета 40817810211223344556 через другую систему.	[(110, 130, 'Номер банковского счета')]	['40817810211223344556']
Могу ли я получать зарплату на счёт в вашем банке, имея разрешение на работу 74 5678901?	[(77, 87, 'Разрешение на работу / визу')]	['74 5678901']
Не могу войти в онлайн-банк, пишет, что паспортные данные неверны. Моя серия 4510, а номер 123456.	[(77, 81, 'Паспортные данные'), (91, 97, 'Паспортные данные')]	['4510', '123456']
Стандартный лимит составляет 150 000 рублей в день. Вы можете изменить его в приложении.	[]	[]
Паспорт выдан 01 января 2020 года ОВД по району Кузьминки города Москвы, код подразделения 770-020.	[(14, 33, 'Паспортные данные'), (34, 71, 'Паспортные данные'), (91, 98, 'Паспортные данные')]	['01 января 2020 года', 'ОВД по району Кузьминки города Москвы', '770-020']
Пришло уведомление о перевыпуске карты, которая истекает 01/26. Но я не заказывал.	[(57, 62, 'Дата окончания срока действия карты')]	['01/26']
Возможно, данные не были обновлены после предыдущего изменения. Давайте исправим это вместе.	[]	[]
У меня в паспорте стоит дата регистрации 03.01.2009. В банке она тоже такая же?	[(41, 51, 'Дата регистрации по месту жительства или пребывания')]	['03.01.2009']
Забронировал отель, но указал старый срок действия карты – 07/22. Как мне обновить данные на актуальные?	[(59, 64, 'Дата окончания срока действия карты')]	['07/22']
Срок действия вашего загранпаспорта истек, необходимо получить новый документ. Мы поможем вам в этом вопросе.	[]	[]
Я хочу подключить СБП. Мое разрешение на работу 99 2342346. Будут ли какие-то ограничения?	[(48, 58, 'Разрешение на работу / визу')]	['99 2342346']
Мне нужно обновить номер телефона в системе. Потребуется ли для этого подтверждение через разрешение на работу 44 2893746?	[(111, 121, 'Разрешение на работу / визу')]	['44 2893746']
Платеж на ИНН 2701234567 мог быть отклонен из-за неверных реквизитов или недостатка средств. Проверьте детали.	[(14, 24, 'Сведения об ИНН')]	['2701234567']
Убедитесь, что вы правильно скопировали API ключ API_NEW_SERVICE_ALPHA и указали верный URL для обратного вызова.	[(49, 70, 'API ключи')]	['API_NEW_SERVICE_ALPHA']
Я родился в декабре 1983 года. Почему в анкете стоит 1984?	[(12, 19, 'Дата рождения'), (20, 24, 'Дата рождения'), (53, 57, 'Дата рождения')]	['декабре', '1983', '1984']
Убедитесь, что вы вводите данные без дефиса между серией и номером. Некоторые системы его не требуют.	[]	[]
Выписка доступна в мобильном приложении в разделе 'История операций'. Могу отправить её на вашу почту.	[]	[]
Ваша карта 4606789012345678 заблокирована. К сожалению, временные карты не выдаются. Вы можете снять наличные по паспорту в любом отделении банка.	[(11, 27, 'Номер карты')]	['4606789012345678']
Я не получил уведомление о задолженности. Мой адрес: город Новосибирск, Железнодорожный район, улица Ленина, дом 1, корпус 1.	[(53, 70, 'Полный адрес'), (72, 93, 'Полный адрес'), (95, 107, 'Полный адрес'), (109, 114, 'Полный адрес'), (116, 124, 'Полный адрес')]	['город Новосибирск', 'Железнодорожный район', 'улица Ленина', 'дом 1', 'корпус 1']
Да, студентка из Индии может открыть счет. Ей потребуется паспорт, миграционная карта и подтверждение обучения в российском вузе.	[(17, 22, 'Гражданство и названия стран'), (113, 123, 'Гражданство и названия стран')]	['Индии', 'российском']
Мне нужно сбросить пароль для доступа к выпискам по счету. Мой старый был StatementView_2023.	[(74, 92, 'Пароли')]	['StatementView_2023']
При попытке перевода на крупную сумму система просит подтвердить данные паспорта. Мой паспорт: 4504 123789.	[(95, 106, 'Паспортные данные')]	['4504 123789']
Мой паспорт выдан 13 декабря 2018 года с кодом подразделения 770-080. Очень важно решить этот вопрос как можно скорее.	[(18, 38, 'Паспортные данные'), (61, 68, 'Паспортные данные')]	['13 декабря 2018 года', '770-080']
Мне нужно получить выписку для школы по детскому счёту. У меня есть номер свидетельства XLII-ФХ 234567. Как её заказать?	[(88, 102, 'Свидетельство о рождении')]	['XLII-ФХ 234567']
Могу ли я ограничить доступ для API ключа 'data_analytics_key_001' только на чтение определенных данных?	[(43, 65, 'API ключи')]	['data_analytics_key_001']
Проверяем информацию по автоплатежу за транспортный налог, привязанному к госномеру Р777АА77. Минутку.	[(84, 92, 'Данные об автомобиле клиента')]	['Р777АА77']
Вчера терминал выдал ошибку чтения карты и показал Track 2: 4444444444444444=22062010000012345678.	[(60, 97, 'Содержимое магнитной полосы')]	['4444444444444444=22062010000012345678']
Ваша кредитная карта действительна до февраля 2026 года включительно. Перевыпуск будет запланирован.	[(38, 55, 'Дата окончания срока действия карты')]	['февраля 2026 года']
Изменение ПИН-кода возможно только при личном присутствии владельца карты с паспортом. Ваша мама может сделать это в банкомате или в отделении.	[]	[]
Да, похоже на ошибку. Мы можем скорректировать дату регистрации, если вы предоставите подтверждающий документ.	[]	[]
Мой загранпаспорт срок действия истекает 01 февраля 2024 года, это может быть причиной отказа в переводе? Надеюсь на вашу помощь.	[(41, 61, 'Паспортные данные')]	['01 февраля 2024 года']
Спасибо за уточнение. Передаю информацию в соответствующий отдел для дальнейшей обработки.	[]	[]
Моя жена — гражданка Франции. Можем ли мы открыть совместный счет?	[(21, 28, 'Гражданство и названия стран')]	['Франции']
Для ипотеки обычно требуется постоянная регистрация или временная с большим сроком. До 18 августа 2025 года может быть недостаточно.	[(87, 107, 'Дата регистрации по месту жительства или пребывания')]	['18 августа 2025 года']
Моя карта не работает в метро, турникет выдает ошибку чтения Track 2: 4666777788889999=31102010000012345678. Что делать?	[(70, 107, 'Содержимое магнитной полосы')]	['4666777788889999=31102010000012345678']
Моя зарплата приходит на карту Ренессанс Кредит, и я хочу переводить её к вам без комиссии. Это возможно?	[(31, 47, 'Наименование банка')]	['Ренессанс Кредит']
Не могу найти информацию о своем ИНН 430123456789 в мобильном приложении. Где он должен отображаться?	[(37, 49, 'Сведения об ИНН')]	['430123456789']
Разблокировать карту можно через мобильное приложение в разделе «Карты» или обратившись в ближайшее отделение банка с паспортом. Не вводите ПИН-код повторно.	[]	[]
Кодовое слово должно быть уникальным, состоять из одного слова и не содержать личных данных. Например, название месяца или города.	[]	[]
Да, вы можете пользоваться картой до последнего дня июня 2025 года. После 30 июня 06/25 она станет недействительной.	[(82, 87, 'Дата окончания срока действия карты')]	['06/25']
Срок действия моей карты до 12/26. Когда мне ожидать новую и как её получить?	[(28, 33, 'Дата окончания срока действия карты')]	['12/26']
Возможно, это временный технический сбой. Попробуйте оплатить через наше приложение, если у неё есть наша карта.	[]	[]
Мне нужно изменить адрес для выставления счетов по карте. На ней PAVEL GOLUBEV.	[(65, 78, 'Имя держателя карты')]	['PAVEL GOLUBEV']
Проверьте баланс на карте и правильность реквизитов. Если проблема сохраняется, сообщите номер 56789012 для проверки.	[(95, 103, 'Водительское удостоверение')]	['56789012']
При попытке оплатить коммунальные услуги, система выдала ошибку по адресу: Ростовская область, город Ростов-на-Дону, улица Большая Садовая, 70.	[(75, 93, 'Полный адрес'), (95, 115, 'Полный адрес'), (117, 138, 'Полный адрес'), (140, 142, 'Полный адрес')]	['Ростовская область', 'город Ростов-на-Дону', 'улица Большая Садовая', '70']
Могу ли я получать уведомления о курсах валют на номер 9460123456?	[(55, 65, 'Номер телефона')]	['9460123456']
Да, доступ к ячейке возможен по временному удостоверению. Пожалуйста, предъявите его сотруднику банка при посещении хранилища.	[]	[]
Для закрытия счета убедитесь, что на нем нет задолженностей и остатка средств. Вы можете подать заявку в приложении или в офисе банка.	[]	[]
Мой аккаунт был заблокирован после нескольких неудачных попыток входа с паролем ClientAccess#1. Что теперь делать?	[(80, 94, 'Пароли')]	['ClientAccess#1']
Убедитесь, что вы вводите актуальный CVV для этой карты. Иногда после перевыпуска карты старые данные могут быть недействительны.	[]	[]
Для выяснения причин блокировки счета, пожалуйста, обратитесь в отделение банка с вашим документом.	[]	[]
Мы видим, что были попытки отправки. Проверьте сеть и попробуйте запросить код заново.	[]	[]
Мне нужна выписка по счету 40817810700000574043 за год для ипотеки. Как ее получить?	[(27, 47, 'Номер банковского счета')]	['40817810700000574043']
CVV 678 — это защитный код для подтверждения вашей карты при интернет-платежах. Он отличается от пин-кода и служит для безопасности транзакций.	[(4, 7, 'CVV/CVC')]	['678']
Здравствуйте, мой вид на жительство 82-7788990. Хочу узнать о возможности рефинансирования кредита.	[(36, 46, 'Серия и номер вида на жительство')]	['82-7788990']
Я потерял телефон, на который приходили коды подтверждения для операций со счетом 40702810912345678910. Что делать?	[(82, 102, 'Номер банковского счета')]	['40702810912345678910']
Я забыл своё кодовое слово Салют. Мне нужно совершить срочный перевод, что делать?	[(27, 32, 'Кодовые слова')]	['Салют']
При оплате на заправке терминал попросил ввести ПИН 6543, но я обычно плачу без него. В чем причина?	[(52, 56, 'ПИН код')]	['6543']
Можно ли продлить время действия кода 258369? Он слишком быстро истекает.	[(38, 44, 'Одноразовые коды')]	['258369']
Мы можем проверить причину отказа. Уточните, пожалуйста, полное ФИО внука и дату подачи заявки.	[]	[]
Я хочу, чтобы мой пароль был только из цифр, например 87654321. Это возможно?	[(54, 62, 'Водительское удостоверение')]	['87654321']
Вы можете восстановить логин через форму на сайте или в мобильном приложении, используя номер телефона.	[]	[]
Уточните, пожалуйста, текст уведомления. Возможно, это запрос на обновление данных паспорта, а не водительского 3456789012.	[(112, 122, 'Водительское удостоверение')]	['3456789012']
Нет, для входа в интернет-банк вы можете использовать только номер телефона, зарегистрированный на ваше имя. Номер 89393210987 не подойдет.	[(115, 126, 'Номер телефона')]	['89393210987']
Пожалуйста, проверьте папку «Спам» и убедитесь, что вы вводите правильный логин. Если письма всё равно нет, я могу сбросить вашу сессию.	[]	[]
Мне нужно подтвердить перевод юридическому лицу, но код 212121 не приходит. Как быть?	[(56, 62, 'Одноразовые коды')]	['212121']
Хочу перевыпустить карту. Мое временное удостоверение 210987654321.	[(54, 66, 'Временное удостоверение личности')]	['210987654321']
Пытаюсь перевести деньги в благотворительный фонд, но код 554433 не приходит. В чём причина?	[(58, 64, 'Одноразовые коды')]	['554433']
Мне нужно подтвердить данные моего ИП для ФНС, мой ИНН 502600000014. Можете выдать какую-то справку?	[(55, 67, 'Сведения об ИНН')]	['502600000014']
Мне пришло уведомление, что для получения выписки в банкомате нужен ПИН 2222. Это правда?	[(72, 76, 'ПИН код')]	['2222']
Я хочу узнать, какие данные у вас есть по моему водительскому удостоверению 57 19 382746.	[(76, 88, 'Водительское удостоверение')]	['57 19 382746']
Мне пришло СМС о попытке списания с карты 5123 4567 8901 2345, которую я не совершал. Это мошенники?	[(42, 61, 'Номер карты')]	['5123 4567 8901 2345']
Мой e-mail для получения уведомлений о задолженности — debt@collection.com. Пришло письмо с угрозами.	[(55, 74, 'Email')]	['debt@collection.com']
Я хочу закрыть расчётный счёт 40702810100000000001. Какие документы для этого нужны?	[(30, 50, 'Данные об организации/юридическом лице (ИНН, КПП, ОГРН, БИК, адреса, расчётный счёт)')]	['40702810100000000001']
Мне нужно подтвердить операцию по телефону. У меня временное удостоверение 67890123.	[(75, 83, 'Временное удостоверение личности')]	['67890123']
Мой пароль Bank_P@ss перестал работать после смены телефона. Это нормально?	[(11, 20, 'Пароли')]	['Bank_P@ss']
Мы можем внести изменение. Подтвердите, что верное место рождения — «Барнаул», а не «Ульяновска».	[(69, 76, 'Место рождения'), (85, 95, 'Место рождения')]	['Барнаул', 'Ульяновска']
Пришло уведомление о смене реквизитов банка. Наш ИНН 7732556677. Это правда?	[(53, 63, 'Сведения об ИНН')]	['7732556677']
Бесконтактная оплата перестала работать. На карте ANASTASIYA TIKHONOVA. Что могло случиться?	[(50, 70, 'Имя держателя карты')]	['ANASTASIYA TIKHONOVA']
Вы можете изменить пин-код в любом банкомате нашего банка или через мобильное приложение.	[]	[]
Да, пожалуйста, сообщите нам о продлении или изменении вашей регистрации, чтобы избежать блокировки некоторых операций.	[]	[]
Да, именно этот адрес указан в вашей анкете. Могу ли я чем-то еще помочь?	[]	[]
Перевод через СБП на мой счет 40817810200007784067 не прошел. В чем проблема?	[(30, 50, 'Номер банковского счета')]	['40817810200007784067']
Проверьте, пожалуйста, дату следующего платежа и достаточность средств на счете. Могли быть изменения.	[]	[]
Для привязки СНИЛС к счету вам необходимо обратиться в отделение банка. При себе нужно иметь паспорт. Это гарантирует своевременное получение всех положенных выплат.	[]	[]
Да, для подключения уведомлений о налоговых начислениях нам потребуется ваш ИНН 771712345678. Заполните форму в личном кабинете.	[(80, 92, 'Сведения об ИНН')]	['771712345678']
Проверьте правильность ввода кодового слова. Если уверены, что оно верное, мы поможем вам его обновить.	[]	[]
Немедленно измените пароль в онлайн-банке. Также мы рекомендуем активировать двухфакторную аутентификацию для дополнительной защиты.	[]	[]
"Нет, не все поля отображаются в приложении. Но в нашей системе ""Киров"" указан."	[(64, 69, 'Место рождения')]	['Киров']
Я забыл кодовое слово и не могу получить консультацию по телефону. Моё «Динамо» не подошло.	[(72, 78, 'Кодовые слова')]	['Динамо']
Могу ли я настроить автоплатеж для оплаты коммунальных услуг в Болгарии?	[(63, 71, 'Гражданство и названия стран')]	['Болгарии']
Можно ли запросить код 383838 на электронную почту вместо СМС?	[(23, 29, 'Одноразовые коды')]	['383838']
Оформляю детскую карту, указал свидетельство о рождении II-БВ 789012, но анкета пишет, что документ не найден. В чем проблема?	[(56, 68, 'Свидетельство о рождении')]	['II-БВ 789012']
Какие именно данные хранятся на EMV-чипе, например, что это за 5F2A020643?	[(63, 73, 'Содержимое магнитной полосы')]	['5F2A020643']
Проверьте, пожалуйста, правильность введенных реквизитов и наличие достаточной суммы на счёте 40817810100089015678.	[(94, 114, 'Номер банковского счета')]	['40817810100089015678']
Мне нужен код 912345 для подтверждения операции по кредитной карте. Как его получить?	[(14, 20, 'Одноразовые коды')]	['912345']
EMV-данные, например 9F36020400, меняются с каждой транзакцией или они статичны?	[(21, 31, 'Содержимое магнитной полосы')]	['9F36020400']
Возможно, данные вашей визы 73 4567890 не были корректно синхронизированы. Попробуйте повторить регистрацию или обратитесь в поддержку.	[(28, 38, 'Разрешение на работу / визу')]	['73 4567890']
Я сменил пароль на NewBankP@ss, но теперь не могу войти. Возможно, произошла ошибка при сохранении?	[(19, 30, 'Пароли')]	['NewBankP@ss']
Я ввожу пароль StrongPwd!, но мне пишет, что он неверный. Это точно мой пароль.	[(15, 25, 'Пароли')]	['StrongPwd!']
Да, вы можете добавить дополнительный номер 9160987654 для уведомлений в разделе «Настройки безопасности». Подтвердите его через SMS-код.	[(44, 54, 'Номер телефона')]	['9160987654']
Мы обновили информацию. Все документы будут отправляться по указанному адресу. Спасибо за обращение.	[]	[]
Мой пароль Secure_ID_ перестал работать после смены сим-карты. Это как-то связано?	[(11, 21, 'Пароли')]	['Secure_ID_']
Пришло уведомление о задолженности, но ИНН в нем указан 230712398701, а это не мой. Можете проверить?	[(56, 68, 'Сведения об ИНН')]	['230712398701']
Мне нужно подтверждение активации для нового API ключа API_FINTECH_SOLUTIONS_AUTH. Мы его получили, но не уверены, что он активен.	[(55, 81, 'API ключи')]	['API_FINTECH_SOLUTIONS_AUTH']
Мы не предоставляем налоговые консультации. Рекомендуем обратиться к налоговому консультанту или в налоговую службу для получения информации.	[]	[]
Заявка на справку принята. Уточните, пожалуйста, удобное время для курьерской доставки по этому адресу.	[]	[]
Мне необходимо получить справку для налоговой. Мой вид на жительство 83№1234567. Как ее заказать?	[(69, 79, 'Серия и номер вида на жительство')]	['83№1234567']
Могу ли я получить выписку по счету, если у меня только водительское удостоверение 10 39 881559?	[(83, 95, 'Водительское удостоверение')]	['10 39 881559']
Вы можете узнать баланс кредитной карты 5888777766665555, отправив СМС с текстом «БАЛАНС» на короткий номер банка. Также доступен звонок на горячую линию.	[(40, 56, 'Номер карты')]	['5888777766665555']
Выписку можно получить в отделении банка или заказать онлайн через личный кабинет.	[]	[]
У меня возникла проблема с автоплатежом за парковку. Может, это из-за того, что я не указывал водительское 36 91 245780?	[(107, 119, 'Водительское удостоверение')]	['36 91 245780']
Пожалуйста, убедитесь, что вы вводите номер 0011 223344 без пробелов и лишних символов. Попробуйте снова.	[(44, 55, 'Водительское удостоверение')]	['0011 223344']
Мне нужна выписка по расчётному счёту 40702810674093863456 за последние три месяца.	[(38, 58, 'Данные об организации/юридическом лице (ИНН, КПП, ОГРН, БИК, адреса, расчётный счёт)')]	['40702810674093863456']
CVV код всегда напечатан на обратной стороне карты. Если его действительно нет, возможно, это производственный брак. Обратитесь в отделение для замены карты.	[]	[]
Черный цвет автомобиля. Подписка на автомойку будет автоматически списываться с вашей карты. Это удобно.	[]	[]
Я гражданин Греции, хочу открыть инвестиционный счет. Есть ли какие-то особенности?	[(12, 18, 'Гражданство и названия стран')]	['Греции']
Код отправлен на ваш привязанный номер телефона. Пожалуйста, введите его в течение минуты.	[]	[]
Справка для ИНН 1601234567 будет готова в течение одного рабочего дня. Можете заказать ее онлайн.	[(16, 26, 'Сведения об ИНН')]	['1601234567']
Да, с разрешением на работу 86 0123456 вы можете открыть инвестиционный счёт. Вам потребуется пройти дополнительную верификацию.	[(28, 38, 'Разрешение на работу / визу')]	['86 0123456']
Я хочу заблокировать все входящие звонки от банка на номер 89471234567, кроме важных уведомлений.	[(59, 70, 'Номер телефона')]	['89471234567']
Проверьте язык ввода и регистр. Если проблема сохраняется, воспользуйтесь функцией восстановления доступа.	[]	[]
Отлично! Ваши данные сохранены. Если возникнут вопросы, обращайтесь в любое время.	[]	[]
Для некоторых продуктов, особенно связанных с расчетом стажа или возраста, может потребоваться максимальная точность. Укажите все данные.	[]	[]
У меня не получается оформить онлайн-заявку на кредит в Промсвязьбанке. Что делать?	[(56, 70, 'Наименование банка')]	['Промсвязьбанке']
Хочу привязать карту Альфа-Банка к вашему приложению, но система выдает ошибку. В чем может быть причина?	[(21, 32, 'Наименование банка')]	['Альфа-Банка']
Проверьте, достаточно ли средств на вашей карте. Если проблема сохраняется, обратитесь в поддержку Почта Банка.	[(99, 110, 'Наименование банка')]	['Почта Банка']
Отказ в ипотеке может быть связан с множеством факторов, не только с датой регистрации с 1 января 2019 года. Мы можем запросить детали отказа.	[(89, 107, 'Дата регистрации по месту жительства или пребывания')]	['1 января 2019 года']
Нет, кодовое слово не сообщается даже при предъявлении паспорта. Вы можете только задать новое.	[]	[]
Вы можете найти подтверждение перевода в истории операций вашего мобильного приложения.	[]	[]
Мне нужно подтверждение для налоговой о закрытии счёта в Промсвязьбанке. Вы можете помочь получить выписку?	[(57, 71, 'Наименование банка')]	['Промсвязьбанке']
Пришло уведомление о попытке списания с моей карты, хотя я не вводил CVV 939. Как это могло произойти?	[(73, 76, 'CVV/CVC')]	['939']
Моя мама родилась в Нижнем Новгороде. Нужно ли это указывать при оформлении доверенности?	[(20, 36, 'Место рождения')]	['Нижнем Новгороде']
Вероятно, произошла техническая ошибка или кто-то пытался активировать услугу на ваш номер. Игнорируйте этот код.	[]	[]
Чтобы изменить адрес, перейдите в раздел «Настройки» в приложении и выберите «Мои данные».	[]	[]
Можно ли получить выписку по счету за прошлый месяц для Газпромбанка?	[(56, 68, 'Наименование банка')]	['Газпромбанка']
Имя держателя указано на лицевой стороне вашей пластиковой карты. Введите его точно так, как там написано.	[]	[]
Да, ИНН 2301234567 нужен для идентификации клиента, дополнительных документов не требуется.	[(8, 18, 'Сведения об ИНН')]	['2301234567']
Да, уведомление о готовности вашей новой карты будет отправлено на зарегистрированный номер 8-905-111-22-33.	[(92, 107, 'Номер телефона')]	['8-905-111-22-33']
Да, вы можете легко изменить ПИН-код для карты 4123456789012345 в разделе «Мои карты» мобильного приложения. Следуйте инструкциям.	[(47, 63, 'Номер карты')]	['4123456789012345']
Да, это допустимо. В некоторых документах указывается регион. Если хотите, можем уточнить до Казани.	[(93, 99, 'Место рождения')]	['Казани']
Мне нужно узнать SWIFT-код Уралсиба для международного перевода.	[(27, 35, 'Наименование банка')]	['Уралсиба']
При попытке снять деньги в банкомате другого банка, он запросил мой ПИН-код 6666, но потом выдал ошибку. Почему так?	[(76, 80, 'ПИН код')]	['6666']
Я ввел дату 04/25 для покупки билетов, но система пишет ошибку. Почему?	[(12, 17, 'Дата окончания срока действия карты')]	['04/25']
Активация новой карты обычно происходит по номеру карты и CVV. Ввод данных разрешения на работу 49 2893746 для этой операции не требуется.	[(96, 106, 'Разрешение на работу / визу')]	['49 2893746']
Да, обязательно сообщите банку об изменении СНИЛС. Актуальные данные важны для корректного обслуживания и корректной работы. Это поможет избежать возможных проблем с идентификацией и обслуживанием.	[]	[]
Мне пришла СМС о пополнении карты. Там указано имя IGOR MAKAROV. Это моя карта?	[(51, 63, 'Имя держателя карты')]	['IGOR MAKAROV']
Возможно, произошел временный сбой в банкомате или у вас недостаточный баланс. Попробуйте повторить операцию или воспользоваться другим банкоматом. ПИН-код в порядке.	[]	[]
"Наша компания АО ""Бета"" переехала. Новый юридический адрес г. Екатеринбург, ул. Мира, д. 23, а почтовый 620000, г. Екатеринбург, ул. Мира, д. 23. Куда отправлять документы для обновления?"	[(59, 91, 'Данные об организации/юридическом лице (ИНН, КПП, ОГРН, БИК, адреса, расчётный счёт)'), (104, 144, 'Данные об организации/юридическом лице (ИНН, КПП, ОГРН, БИК, адреса, расчётный счёт)')]	['г. Екатеринбург, ул. Мира, д. 23', '620000, г. Екатеринбург, ул. Мира, д. 23']
Для смены номера телефона для входа на +79448901234 необходимо пройти идентификацию в отделении банка или через видеозвонок. Это обеспечит безопасность ваших данных.	[(39, 51, 'Номер телефона')]	['+79448901234']
Могу ли я использовать один ПИН 4040 для двух разных карт, привязанных к одному счету?	[(32, 36, 'ПИН код')]	['4040']
Рекомендуем обновить данные, даже если вы не активный клиент. Это обеспечит актуальность вашей информации в системе.	[]	[]
Для проверки статуса операции мне нужен номер вашего платежного поручения. Уточните его, пожалуйста.	[]	[]
Забыл ПИН 3003 от своей дополнительной карты. Можно ли его как-то узнать без перевыпуска?	[(10, 14, 'ПИН код')]	['3003']
Имя вашей карты SOFIYA MIRONOVA не влияет на СБП. Проверьте номер телефона получателя, это наиболее частая причина ошибок.	[(16, 31, 'Имя держателя карты')]	['SOFIYA MIRONOVA']
У меня виза 95 9990001, и я хочу открыть счет для бизнеса. Это возможно?	[(12, 22, 'Разрешение на работу / визу')]	['95 9990001']
Для Swift-переводов, помимо БИК, нужен еще и Swift-код. Уточните его, пожалуйста, у отправителя.	[]	[]
Я хочу проверить, правильно ли указан мой СНИЛС 454-676-898 60 в ваших системах.	[(48, 62, 'СНИЛС клиента')]	['454-676-898 60']
Для обновления данных о прописке в системе банка вам потребуется посетить отделение с паспортом. Могу ли я записать вас?	[]	[]
Вижу подозрительную активность с использованием нашего API. Ключ, кажется, pk_test_zXyWvU1tS2rQ3pP4oN5mK6jI7hG8fE. Нужно срочно проверить.	[(75, 113, 'API ключи')]	['pk_test_zXyWvU1tS2rQ3pP4oN5mK6jI7hG8fE']
Я подключался к системе онлайн-платежей, и для активации вводил СНИЛС 999-000-111 90. Могу ли я его изменить?	[(70, 84, 'СНИЛС клиента')]	['999-000-111 90']
Имя держателя карты указано на лицевой стороне вашей пластиковой карты. Введите его точно как там написано.	[]	[]
Для вашей безопасности мы не разглашаем такую информацию по телефону. Проверьте статус в личном кабинете.	[]	[]
Возможно, данные устарели. Уточните, пожалуйста, дату выдачи и орган, чтобы я мог проверить информацию.	[]	[]
Ваши данные успешно обновлены. Новый адрес регистрации: Уфа, проспект Октября, дом 100, корпус 1.	[(56, 59, 'Полный адрес'), (61, 77, 'Полный адрес'), (79, 86, 'Полный адрес'), (88, 96, 'Полный адрес')]	['Уфа', 'проспект Октября', 'дом 100', 'корпус 1']
Немедленно заблокируйте карту через приложение или позвоните нам. Возможно, произошла попытка мошенничества. Мы поможем разобраться.	[]	[]
Проверьте, возможно, вы вводите дату в другом формате. Попробуйте 4 апреля 1977 года.	[(66, 67, 'Дата рождения'), (68, 74, 'Дата рождения'), (75, 79, 'Дата рождения')]	['4', 'апреля', '1977']
Хочу заказать подарочную карту. Можно ли на ней указать имя YURIY KOROTKOV?	[(60, 74, 'Имя держателя карты')]	['YURIY KOROTKOV']
Да, граждане ЮАР могут оформить полис страхования путешественников через мобильное приложение или в отделении банка.	[(13, 16, 'Гражданство и названия стран')]	['ЮАР']
Да, для сумм свыше установленного лимита терминал может запросить ПИН-код для подтверждения транзакции. Это стандартная процедура.	[]	[]
Граждане США могут использовать СБП, если их счёт открыт в российском банке и привязаны к российскому номеру телефона.	[(9, 12, 'Гражданство и названия стран')]	['США']
Немедленно заблокируйте карту через мобильное приложение или по телефону. Затем можете заказать перевыпуск.	[]	[]
Да, граждане Швейцарии могут открыть счет в нашем банке при наличии необходимых документов, подтверждающих легальное пребывание.	[(13, 22, 'Гражданство и названия стран')]	['Швейцарии']
К сожалению, изменить номер телефона получателя после отправки перевода невозможно. Попробуйте связаться с получателем.	[]	[]
Я родился в среду. Могу ли я узнать, какой именно день и год у вас записаны?	[(12, 17, 'Дата рождения')]	['среду']
Моё кодовое слово Звезда, но мне кажется, что его могли узнать. Как мне его срочно поменять?	[(18, 24, 'Кодовые слова')]	['Звезда']
Проверьте, что КПП соответствует ИНН организации и введен без ошибок. Возможно, есть опечатка.	[]	[]
Мне нужно изменить лимиты на детской карте. Для этого требуют подтверждение по свидетельству XV-ЬЭ 889900. Как это сделать?	[(93, 105, 'Свидетельство о рождении')]	['XV-ЬЭ 889900']
Снимал деньги в банкомате, но забыл запросить чек. Можно ли получить его на почту denis.mihaylov@gmail.com?	[(82, 106, 'Email')]	['denis.mihaylov@gmail.com']
Ваш аккаунт временно заблокирован в целях безопасности. Для разблокировки воспользуйтесь функцией восстановления пароля.	[]	[]
Я пытаюсь подтвердить перевод в другой банк, но система просит кодовое слово Ветерок, которое я не помню.	[(77, 84, 'Кодовые слова')]	['Ветерок']
Вам необходимо восстановить документ. До получения нового свидетельства могут быть ограничения на операции.	[]	[]
Платеж за садик не требует ввода свидетельства о рождении. Проверьте правильность реквизитов получателя платежа.	[]	[]
Не могу оформить доверенность на получение пособий, система не принимает номер свидетельства XVI-ГД 901234.	[(93, 106, 'Свидетельство о рождении')]	['XVI-ГД 901234']
Вам нужно связаться с отелем напрямую и предоставить им новые данные карты. Укажите актуальную дату окончания срока действия.	[]	[]
Есть ли лимиты на количество запросов для Telegram API токена 6371805249:AAE_Q1rS3tV5wX7yZ9a0b2d4e6f8? Бот стал медленно работать.	[(62, 101, 'API ключи')]	['6371805249:AAE_Q1rS3tV5wX7yZ9a0b2d4e6f8']
Да, для доступа к ячейке вам потребуется предъявить временное удостоверение личности. Приходите в рабочее время.	[]	[]
Моя карта утеряна, и я боюсь, что кто-то может получить доступ к моему счёту 40817810700045678901. Что делать?	[(77, 97, 'Номер банковского счета')]	['40817810700045678901']
Я хочу перевести деньги за границу, но мне пишет, что нужно подтвердить статус. Мое разрешение 88 1122334.	[(95, 105, 'Разрешение на работу / визу')]	['88 1122334']
В личном кабинете не отображается свидетельство о рождении V-ИК 334455, хотя я его загружал неделю назад.	[(59, 70, 'Свидетельство о рождении')]	['V-ИК 334455']
Активировал новую дебетовую карту, но подтверждение не пришло на почту vera.belova@mail.ru. Карта активна?	[(71, 90, 'Email')]	['vera.belova@mail.ru']
Да, мы видим расхождение. Сейчас исправим на «Калининград» вместо «Чебоксары».	[(46, 57, 'Место рождения'), (67, 76, 'Место рождения')]	['Калининград', 'Чебоксары']
Это нормально, что место рождения указано как Ставропольский край, а не полный адрес?	[(46, 65, 'Место рождения')]	['Ставропольский край']
Для обновления КПП 770801001 по ИНН 7708123456 вам потребуется предоставить подтверждающие документы. Ждем вас в офисе или онлайн.	[(19, 28, 'Данные об организации/юридическом лице (ИНН, КПП, ОГРН, БИК, адреса, расчётный счёт)'), (36, 46, 'Данные об организации/юридическом лице (ИНН, КПП, ОГРН, БИК, адреса, расчётный счёт)')]	['770801001', '7708123456']
Моя заявка на детскую ипотеку отклонена из-за неверного свидетельства о рождении VI-ББ 678901.	[(81, 93, 'Свидетельство о рождении')]	['VI-ББ 678901']
Платеж за интернет, который я делал для Искандерова Азамата, не прошел, но деньги списались.	[(40, 51, 'ФИО'), (52, 59, 'ФИО')]	['Искандерова', 'Азамата']
Для кредита на машину мне нужна справка, что моя Skoda Octavia 2017 года с VIN TMBAC7NE2H0000000 оформлена на меня.	[(49, 54, 'Данные об автомобиле клиента'), (55, 62, 'Данные об автомобиле клиента'), (63, 67, 'Данные об автомобиле клиента'), (79, 96, 'Данные об автомобиле клиента')]	['Skoda', 'Octavia', '2017', 'TMBAC7NE2H0000000']
Временное удостоверение ДЕ11223344 истекает через несколько дней. Что мне делать с банковскими продуктами?	[(24, 34, 'Временное удостоверение личности')]	['ДЕ11223344']
Моя карта перестала работать после падения, банкомат выдает ошибку Track 2: 5000111122223333=26022011000012345678. Что делать?	[(76, 113, 'Содержимое магнитной полосы')]	['5000111122223333=26022011000012345678']
Я зарегистрирован с 03.09.2022. Могу ли я оформить ипотеку?	[(20, 30, 'Дата регистрации по месту жительства или пребывания')]	['03.09.2022']
Да, для бронирования отелей и аренды автомобилей часто требуется ввод CVV-кода для гарантии бронирования. Средства могут быть заблокированы.	[]	[]
Возможно, дело в органе выдачи. Уточните полное наименование органа, выдавшего документ.	[]	[]
Моя карта не работает в POS-терминале. Выдало ошибку чтения Track 1: %B44444444444444^EGOROV/DENIS^21071200000000000000?.	[(69, 120, 'Содержимое магнитной полосы')]	['%B44444444444444^EGOROV/DENIS^21071200000000000000?']
Информация о последнем использовании API ключа API_AUDIT_LOG_KEY доступна в логах аудита в вашем личном кабинете.	[(47, 64, 'API ключи')]	['API_AUDIT_LOG_KEY']
Какой БИК у вашего банка для переводов? Мне нужен 044525678.	[(50, 59, 'Данные об организации/юридическом лице (ИНН, КПП, ОГРН, БИК, адреса, расчётный счёт)')]	['044525678']
Вы можете сделать это через личный кабинет или в отделении. Мы обновим данные по номеру 7777 888899.	[(88, 99, 'Водительское удостоверение')]	['7777 888899']
Вы можете установить лимит на переводы по номеру телефона в разделе 'Настройки безопасности'. Укажите желаемый лимит для 8 (903) 123-45-67.	[(121, 138, 'Номер телефона')]	['8 (903) 123-45-67']
Мне пришло уведомление о необходимости подтвердить водительское удостоверение. Мой номер 65 43 210987, что мне делать дальше?	[(89, 101, 'Водительское удостоверение')]	['65 43 210987']
Отлично, мы зафиксировали, что ваше место рождения – Ростов-на-Дону. Это поможет с верификацией.	[(53, 67, 'Место рождения')]	['Ростов-на-Дону']
Сменить ПИН-код можно в разделе «Настройки карты» вашего приложения. Следуйте инструкциям для установки нового значения.	[]	[]
Я хочу оформить доверенность на управление счётом. У меня виза 92 9012345.	[(63, 73, 'Разрешение на работу / визу')]	['92 9012345']
Мне нужно изменить данные в профиле. Мой ИНН 773199887766. Как это сделать?	[(45, 57, 'Сведения об ИНН')]	['773199887766']
Я ввел CVV 828 на сайте, но мне выдало ошибку 'неверный формат CVV'. Что это значит?	[(11, 14, 'CVV/CVC')]	['828']
Убедитесь, что для вашего Google Cloud API Key активированы необходимые сервисы, которые предоставляют информацию о лимитах.	[]	[]
Я гражданин Китая, обновил паспорт. Как мне внести изменения в данные в банке?	[(12, 17, 'Гражданство и названия стран')]	['Китая']
Да, ваша карта истекла в сентябре 2023 года. Для дальнейшего использования средств вам необходимо получить новую карту в отделении.	[(25, 38, 'Дата окончания срока действия карты')]	['сентябре 2023']
Мне нужно подтвердить операцию, но я не помню свой CVV. Есть ли способ восстановить код 108?	[(88, 91, 'CVV/CVC')]	['108']
Нет, автоплатежи не связаны с местом рождения. Проверьте баланс на счете.	[]	[]
"Информацию о залоговом имуществе и условиях его продажи вы можете найти на нашем сайте в разделе ""Реализация имущества"" или обратиться в соответствующий отдел."	[]	[]
Мне пришло уведомление, что срок действия моей карты истекает в июле 2025 года. Когда я получу новую?	[(64, 78, 'Дата окончания срока действия карты')]	['июле 2025 года']
Хочу установить более надежный пароль для входа в интернет-банк, например, SuperStrong_Pwd!.	[(75, 91, 'Пароли')]	['SuperStrong_Pwd!']
Это хорошо. Автоматическое заполнение по данным Госуслуг или паспорта экономит ваше время.	[]	[]
У меня есть счёт в вашем банке, но я гражданин Латвии. Могу ли я получить выписку на английском?	[(47, 53, 'Гражданство и названия стран')]	['Латвии']
Мне нужно подтвердить бронирование отеля, и сайт просит CVV 468. Это стандартная практика?	[(60, 63, 'CVV/CVC')]	['468']
Ошибка 401 для bk_api_key_X1Y2Z3A4B5C6D7E8F9G0H1I2 означает, что ключ недействителен или не имеет прав. Давайте проверим его статус.	[(15, 50, 'API ключи')]	['bk_api_key_X1Y2Z3A4B5C6D7E8F9G0H1I2']
Уточните, пожалуйста, какая именно ошибка возникла. Возможно, требуется обновить данные документа.	[]	[]
При оформлении кредита возникла ошибка. Система пишет, что мой СНИЛС 555-111-222 33 имеет некорректный формат.	[(69, 83, 'СНИЛС клиента')]	['555-111-222 33']
Наш клиентский портал не может авторизовать пользователей через JWT eyJhbGciOiJIUzI1NiIsInR5cCI6IkpXVCJ9.eyJzdWIiOiJjbGllbnRfcG9ydGFsIiwiZXhwIjoxNjg5MDEyMzQ1LCJpYXQiOjE2Nzg5MDEyMzR9.ZYXWVUTSRQPONMLKJIHGFEDCBA9876543210.	[(68, 218, 'API ключи')]	['eyJhbGciOiJIUzI1NiIsInR5cCI6IkpXVCJ9.eyJzdWIiOiJjbGllbnRfcG9ydGFsIiwiZXhwIjoxNjg5MDEyMzQ1LCJpYXQiOjE2Nzg5MDEyMzR9.ZYXWVUTSRQPONMLKJIHGFEDCBA9876543210']
Хочу изменить адрес доставки перевыпущенной карты. Имя держателя KSENIA MOROZOVA.	[(65, 80, 'Имя держателя карты')]	['KSENIA MOROZOVA']
"Приносим извинения за ошибку. Мы скорректируем ваше место рождения на ""Самара""."	[(71, 77, 'Место рождения')]	['Самара']
Возможно, произошла техническая ошибка. Мы проверим информацию и исправим её в ближайшее время.	[]	[]
Отчет по операциям счета 40817810200009673966 можно сформировать в интернет-банке в разделе «Выписки и отчеты». Выберите нужный период.	[(25, 45, 'Номер банковского счета')]	['40817810200009673966']
Я родился 25 мая 1985 года в 13:00. Мне нужно подтверждение этого для страховой компании.	[(10, 12, 'Дата рождения'), (13, 16, 'Дата рождения'), (17, 21, 'Дата рождения'), (29, 31, 'Дата рождения'), (32, 34, 'Дата рождения')]	['25', 'мая', '1985', '13', '00']
Мне пришло уведомление о смене ПИН 7080 по моей карте, но я ничего не менял. Это подозрительно?	[(35, 39, 'ПИН код')]	['7080']
Для отключения автоплатежа, привязанного к номеру +79098765432, зайдите в раздел 'Автоплатежи' в мобильном приложении и выберите нужный.	[(50, 62, 'Номер телефона')]	['+79098765432']
Для перевода крупной суммы в Индию могут потребоваться дополнительные документы, подтверждающие источник средств. Уточните сумму.	[(29, 34, 'Гражданство и названия стран')]	['Индию']
Проверьте, возможно, вы вводите данные старого паспорта или допустили опечатку. Попробуйте еще раз.	[]	[]
Пытаюсь оплатить подписку на онлайн-кинотеатр, ввожу CVV 456, но постоянно выдает ошибку. Что мне делать?	[(57, 60, 'CVV/CVC')]	['456']
Я оплачивал билеты на самолёт и ввёл CVV 333, но потом сайт завис. Деньги списались, а билетов нет.	[(41, 44, 'CVV/CVC')]	['333']
Никогда не вводите код, если вы не инициировали операцию. Пожалуйста, немедленно свяжитесь с нами для проверки.	[]	[]
Вы можете запросить кредитную историю через Госуслуги, там потребуется СНИЛС. В нашем приложении такой функции нет.	[]	[]
Да, это обязательное поле для идентификации. Укажите его точно, как в паспорте.	[]	[]
Добрый день, не могу получить выписку по счёту на свою почту oleg.petrov@mail.ru. Проверьте, пожалуйста.	[(61, 80, 'Email')]	['oleg.petrov@mail.ru']
Обычно достаточно даты рождения. Время требуется для некоторых специфических продуктов, но не для ипотеки.	[]	[]
Подтверждение регистрации можно заказать в личном кабинете. Укажите ИНН 7706112233 в запросе.	[(72, 82, 'Сведения об ИНН')]	['7706112233']
Я родился 16 декабря. В приложении не могу найти поле для ввода года рождения. Где оно?	[(10, 12, 'Дата рождения'), (13, 20, 'Дата рождения')]	['16', 'декабря']
Номер двигателя 1ND-TV-123456 и номер шасси VNK23456789012345 моей Toyota Yaris. Загрузите, пожалуйста, в систему.	[(16, 29, 'Данные об автомобиле клиента'), (44, 61, 'Данные об автомобиле клиента'), (67, 73, 'Данные об автомобиле клиента'), (74, 79, 'Данные об автомобиле клиента')]	['1ND-TV-123456', 'VNK23456789012345', 'Toyota', 'Yaris']
Я хочу узнать, почему мне не приходят СМС-уведомления. Мне нужно назвать кодовое слово «Роза»?	[(88, 92, 'Кодовые слова')]	['Роза']
Система просит меня сменить пароль Fin@nceGuy из-за устаревшей политики безопасности. Что это значит?	[(35, 45, 'Пароли')]	['Fin@nceGuy']
Мне пришло сообщение, что мой профиль неполный. Это касается водительского удостоверения 31 42 635475?	[(89, 101, 'Водительское удостоверение')]	['31 42 635475']
Да, у Telegram API есть лимиты на частоту запросов. Ознакомьтесь с официальной документацией для деталей.	[]	[]
Я хочу заказать дополнительную карту для родственника, имя VLADIMIR MOROZOV. Какие документы нужны?	[(59, 75, 'Имя держателя карты')]	['VLADIMIR MOROZOV']
Мы можем проверить это по вашей учетной записи. Подскажите, пожалуйста, ваши ФИО и номер паспорта.	[]	[]
Это техническая информация. Если карта не работает, возможно, потребуется ее перевыпуск в ближайшее время.	[]	[]
Хочу узнать курс обмена евро при оплате картой 5000 0000 0000 0000 за границей. Где посмотреть?	[(47, 66, 'Номер карты')]	['5000 0000 0000 0000']
Я хочу изменить лимиты по карте. У меня есть временное удостоверение 334455667788.	[(69, 81, 'Временное удостоверение личности')]	['334455667788']
Срочно заблокируйте карту через мобильное приложение или позвоните нам. Это мошенничество. Мы поможем вам обезопасить ваши средства.	[]	[]
Моя карта не активируется после ввода ПИН-кода 2695. Что я делаю не так?	[(47, 51, 'ПИН код')]	['2695']
При перевыпуске карты моё кодовое слово «Марс» осталось прежним или нужно новое?	[(41, 45, 'Кодовые слова')]	['Марс']
Хочу закрыть счет, который открыт на Смирнову Елену. Что для этого нужно?	[(37, 45, 'ФИО'), (46, 51, 'ФИО')]	['Смирнову', 'Елену']
Что означает фрагмент EMV-чипа: 9F0205A1B2C3D4E5, который я увидел в выписке по счету?	[(32, 48, 'Содержимое магнитной полосы')]	['9F0205A1B2C3D4E5']
Это указывает на повреждение магнитной полосы. Предлагаем заказать новую карту через личный кабинет, это бесплатно.	[]	[]
Вчера в пункте выдачи заказов терминал не смог считать карту, показав ошибку Track 1: %B2345678901234567^SIDOROV/IVAN^31082010000000000000?.	[(86, 139, 'Содержимое магнитной полосы')]	['%B2345678901234567^SIDOROV/IVAN^31082010000000000000?']
Мы зафиксировали ваше обращение. Проверим информацию по номеру 2233 445566 и свяжемся с вами для уточнения деталей.	[(63, 74, 'Водительское удостоверение')]	['2233 445566']
Мне нужно подтвердить данные ребёнка для участия в акции. Свидетельство XIV-ЮЯ 678901. Как это сделать?	[(72, 85, 'Свидетельство о рождении')]	['XIV-ЮЯ 678901']
Для тестирования новой системы вы можете сгенерировать API ключ с полными правами в тестовой среде. Помните о безопасности и не используйте его в продакшене.	[]	[]
При попытке пополнить баланс телефона, выдает ошибку. Карта действительна до 01/27.	[(77, 82, 'Дата окончания срока действия карты')]	['01/27']
Для разблокировки аккаунта и сброса пароля, пожалуйста, пройдите процедуру восстановления доступа на сайте банка или обратитесь в поддержку.	[]	[]
Я родился в понедельник, 14 января 1980 года. Могу ли я получить выписку, где это указано?	[(12, 23, 'Дата рождения'), (25, 44, 'Дата рождения')]	['понедельник', '14 января 1980 года']
В среду 1973 года я родился. Могу ли я получить выписку по счету без точной даты?	[(2, 7, 'Дата рождения'), (8, 12, 'Дата рождения')]	['среду', '1973']
При попытке снять деньги в другом банке банкомат не принял ПИН 6565. С нашей картой что-то не так?	[(63, 67, 'ПИН код')]	['6565']
Могу ли я оформить новую дебетовую карту, если у меня сейчас временное удостоверение 112233445566?	[(85, 97, 'Временное удостоверение личности')]	['112233445566']
Да, пожалуйста, предоставьте актуальные сведения о вашей регистрации, чтобы избежать блокировки операций.	[]	[]
Вы можете временно заблокировать карту через мобильное приложение в разделе 'Управление картой'.	[]	[]
Мой Telegram-бот для напоминаний о платежах не отправляет сообщения. Токен 3236040778:y-4-z-7-x-5-x-6-w-5-z-8-z-8-w-5-y_1-x-1-w-7-x-5-w-6-z-1-w-1-x-4-z-2-y не работает.	[(75, 155, 'API ключи')]	['3236040778:y-4-z-7-x-5-x-6-w-5-z-8-z-8-w-5-y_1-x-1-w-7-x-5-w-6-z-1-w-1-x-4-z-2-y']
При попытке снять деньги в банкомате, он зажевал карту после ввода ПИН-кода 8251. Что мне теперь делать?	[(76, 80, 'ПИН код')]	['8251']
Хочу узнать, какой срок действия будет у перевыпущенной карты. Старая была до 07/25.	[(78, 83, 'Дата окончания срока действия карты')]	['07/25']
Наши платежи перестали проходить вчера вечером. Думаю, проблема в API. Мой ключ pk_test_XyZ1aB2c3D4e5F6g7H8i9J0k1L2mN3oP должен быть активен.	[(80, 120, 'API ключи')]	['pk_test_XyZ1aB2c3D4e5F6g7H8i9J0k1L2mN3oP']
Для закрытия карты необходимо погасить всю задолженность и подать заявление в отделение банка.	[]	[]
Платеж не проходит, хотя я точно ввел CVV 334 с карты. Может, я ошибся?	[(42, 45, 'CVV/CVC')]	['334']
Проверю статус перевода по реквизитам. Мне нужен номер платежа или дата отправки, чтобы найти операцию.	[]	[]
Моя карта не читается в терминале, выдает ошибку. На экране промелькнул Track 1: %B77777777777777^PETROV/ALEXEY^29031200000000000000?.	[(81, 133, 'Содержимое магнитной полосы')]	['%B77777777777777^PETROV/ALEXEY^29031200000000000000?']
Мы хотим осмотреть недвижимость, выставленную на торги. Адрес: Ульяновск, Ленинский район, улица Гончарова, дом 15, строение 1.	[(63, 72, 'Полный адрес'), (74, 89, 'Полный адрес'), (91, 106, 'Полный адрес'), (108, 114, 'Полный адрес'), (116, 126, 'Полный адрес')]	['Ульяновск', 'Ленинский район', 'улица Гончарова', 'дом 15', 'строение 1']
После ввода кода, пожалуйста, нажмите кнопку «Подтвердить». Если не помогло, попробуйте обновить страницу.	[]	[]
Убедитесь, что вы используете Client Secret, соответствующий текущему refresh token. Возможно, требуется переавторизация пользователя.	[]	[]
Подтвердите, что мой новый номер 89031234567 успешно привязан к личному кабинету и теперь будет использоваться для всех уведомлений.	[(33, 44, 'Номер телефона')]	['89031234567']
Я не могу войти в интернет-банк. Место рождения — Киров. Может, это как-то влияет?	[(50, 55, 'Место рождения')]	['Киров']
Мне нужно узнать, какой банк является корреспондентом для моего счета 40817810500000008888 для международного перевода.	[(70, 90, 'Номер банковского счета')]	['40817810500000008888']
Отлично. Для оформления карты нам потребуется ИНН 7709112233 и данные сотрудника. Можете заполнить заявку онлайн.	[(50, 60, 'Сведения об ИНН')]	['7709112233']
Для интеграции с платежной системой вам потребуется специальный API ключ с соответствующими правами. Я могу помочь вам с выбором и генерацией.	[]	[]
Возможно, срок действия визы 83 2419765 истек или данные введены с ошибкой. Проверьте правильность ввода и актуальность документа.	[(29, 39, 'Разрешение на работу / визу')]	['83 2419765']
У нас проблема с подключением сервиса, ключ AIzaSyP7qR9sU1vW3xY5zB7cE9fG1hJ3k5lM7nO9pQ1rS3tV5wX7yZ9a0b2d4e6f8 выдаёт ошибку авторизации при попытке интеграции. Это критично.	[(44, 109, 'API ключи')]	['AIzaSyP7qR9sU1vW3xY5zB7cE9fG1hJ3k5lM7nO9pQ1rS3tV5wX7yZ9a0b2d4e6f8']
Пытаюсь оформить ипотеку с материнским капиталом, но система не принимает данные свидетельства о рождении XXXVIII-ЫН 000000.	[(106, 123, 'Свидетельство о рождении')]	['XXXVIII-ЫН 000000']
При регистрации на новом сервисе просят ввести имя держателя карты. У меня на карте написано ANDREY VOLKOV.	[(93, 106, 'Имя держателя карты')]	['ANDREY VOLKOV']
Проверьте номер телефона, на который вы делали пополнение. Возможно, была опечатка.	[]	[]
Я хочу настроить уведомления о поступлениях на счет 40702810700000006666. Где это сделать?	[(52, 72, 'Номер банковского счета')]	['40702810700000006666']
Моя жена, Наиля Давыдова, не может получить СМС-код для входа в приложение. Что делать?	[(10, 15, 'ФИО'), (16, 24, 'ФИО')]	['Наиля', 'Давыдова']
Моя карта не сработала, и на чеке было указано что-то вроде Track 1: %B4567890123456789^SMIRENOV/OLGA^26067011234567890123?. Помогите разобраться с проблемой.	[(69, 123, 'Содержимое магнитной полосы')]	['%B4567890123456789^SMIRENOV/OLGA^26067011234567890123?']
Возможно, есть ограничения по международным операциям со стороны банка-эмитента в Грузии. Попробуйте связаться с их поддержкой.	[(82, 88, 'Гражданство и названия стран')]	['Грузии']
Я забыл кодовое слово Ноябрь, а мне нужно срочно проверить баланс карты. Как это сделать?	[(22, 28, 'Кодовые слова')]	['Ноябрь']
Проверьте, пожалуйста, лимиты на переводы и правильность введенных данных для номера 9067890123. Возможно, у получателя не активирована СБП.	[(85, 95, 'Номер телефона')]	['9067890123']
Отменить операцию по ИНН 502700000016 возможно, если она еще не обработана банком-получателем. Проверьте статус в приложении.	[(25, 37, 'Сведения об ИНН')]	['502700000016']
Да, обязательно сообщите банку о продлении или изменении регистрации до 05.07.2024.	[(72, 82, 'Дата регистрации по месту жительства или пребывания')]	['05.07.2024']
Банк никогда не запрашивает кодовое слово по телефону. Будьте бдительны, это могли быть мошенники.	[]	[]
У меня проблема с интеграцией Google Maps API, ключ AIzaSyC9Xb4K7WmP1L2Y9NqZ7d3FvX8aJbT5rM6U не авторизуется.	[(52, 92, 'API ключи')]	['AIzaSyC9Xb4K7WmP1L2Y9NqZ7d3FvX8aJbT5rM6U']
Проверили вашу информацию. Действительно, данные по визе 71 9018234 требуют актуализации в системе. Пожалуйста, обратитесь в отделение.	[(57, 67, 'Разрешение на работу / визу')]	['71 9018234']
Регулярная смена паролей является важной мерой безопасности. Это помогает защититься от потенциальных угроз.	[]	[]
Конечно, вы можете подать заявку. Убедитесь, что срок действия документа покрывает весь период рассмотрения.	[]	[]
Мне нужно подтвердить личность, но я забыл СНИЛС. Он должен быть 232-454-676 50.	[(65, 79, 'СНИЛС клиента')]	['232-454-676 50']
Я хочу совершить перевод за границу, но мне пишет, что требуется дополнительная верификация документа 831000032. Что это значит?	[(102, 111, 'Временное удостоверение личности')]	['831000032']
Да, полную информацию о ваших счетах можно получить в отделении банка при предъявлении временного удостоверения.	[]	[]
Попробуйте войти с другого устройства или через мобильное приложение. Возможно, проблема связана с настройками вашего браузера.	[]	[]
Я слышал, что есть проблемы с переводами в Европу. Могу ли я отправить деньги в Италию на счет друга?	[(43, 49, 'Гражданство и названия стран'), (80, 86, 'Гражданство и названия стран')]	['Европу', 'Италию']
Для оспаривания операции вам необходимо подать заявление в отделении банка, предъявив временное удостоверение личности.	[]	[]
Я хочу изменить информацию о своем автомобиле в приложении. Нужно ли вводить водительское 67 78 998011?	[(90, 102, 'Водительское удостоверение')]	['67 78 998011']
Я подавал заявку на кредит, но мне отказали. У меня паспорт серии 4512 номер 789012, выдан 01 января 2010 года с кодом подразделения 770-025. Надеюсь на вашу помощь.	[(66, 70, 'Паспортные данные'), (77, 83, 'Паспортные данные'), (91, 110, 'Паспортные данные'), (133, 140, 'Паспортные данные')]	['4512', '789012', '01 января 2010 года', '770-025']
Немедленно заблокируйте карту и подтвердите, что это не вы совершали операцию.	[]	[]
Мой старый домашний номер 4951234567 больше не актуален. Как его удалить из профиля?	[(26, 36, 'Номер телефона')]	['4951234567']
Мне нужно обновить почтовый адрес для получения документов на 485906, г. Казань, ул. Гагарина, д. 77, а/я 353. Куда отправить запрос?	[(62, 109, 'Данные об организации/юридическом лице (ИНН, КПП, ОГРН, БИК, адреса, расчётный счёт)')]	['485906, г. Казань, ул. Гагарина, д. 77, а/я 353']
Для изменения лимитов потребуется паспорт и подтверждение того, что вы являетесь держателем карты.	[]	[]
Вы можете изменить почтовый индекс в разделе личных данных в мобильном приложении или обратиться в ближайшее отделение банка.	[]	[]
Мне нужно изменить адрес регистрации на: город Саратов, Ленинский район, проспект 50 лет Октября, дом 110, строение 1.	[(41, 54, 'Полный адрес'), (56, 71, 'Полный адрес'), (73, 81, 'Полный адрес'), (82, 96, 'Полный адрес'), (98, 105, 'Полный адрес'), (107, 117, 'Полный адрес')]	['город Саратов', 'Ленинский район', 'проспект', '50 лет Октября', 'дом 110', 'строение 1']
Мне нужно обновить данные, мой паспорт выдан Отделом УФМС России по г. Москве по району Южное Бутово, код 770-015.	[(45, 100, 'Паспортные данные'), (106, 113, 'Паспортные данные')]	['Отделом УФМС России по г. Москве по району Южное Бутово', '770-015']
Сменил тарифный план, но комиссия за переводы со счета 40702810699887766554 осталась прежней. Почему?	[(55, 75, 'Номер банковского счета')]	['40702810699887766554']
Да, 7 июля 1979 года — это ваша дата рождения, зафиксированная в нашей системе. Можете продолжать оформление.	[(4, 5, 'Дата рождения'), (6, 10, 'Дата рождения'), (11, 15, 'Дата рождения')]	['7', 'июля', '1979']
Я хочу получать выплаты по СНИЛС 898-010-232 80 на этот счет. Как это оформить?	[(33, 47, 'СНИЛС клиента')]	['898-010-232 80']
Беспроцентный период по вашей кредитной карте составляет 55 дней. Подробные условия доступны в мобильном приложении.	[]	[]
Приносим извинения за неудобства. Проверим настройки уведомлений для номера +7 (999) 240-15-18. Возможно, нужно переподключить услугу.	[(76, 94, 'Номер телефона')]	['+7 (999) 240-15-18']
Могу ли я подтвердить свою личность для входа в мобильное приложение, используя временное удостоверение ВГ98765432?	[(104, 114, 'Временное удостоверение личности')]	['ВГ98765432']
Для получения информации о балансе по телефону потребуется подтвердить вашу личность. Это можно сделать, назвав данные разрешения на работу 36 6543210 или кодовое слово.	[(140, 150, 'Разрешение на работу / визу')]	['36 6543210']
Хочу узнать, правильно ли я указал данные ребёнка при открытии вклада. Номер свидетельства XVII-АБ 475869.	[(91, 105, 'Свидетельство о рождении')]	['XVII-АБ 475869']
Подтверждение для Алиевой Амины не пришло после оплаты. Деньги списались, а чек нет.	[(18, 25, 'ФИО'), (26, 31, 'ФИО')]	['Алиевой', 'Амины']
CVV код изменить нельзя, он присваивается карте при выпуске. Если вы опасаетесь компрометации, лучше перевыпустить карту с новым CVV.	[]	[]
У меня новое водительское удостоверение, номер 9876543210. Как мне его зарегистрировать в вашем банке, чтобы данные были актуальны?	[(47, 57, 'Водительское удостоверение')]	['9876543210']
Я ввёл код 739281 для подтверждения перевода, но он почему-то не работает. Что случилось?	[(11, 17, 'Одноразовые коды')]	['739281']
Могу ли я забрать новую карту в банкомате, если оформлял её по временному документу 89012345?	[(84, 92, 'Временное удостоверение личности')]	['89012345']
Могу ли я оформить дебетовую карту, если у меня только разрешение на работу 84 3456789?	[(76, 86, 'Разрешение на работу / визу')]	['84 3456789']
Для входа в личный кабинет СНИЛС не используется. Уточните, какой логин и пароль вы вводите, пожалуйста. Мы всегда готовы помочь вам с восстановлением доступа.	[]	[]
Мой СНИЛС 421-487-172 04 указан неверно в системе банка. Это может повлиять на мои налоговые отчисления?	[(10, 24, 'СНИЛС клиента')]	['421-487-172 04']
Да, предоставление СНИЛС является обязательным требованием при открытии некоторых видов вкладов, согласно законодательству.	[]	[]
Информацию по вкладу можно получить в отделении банка. Не забудьте взять с собой ваше временное удостоверение.	[]	[]
Моё разрешение на работу 84 8907123 заканчивается через 3 месяца. Могу ли я рассчитывать на потребительский кредит в вашем банке?	[(25, 35, 'Разрешение на работу / визу')]	['84 8907123']
При попытке перевода в другой банк, мой JWT токен eyJhbGciOiJIUzI1NiIsInR5cCI6IkpXVCJ9.eyJzdWIiOiI2NTQxMjYzMDQ0IiwibmFtZSI6ItCj0YDRg9C30LAg0JzQvtGC0L7QstCw0L0iLCJpYXQiOjE1MTY0MDYwNjQsImV4cCI6MTY0NjE0NjQ4Mn0.0-z-5-x-7-y_0-y_5-x-6-y_2-y-8-z_6-x_0-x_3-y-6-w-2-z_1-w_0-w-0-x-0-w-6-z отклоняется. Что это значит?	[(50, 278, 'API ключи')]	['eyJhbGciOiJIUzI1NiIsInR5cCI6IkpXVCJ9.eyJzdWIiOiI2NTQxMjYzMDQ0IiwibmFtZSI6ItCj0YDRg9C30LAg0JzQvtGC0L7QstCw0L0iLCJpYXQiOjE1MTY0MDYwNjQsImV4cCI6MTY0NjE0NjQ4Mn0.0-z-5-x-7-y_0-y_5-x-6-y_2-y-8-z_6-x_0-x_3-y-6-w-2-z_1-w_0-w-0-x-0-w-6-z']
Проверьте статус операции в мобильном приложении. Если статус «Исполнено», подтверждение будет отправлено.	[]	[]
Хочу пожаловаться на некорректную операцию. Для этого нужно кодовое слово «Дракон»?	[(75, 81, 'Кодовые слова')]	['Дракон']
В роуминге могут быть задержки с доставкой СМС. Попробуйте запросить код ещё раз или используйте Wi-Fi.	[]	[]
Мой API ключ 'CRM_data_export_key' не позволяет экспортировать все поля. Почему?	[(14, 33, 'API ключи')]	['CRM_data_export_key']
Здравствуйте, мы можем проверить информацию по вашему счёту. Пожалуйста, уточните дату и сумму перевода.	[]	[]
Я гражданин Румынии. Могу ли я получить налоговый вычет за инвестиции?	[(12, 19, 'Гражданство и названия стран')]	['Румынии']
Для открытия нового корпоративного счета, пожалуйста, подготовьте пакет учредительных документов и свяжитесь с нашим корпоративным отделом.	[]	[]
Я пытался оформить страховку через ваш банк, но система не приняла мой номер водительского 40 50 607080.	[(91, 103, 'Водительское удостоверение')]	['40 50 607080']
Разрешение на работу 14 1974635 подтверждает ваше право на трудовую деятельность. Для подтверждения источника средств обычно требуются другие документы, например, справка 2-НДФЛ.	[(21, 31, 'Разрешение на работу / визу')]	['14 1974635']
Действительно, эти данные могут быть скомпрометированы. Мы рекомендуем использовать чип для всех операций, так как он более защищен.	[]	[]
Вы можете обновить данные о гражданстве в личном кабинете или в отделении банка. Укажите оба гражданства: Россия и Швейцария.	[(106, 112, 'Гражданство и названия стран'), (115, 124, 'Гражданство и названия стран')]	['Россия', 'Швейцария']
Да, для подтверждения владения счетом при обращении в банк всегда запрашивается кодовое слово.	[]	[]
Начисление процентов зависит от типа вашего счета и тарифного плана. Я могу проверить ваш тариф и условия.	[]	[]
Могу ли я использовать карту после 07/28, если она ещё не активирована?	[(35, 40, 'Дата окончания срока действия карты')]	['07/28']
Проверьте, пожалуйста, нет ли лишних пробелов или символов. Убедитесь, что серия и номер введены без ошибок.	[]	[]
Забытый ПИН-код не повлияет на уже настроенные автоплатежи. Он нужен только для операций, требующих физического ввода.	[]	[]
Проверьте правильность ввода всех цифр и дефисов. Возможно, вы ошиблись в одной из частей номера. Это поможет избежать дальнейших ошибок при оформлении документов.	[]	[]
"Скорее всего, это место рождения. Мы можем добавить ""Магнитогорск"" в вашу анкету."	[(53, 65, 'Место рождения')]	['Магнитогорск']
Хочу оформить КАСКО через ваш банк. Мой номер водительского удостоверения 0876 543210.	[(74, 85, 'Водительское удостоверение')]	['0876 543210']
Новая карта будет автоматически перевыпущена и доставлена в отделение или по указанному вами адресу. Ожидайте уведомления.	[]	[]
Мне нужно поменять ПИН 1111 к карте моей мамы, она сама не может прийти. Что для этого нужно?	[(23, 27, 'ПИН код')]	['1111']
У меня не приходят бонусы по программе лояльности. Мой email ksenia.petrova@yandex.ru, может быть, в этом дело?	[(61, 85, 'Email')]	['ksenia.petrova@yandex.ru']
Я пытался оплатить в кафе, но терминал выдал ошибку чтения Track 1: %B45555666677778888^SMIRNOVA/ELENA^28051200000000000000?. Моя карта сломана?	[(68, 124, 'Содержимое магнитной полосы')]	['%B45555666677778888^SMIRNOVA/ELENA^28051200000000000000?']
Да, если срок 10/24 ещё не истёк, вы можете совершать покупки онлайн. Проверьте актуальность данных.	[(14, 19, 'Дата окончания срока действия карты')]	['10/24']
Хочу узнать, могу ли я получить автокредит без водительского удостоверения? Мой номер 80 92 143657.	[(86, 98, 'Водительское удостоверение')]	['80 92 143657']
Мы не запрашиваем ИНН 2301234567 по телефону без предварительной идентификации. Будьте осторожны, это могут быть мошенники.	[(22, 32, 'Сведения об ИНН')]	['2301234567']
Для оформления доверенности потребуется паспорт и присутствие доверенного лица. Водительское удостоверение 74 65 000009 не является основным документом в этом случае.	[(107, 119, 'Водительское удостоверение')]	['74 65 000009']
Ошибка 'invalid scope' означает, что токен не имеет необходимых разрешений для просмотра баланса. Сгенерируйте токен с нужными скоупами.	[]	[]
Это счетчик транзакций приложения, стандартный элемент EMV. Возможно, проблема была в подтверждении 3D Secure или лимитах по карте.	[]	[]
Пыталась купить билеты онлайн, но платёж отклонили. На карте ALLA ZAKHAROVA.	[(61, 75, 'Имя держателя карты')]	['ALLA ZAKHAROVA']
Да, для гражданина Украины до 14 лет счет открывается родителями или законными представителями. Потребуются документы ребенка и родителей.	[(19, 26, 'Гражданство и названия стран')]	['Украины']
Я забыл документы в отделении по адресу: Мурманск, проспект Ленина, дом 80, корпус 1. Можно их забрать?	[(41, 49, 'Полный адрес'), (51, 66, 'Полный адрес'), (68, 74, 'Полный адрес'), (76, 84, 'Полный адрес')]	['Мурманск', 'проспект Ленина', 'дом 80', 'корпус 1']
Убедитесь, что вы являетесь администратором канала и у бота есть необходимые права. Токен 3698075305:y-1-w-2-x-5-x-5-w-7-x-6-w-0-z-4-w-7-z-0-z-5-x-3-y-8-z-3-y-8-z-8-x-7-y-0-x должен быть действительным.	[(90, 174, 'API ключи')]	['3698075305:y-1-w-2-x-5-x-5-w-7-x-6-w-0-z-4-w-7-z-0-z-5-x-3-y-8-z-3-y-8-z-8-x-7-y-0-x']
Мне нужно срочно предоставить СНИЛС 405-607-809 10 для оформления ипотеки. Можете выслать его на почту?	[(36, 50, 'СНИЛС клиента')]	['405-607-809 10']
Моя регистрация была 24 августа 2020 года. Почему мне не приходят пуш-уведомления?	[(21, 41, 'Дата регистрации по месту жительства или пребывания')]	['24 августа 2020 года']
Для добавления данных ребенка с испанским свидетельством о рождении обратитесь в отделение банка. Потребуются оригиналы документов.	[]	[]
Можно ли получить консультацию по валютному контролю? Наш ИНН 7722112233.	[(62, 72, 'Сведения об ИНН')]	['7722112233']
Для регистрации новой организации с ОГРН 1478201584982 пройдите процедуру аккредитации на нашем сайте. Это займет несколько минут. Мы готовы помочь вам в этом.	[(41, 54, 'Данные об организации/юридическом лице (ИНН, КПП, ОГРН, БИК, адреса, расчётный счёт)')]	['1478201584982']
Реквизиты счета 40817810300003554516 доступны в мобильном приложении в разделе «Мои счета» или в интернет-банке. Вы можете их там скачать.	[(16, 36, 'Номер банковского счета')]	['40817810300003554516']
Да, мы можем подготовить такую справку с указанием вашего разрешения на работу 98 8765432. Закажите её в отделении.	[(79, 89, 'Разрешение на работу / визу')]	['98 8765432']
Подскажите, где я могу посмотреть полные реквизиты своего текущего счёта, который начинается на 40817810058210345678?	[(96, 116, 'Номер банковского счета')]	['40817810058210345678']
Банк никогда не запрашивает CVV 606 или другие конфиденциальные данные по электронной почте. Это фишинговое письмо, не отвечайте на него.	[(32, 35, 'CVV/CVC')]	['606']
Да, вы можете заказать доставку новой карты с датой 08/26 в отделение, удобное для вас. Укажите город при заказе.	[(52, 57, 'Дата окончания срока действия карты')]	['08/26']
Да, ОГРН 1027700000001 зарегистрирован в нашей системе как актуальный для вашей организации. Можете использовать эти данные.	[(9, 22, 'Данные об организации/юридическом лице (ИНН, КПП, ОГРН, БИК, адреса, расчётный счёт)')]	['1027700000001']
Возможно, данные вашей карты были скомпрометированы. Немедленно заблокируйте карту и оформите заявление о спорной операции, чтобы мы могли разобраться.	[]	[]
Могу ли я привязать свою карту к платежному сервису, используя данные визы 89 1098765? Или это не требуется?	[(75, 85, 'Разрешение на работу / визу')]	['89 1098765']
Изменение даты регистрации 02.01.2023 не влияет на лимиты. Просто обновите данные в банке.	[(27, 37, 'Дата регистрации по месту жительства или пребывания')]	['02.01.2023']
Я хочу узнать, как часто обновляется API ключ API_ROTATION_POLICY_KEY. У нас есть политика ротации.	[(46, 69, 'API ключи')]	['API_ROTATION_POLICY_KEY']
Да, обязательно сообщите банку об изменении СНИЛС. Актуальные данные важны для корректного обслуживания и корректной работы. Это поможет избежать возможных проблем с идентификацией и обслуживанием.	[]	[]
Понял, что вы хотите подключить услугу. Проверьте, пожалуйста, правильность ввода номера 2345678901 еще раз.	[(89, 99, 'Водительское удостоверение')]	['2345678901']
Хочу подтвердить, что моя дата рождения 10.05.1975. Это верно в вашей системе?	[(40, 50, 'Дата рождения')]	['10.05.1975']
Вам потребуется API ключ с правами на 'чтение транзакций'. Убедитесь, что вы соблюдаете все требования по защите персональных данных клиентов.	[]	[]
Да, изменить почтовый адрес можно в настройках профиля или через форму обратной связи. Это быстро.	[]	[]
После смены фамилии я обновила данные в банке, но уведомления всё ещё приходят на старый email yana.pavlova@hotmail.com.	[(95, 119, 'Email')]	['yana.pavlova@hotmail.com']
Добрый день, полные реквизиты доступны в мобильном приложении в разделе «Мои счета».	[]	[]
Возможно, карта была заблокирована ранее или произошел технический сбой. Проверьте статус карты в мобильном приложении или позвоните нам.	[]	[]
Проверяем автоплатеж за ОСАГО для красного автомобиля с госномером С888ДЕ88. Возможно, нужно обновить данные.	[(67, 75, 'Данные об автомобиле клиента')]	['С888ДЕ88']
Это стандартный автоматический перевыпуск. Ваша карта действительна до 01/26, и новая будет готова заранее. Вам не нужно ничего делать.	[(71, 76, 'Дата окончания срока действия карты')]	['01/26']
Да, это нормально. При оплате через мобильное приложение банка или при использовании токенизированных данных CVV 111 может не запрашиваться.	[(113, 116, 'CVV/CVC')]	['111']
У нашей организации с ИНН 7708123456 и КПП 770801001 возникли проблемы с налоговой. Нужна срочная выписка.	[(26, 36, 'Данные об организации/юридическом лице (ИНН, КПП, ОГРН, БИК, адреса, расчётный счёт)'), (43, 52, 'Данные об организации/юридическом лице (ИНН, КПП, ОГРН, БИК, адреса, расчётный счёт)')]	['7708123456', '770801001']
Мой ребенок пытался оплатить покупку картой и несколько раз ввел неверный ПИН 8888. Теперь карта заблокирована.	[(78, 82, 'ПИН код')]	['8888']
Наш партнер не может подключиться к нашему API через Google Cloud API Key AIzaSy_1-x-4-x-1-x-8-w-1-z-7-x-7-x-5-x-5-y-2-y-6-w-8-x_0-w-2-y_0-x_0-w-0-w-4-z-1-y-6-z. Он выдает ошибку.	[(74, 160, 'API ключи')]	['AIzaSy_1-x-4-x-1-x-8-w-1-z-7-x-7-x-5-x-5-y-2-y-6-w-8-x_0-w-2-y_0-x_0-w-0-w-4-z-1-y-6-z']
Похоже, магнитная полоса повреждена. Мы можем оформить для вас перевыпуск карты, это займет некоторое время.	[]	[]
Код подразделения моего паспорта — 770-015. С ним все в порядке?	[(35, 42, 'Паспортные данные')]	['770-015']
Да, это мошенники. Банк никогда не запрашивает CVV 999 через СМС. Ни в коем случае не вводите и не сообщайте его.	[(51, 54, 'CVV/CVC')]	['999']
Система показывает, что ваше место рождения «Хабаровск». Что вы хотели бы изменить?	[(45, 54, 'Место рождения')]	['Хабаровск']
На номер +7 9158026643 перестали приходить коды при входе в приложение.	[(9, 22, 'Номер телефона')]	['+7 9158026643']
Да, мы видим, что ваше место рождения зарегистрировано как «Самара». Всё в порядке.	[(60, 66, 'Место рождения')]	['Самара']
Вчера пытался оформить СБП для ребенка, но свидетельство о рождении VIII-ПР 789345 выдает ошибку.	[(68, 82, 'Свидетельство о рождении')]	['VIII-ПР 789345']
Да, вы можете снять деньги до конца дня 01/27 включительно. После этого карта станет неактивной.	[(40, 45, 'Дата окончания срока действия карты')]	['01/27']
Да, мы проверим статус вашего перевода на +79158026643. Пожалуйста, ожидайте информацию в ближайшее время.	[(42, 54, 'Номер телефона')]	['+79158026643']
Подскажите, пожалуйста, какое кодовое слово я указывал? Кажется, это было Лето, но я не уверен.	[(74, 78, 'Кодовые слова')]	['Лето']
Да, конечно. Укажите, пожалуйста, период, и я отправлю выписку на ваш e-mail.	[]	[]
Да, вы можете заказать досрочный перевыпуск карты, если срок 02/25 вас не устраивает. Но это будет платно.	[(61, 66, 'Дата окончания срока действия карты')]	['02/25']
Для подтверждения перевода требуется именно ваш основной пароль. Попробуйте его восстановить, если забыли.	[]	[]
Хочу открыть дебетовую карту для получения зарплаты. Моя виза 93 7896012 действует ещё полгода. Этого достаточно для оформления?	[(62, 72, 'Разрешение на работу / визу')]	['93 7896012']
Новый ПИН-код после перевыпуска карты узнать невозможно. Вы можете изменить его в банкомате или заказать новый перевыпуск карты. Старый ПИН-код не восстанавливается.	[]	[]
Для сброса пароля к выпискам вам необходимо войти в личный кабинет и найти раздел «Настройки конфиденциальности» или «Управление доступом».	[]	[]
Да, восстановление логина возможно после подтверждения вашей личности. Мы можем использовать данные разрешения на работу 29 2039485 для этой процедуры.	[(121, 131, 'Разрешение на работу / визу')]	['29 2039485']
При попытке перевода денег на другой банк мне выдает ошибку, связанную с разрешением 87 6677880. Что это значит?	[(85, 95, 'Разрешение на работу / визу')]	['87 6677880']
Приносим извинения за неудобства. Давайте проверим данные и скорректируем при необходимости.	[]	[]
Вчера вечером пытался войти в личный кабинет, код 887654 пришёл, но был недействителен.	[(50, 56, 'Одноразовые коды')]	['887654']
В отчете об ошибке с терминала увидел строку Track 1: %B33333333333333^SMIRNOV/SERGEY^26111200000000000000?.	[(54, 107, 'Содержимое магнитной полосы')]	['%B33333333333333^SMIRNOV/SERGEY^26111200000000000000?']
Я забыл забрать документы по кредиту. Они на хранении в отделении по адресу: Ростовская область, город Ростов-на-Дону, улица Большая Садовая, дом 65, строение 1?	[(77, 95, 'Полный адрес'), (97, 117, 'Полный адрес'), (119, 140, 'Полный адрес'), (142, 148, 'Полный адрес'), (150, 160, 'Полный адрес')]	['Ростовская область', 'город Ростов-на-Дону', 'улица Большая Садовая', 'дом 65', 'строение 1']
Не пришло подтверждение платежа, который я совершил со счета 40702810800000008888 сегодня утром.	[(61, 81, 'Номер банковского счета')]	['40702810800000008888']
Мне отказали в получении кредитной карты, сказали, что регистрация от 09.09.2023 слишком свежая.	[(70, 80, 'Дата регистрации по месту жительства или пребывания')]	['09.09.2023']
Добрый день. Да, вы абсолютно правы, срок действия вашей кредитной карты истекает 11/26. Новая карта будет отправлена вам заранее.	[(82, 87, 'Дата окончания срока действия карты')]	['11/26']
Я не могу получить СМС-уведомления. Мои данные обновлялись по временному удостоверению ЖЗ55667788.	[(87, 97, 'Временное удостоверение личности')]	['ЖЗ55667788']
Если по счёту нет задолженностей и активных операций, его можно закрыть онлайн. В противном случае потребуется визит в офис.	[]	[]
У меня гражданство Болгарии. Могу ли я открыть счёт для ребёнка?	[(19, 27, 'Гражданство и названия стран')]	['Болгарии']
ИНН нашего банка – 7708123456. Вы можете использовать его для оформления налогового вычета.	[(19, 29, 'Сведения об ИНН')]	['7708123456']
Спасибо за информацию! Пожалуйста, не переходите по ссылкам и не открывайте вложения. Перешлите его нам для проверки.	[]	[]
Мы всегда готовы предложить индивидуальные условия для наших клиентов. Давайте обсудим ваше предложение от Совкомбанка.	[(107, 118, 'Наименование банка')]	['Совкомбанка']
Может ли client secret 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M7qW9eR2tY4uI6oP8a0sD2fG4hJ6kL8zX0cV2bN4m6 истечь или быть отозванным без уведомления? Это важно для планирования.	[(23, 100, 'API ключи')]	['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M7qW9eR2tY4uI6oP8a0sD2fG4hJ6kL8zX0cV2bN4m6']
Установила родительский контроль на карту ребенка. Моё имя ELENA SERGEEVA.	[(59, 73, 'Имя держателя карты')]	['ELENA SERGEEVA']
Для оформления кредитной карты с видом на жительство в Швеции, нам потребуются дополнительные документы, подтверждающие ваш доход.	[(55, 61, 'Гражданство и названия стран')]	['Швеции']
Моя дата рождения 03.03.1967. Мне нужно обновить данные для новой карты. Как это сделать?	[(18, 28, 'Дата рождения')]	['03.03.1967']
Нет, не ошибка. Иногда год рождения указывается отдельно или автоматически подтягивается из паспортных данных, которые вы предоставили.	[]	[]
Для входа через Face ID обычно не требуется СМС-код. Уточните, какую именно операцию вы пытаетесь подтвердить.	[]	[]
Как я могу проверить баланс своего счета 40817810700000005050, если у меня нет доступа к интернету?	[(41, 61, 'Номер банковского счета')]	['40817810700000005050']
Я хочу подать заявку на ипотеку. Есть ли какие-то бонусы, если я предоставлю водительское 29 30 614253?	[(90, 102, 'Водительское удостоверение')]	['29 30 614253']
Забыл ПИН 9009 от своей карты, срок действия которой истекает через месяц. Что мне делать?	[(10, 14, 'ПИН код')]	['9009']
В мобильном приложении не могу изменить дату регистрации, она стоит как 20 февраля 2020 года. Помогите.	[(72, 92, 'Дата регистрации по месту жительства или пребывания')]	['20 февраля 2020 года']
Отлично. Для оформления банковской гарантии по ИНН 7723445566 нам потребуется пакет документов. Могу отправить список.	[(51, 61, 'Сведения об ИНН')]	['7723445566']
Хочу закрыть счет 40817810100000006677. Что для этого нужно?	[(18, 38, 'Номер банковского счета')]	['40817810100000006677']
Да, все в порядке. Данные соответствуют нашей базе. Могу ли я еще чем-то помочь?	[]	[]
В таком случае, мы не сможем подтвердить операцию по телефону. Вам потребуется пройти идентификацию в отделении банка.	[]	[]
Мы не предоставляем информацию о реквизитах других банков. Вам необходимо уточнить BIC непосредственно в Райффайзенбанке.	[]	[]
У меня вопрос по страховке. Номер кузова моего автомобиля XTA21070000123456. Можете проверить его статус?	[(58, 75, 'Данные об автомобиле клиента')]	['XTA21070000123456']
"Вы можете настроить регулярный платёж для карты LARISA KIRYUKHINA в разделе ""Автоплатежи"" мобильного приложения."	[(48, 65, 'Имя держателя карты')]	['LARISA KIRYUKHINA']
Не могу настроить автопополнение баланса для номера 89001234567 в мобильном приложении.	[(52, 63, 'Номер телефона')]	['89001234567']
Да, виртуальные карты также перевыпускаются автоматически. Новые данные будут доступны в вашем мобильном приложении до 02/26.	[(119, 124, 'Дата окончания срока действия карты')]	['02/26']
Не могу привязать свидетельство X-УФ 889900 к профилю для получения социальной карты. В чём проблема?	[(32, 43, 'Свидетельство о рождении')]	['X-УФ 889900']
Ваш заказ находится в пути. Ожидаемая дата доставки — завтра, с 10:00 до 18:00. Курьер свяжется с вами за час до приезда.	[]	[]
Принято. Что-то еще могу для вас сделать по вашему автомобилю или другим вопросам?	[]	[]
При оплате на заправке терминал выдал ошибку чтения Track 1: %B47777888899990000^KUZNETSOV/DMITRY^30071200000000000000?. Что это за ошибка?	[(61, 119, 'Содержимое магнитной полосы')]	['%B47777888899990000^KUZNETSOV/DMITRY^30071200000000000000?']
У меня возникла проблема с доставкой карты. Курьер не нашел адрес: город Владивосток, проспект Океанский, дом 150, квартира 148.	[(67, 84, 'Полный адрес'), (86, 104, 'Полный адрес'), (106, 113, 'Полный адрес'), (115, 127, 'Полный адрес')]	['город Владивосток', 'проспект Океанский', 'дом 150', 'квартира 148']
Банк не выдает справки по СНИЛС. Вам нужно обратиться в Пенсионный фонд за дубликатом.	[]	[]
Мне нужно уточнить реквизиты для перевода средств нашему новому поставщику, у них ИНН 7703000003. Какие данные мне потребуются еще?	[(86, 96, 'Сведения об ИНН')]	['7703000003']
При попытке оформить карту выдает ошибку с водительским удостоверением. Номер 3322112233. В чем может быть проблема?	[(78, 88, 'Водительское удостоверение')]	['3322112233']
Да, номер кузова WDB2040001A123456 нам необходим для верификации залогового имущества. Спасибо.	[(17, 34, 'Данные об автомобиле клиента')]	['WDB2040001A123456']
Мой счёт 40817810400012345678 активен? Давно им не пользовался и хочу убедиться, что он работает.	[(9, 29, 'Номер банковского счета')]	['40817810400012345678']
Моя дата рождения 02.09.1994. В системе банка она указана неверно. Это влияет на мои операции?	[(18, 28, 'Дата рождения')]	['02.09.1994']
Проверяем платежи за ТО для чёрного автомобиля с госномером У123ХУ150. Возможно, произошла задержка.	[(60, 69, 'Данные об автомобиле клиента')]	['У123ХУ150']
Хочу обновить свои контактные данные, в частности, адрес. Сейчас это: Россия, Ленинградская обл., г. Гатчина, ул. Тверская, д. 20, корп. 2, оф. 10.	[(70, 76, 'Полный адрес'), (78, 96, 'Полный адрес'), (98, 108, 'Полный адрес'), (110, 122, 'Полный адрес'), (124, 129, 'Полный адрес'), (131, 138, 'Полный адрес'), (140, 146, 'Полный адрес')]	['Россия', 'Ленинградская обл.', 'г. Гатчина', 'ул. Тверская', 'д. 20', 'корп. 2', 'оф. 10']
Понял вас. Проверяю информацию по водительскому удостоверению 1255921384. Ожидайте, пожалуйста, несколько минут.	[(62, 72, 'Водительское удостоверение')]	['1255921384']
Информация о налоговых отчислениях со счета 40702810121232324343 обычно доступна в разделе «Налоги» или в годовом отчете по счету.	[(44, 64, 'Номер банковского счета')]	['40702810121232324343']
Наш внутренний сервис не может авторизоваться, токен eyJhbGciOiJIUzI1NiIsInR5cCI6IkpXVCJ9.eyJzdWIiOiI1MjA3MjYiLCJuYW1lIjoiVXNlciA1MjA3MjYiLCJpYXQiOjE2OTk3Nzk2ODZ9.7vW3xY5zB7cE9fG1hJ3k5lM7nO9pQ1rS3tV5wX7yZ9a0b2d4e6f8 выдает ошибку подписи. Помогите.	[(53, 215, 'API ключи')]	['eyJhbGciOiJIUzI1NiIsInR5cCI6IkpXVCJ9.eyJzdWIiOiI1MjA3MjYiLCJuYW1lIjoiVXNlciA1MjA3MjYiLCJpYXQiOjE2OTk3Nzk2ODZ9.7vW3xY5zB7cE9fG1hJ3k5lM7nO9pQ1rS3tV5wX7yZ9a0b2d4e6f8']
Почтовое отправление вернулось. Проверьте, пожалуйста, адрес Россия, 600000, Самарская обл., г. Самара, ул. Ленина, д. 10, кв. 5.	[(61, 67, 'Полный адрес'), (69, 75, 'Полный адрес'), (77, 91, 'Полный адрес'), (93, 102, 'Полный адрес'), (104, 114, 'Полный адрес'), (116, 121, 'Полный адрес'), (123, 128, 'Полный адрес')]	['Россия', '600000', 'Самарская обл.', 'г. Самара', 'ул. Ленина', 'д. 10', 'кв. 5']
Да, для ИНН 500123456789 можно настроить автоплатежи в разделе 'Мои услуги' мобильного приложения.	[(12, 24, 'Сведения об ИНН')]	['500123456789']
На мой номер +7 (999) 240-15-18 пришло сообщение о смене тарифа, но я ничего не менял. Это ошибка?	[(13, 31, 'Номер телефона')]	['+7 (999) 240-15-18']
Подтверждаем, что ваше место рождения указано как «Сыктывкар».	[(51, 60, 'Место рождения')]	['Сыктывкар']
При попытке входа в онлайн-банк, система запросила данные мой паспорт с номером 4525 123456, выдан 02 марта 2014 года с кодом подразделения 770-050. Прошу помочь мне разобраться с этим.	[(80, 91, 'Паспортные данные'), (99, 117, 'Паспортные данные'), (140, 147, 'Паспортные данные')]	['4525 123456', '02 марта 2014 года', '770-050']
Получил код 110987, но он пришёл на старый номер, который уже не активен. Как быть?	[(12, 18, 'Одноразовые коды')]	['110987']
Для получения кредита требуется действующая регистрация. Вам нужно будет ее продлить.	[]	[]
После ввода кода и подтверждения операция уходит на обработку. Проверить детали можно в истории операций.	[]	[]
Да, для дополнительной защиты ваших финансовых операций требуется подтверждение. Это может быть пароль, ПИН-код или СМС-код.	[]	[]
Моя дата рождения 16 февраля 1998 года. При регистрации я указал её, но она не отображается в профиле.	[(18, 20, 'Дата рождения'), (21, 28, 'Дата рождения'), (29, 33, 'Дата рождения')]	['16', 'февраля', '1998']
Ваша карта временно заблокирована из-за многократного неверного ввода ПИН. Для разблокировки обратитесь в чат или по телефону.	[]	[]
Я хочу поменять кодовое слово Аврора, потому что оно слишком простое. Как это сделать?	[(30, 36, 'Кодовые слова')]	['Аврора']
Мне нужно узнать, на какой номер телефона был отправлен код подтверждения для операции вчера. Кажется, это был 89031234567.	[(111, 122, 'Номер телефона')]	['89031234567']
Банкомат не запрашивает кодовое слово. Возможно, это был запрос PIN-кода или другое подтверждение. Уточните операцию.	[]	[]
Я хочу изменить лимиты на переводы. Моя виза 71 7890123.	[(45, 55, 'Разрешение на работу / визу')]	['71 7890123']
Я пытаюсь восстановить пароль, но код не приходит на 8-905-111-22-33. Что делать?	[(53, 68, 'Номер телефона')]	['8-905-111-22-33']
Вы можете восстановить пароль через форму на сайте банка. Пожалуйста, следуйте инструкциям для подтверждения вашей личности.	[]	[]
Моя карта заблокировалась, хотя срок действия указан до марта 2027 года. Что случилось?	[(56, 71, 'Дата окончания срока действия карты')]	['марта 2027 года']
У меня есть старый СНИЛС, который начинался на 111-222-333 44. Новый СНИЛС 234-567-890 12. Нужно ли сообщать банку об изменениях?	[(75, 89, 'СНИЛС клиента')]	['234-567-890 12']
Перевёл деньги дочери, но она их не получила. Моя карта на RUSLAN OSIPOV. Может, я что-то не так указал?	[(59, 72, 'Имя держателя карты')]	['RUSLAN OSIPOV']
Почему мой запрос на изменение лимита отклонили? Я указывал временное удостоверение 456789012345.	[(84, 96, 'Временное удостоверение личности')]	['456789012345']
Моя временная регистрация истекает 02.05.2022. Нужно ли мне сообщать об этом банку заранее?	[(35, 45, 'Дата регистрации по месту жительства или пребывания')]	['02.05.2022']
Уточню статус перевода по указанным вами данным. Возможно, произошла задержка на стороне банка получателя, проверю.	[]	[]
Вы можете временно заблокировать карту через мобильное приложение или позвонив в контакт-центр. Это поможет защитить средства.	[]	[]
Да, новый ПИН-код можно изменить сразу после активации карты в любом банкомате нашего банка. Выберите удобный для вас ПИН-код, но не сообщайте его никому.	[]	[]
Для шенгенской визы срок действия паспорта должен быть не менее трех месяцев после окончания поездки.	[]	[]
Лимиты на переводы зависят от вашего тарифа и способа перевода. Уточните их в приложении или личном кабинете.	[]	[]
Убедитесь, что ИНН 7707123456 введен без ошибок. Если проблема повторится, свяжитесь с нами.	[(19, 29, 'Сведения об ИНН')]	['7707123456']
Новые правила по трансграничным платежам в Великобританию касаются усиления контроля и предоставления дополнительной информации. Уточните у оператора.	[(43, 57, 'Гражданство и названия стран')]	['Великобританию']
Я случайно опубликовал ключ AIzaSyW3xY5zB7cE9fG1hJ3k5lM7nO9pQ1rS3tV5wX7yZ9a0b2d4e6f8 в открытом доступе, что делать? Нужно срочно его отозвать.	[(28, 84, 'API ключи')]	['AIzaSyW3xY5zB7cE9fG1hJ3k5lM7nO9pQ1rS3tV5wX7yZ9a0b2d4e6f8']
Наш Telegram-бот для уведомлений о платежах перестал отвечать, токен 5283710496:AAE_g7H2j9K1L3mN5oP7qR9sU1vW3xY5zB7cE9fG1hJ3k5lM7nO9pQ1rS3tV5wX7yZ9a0b2d4e6f8, кажется, недействителен.	[(69, 157, 'API ключи')]	['5283710496:AAE_g7H2j9K1L3mN5oP7qR9sU1vW3xY5zB7cE9fG1hJ3k5lM7nO9pQ1rS3tV5wX7yZ9a0b2d4e6f8']
Да, водительское удостоверение 70 19 000008 является документом, подтверждающим возраст. Мы можем принять его для этой цели при совершении покупки.	[(31, 43, 'Водительское удостоверение')]	['70 19 000008']
Нет, такой пароль не соответствует нашим требованиям безопасности. Он слишком предсказуем. Пожалуйста, используйте более сложную комбинацию.	[]	[]
Хочу поменять кодовое слово Заря на другое через мобильное приложение. Подскажите, как это сделать?	[(28, 32, 'Кодовые слова')]	['Заря']
У нас проблема с лимитами запросов по API-ключу AIzaSyI5Xb4K7WmP1L2Y9NqZ7d3FvX8aJbT5rM6Z. Как их увеличить?	[(48, 88, 'API ключи')]	['AIzaSyI5Xb4K7WmP1L2Y9NqZ7d3FvX8aJbT5rM6Z']
Возможно, срок действия вашего паспорта подходит к концу или требуется подтверждение актуальности регистрации.	[]	[]
Убедитесь, что ваш номер телефона актуален и активен. Если проблема сохраняется, обратитесь в отделение.	[]	[]
Пытаюсь отменить автоплатеж, ввожу код 345678, но он не принимается. Что я делаю не так?	[(39, 45, 'Одноразовые коды')]	['345678']
Пытаюсь зарегистрировать новое юрлицо в онлайн-банке, но с ИНН 7726123456 возникают проблемы.	[(63, 73, 'Сведения об ИНН')]	['7726123456']
Для подтверждения перевода вам необходимо ввести верное кодовое слово. Если не помните, обратитесь в поддержку для его смены.	[]	[]
Моя карта GENNADY KISELEV не была доставлена. Как узнать статус доставки?	[(10, 25, 'Имя держателя карты')]	['GENNADY KISELEV']
Я зарегистрирован с 14.08.2021. Могу ли я оформить доверенность на управление счетом?	[(20, 30, 'Дата регистрации по месту жительства или пребывания')]	['14.08.2021']
Карта будет готова через 3 дня. Вы можете забрать ее в указанном отделении, предъявив паспорт.	[]	[]
Подтверждаю, адрес Россия, Московская обл., г. Одинцово, ул. Ленина, д. 100, корп. 2 актуален в нашей системе.	[(19, 25, 'Полный адрес'), (27, 42, 'Полный адрес'), (44, 55, 'Полный адрес'), (57, 67, 'Полный адрес'), (69, 75, 'Полный адрес'), (77, 84, 'Полный адрес')]	['Россия', 'Московская обл.', 'г. Одинцово', 'ул. Ленина', 'д. 100', 'корп. 2']
Вы можете сбросить пароль для уведомлений в разделе «Настройки» или «Уведомления» вашего мобильного приложения. Это быстро и безопасно.	[]	[]
Да, если срок действия вашего вида на жительство истек, его необходимо продлить или заменить для дальнейшего обслуживания.	[]	[]
Да, конечно. Укажите, пожалуйста, период, и я отправлю выписку для налоговой на ваш электронный адрес.	[]	[]
Мой CVV 144 сфотографировали в магазине. Что мне делать?	[(8, 11, 'CVV/CVC')]	['144']
Привязка карты к электронным кошелькам обычно не требует СНИЛС. Будьте осторожны с такими запросами.	[]	[]
Для пополнения через СБП СНИЛС обычно не требуется. Уточните, пожалуйста, какой именно сервис вы используете и какой банк отправитель.	[]	[]
Мой перевод в Индию был задержан. Это связано с гражданством отправителя?	[(14, 19, 'Гражданство и названия стран')]	['Индию']
Ваша карта 5333454567678989 немедленно заблокирована. Рекомендую обратиться в полицию и затем в банк для перевыпуска карты.	[(11, 27, 'Номер карты')]	['5333454567678989']
Моя карта была скомпрометирована, возможно, из-за того, что я ввёл CVV 234 на фишинговом сайте. Что делать?	[(71, 74, 'CVV/CVC')]	['234']
При попытке оплаты в интернете постоянно выдает ошибку, хотя я ввожу все данные верно. Имя держателя EKATERINA ORLOVA.	[(101, 117, 'Имя держателя карты')]	['EKATERINA ORLOVA']
Мы скорректируем информацию. Ваше место рождения будет указано как «Киров», а не «Липецк».	[(68, 73, 'Место рождения'), (82, 88, 'Место рождения')]	['Киров', 'Липецк']
Кодовое слово является конфиденциальной информацией и никогда не указывается в выписках или других документах.	[]	[]
Убедитесь, что вы вводите данные без ошибок. Если проблема сохранится, обратитесь в службу поддержки для помощи.	[]	[]
Да, граждане Египта могут инвестировать в российские акции. Для этого необходимо открыть брокерский счет и пройти процедуру идентификации.	[(13, 19, 'Гражданство и названия стран')]	['Египта']
Вам нужно обратиться в контактный центр для смены номера телефона. Мы поможем вам пройти идентификацию.	[]	[]
В целях безопасности при оспаривании операций мы можем запросить дополнительную идентификацию. Разрешение на работу 88 1098765 является одним из приемлемых документов.	[(116, 126, 'Разрешение на работу / визу')]	['88 1098765']
Граждане Вьетнама с ВНЖ могут подать заявку на кредитную карту. Решение будет принято после оценки вашей кредитоспособности и предоставленных документов.	[(9, 17, 'Гражданство и названия стран')]	['Вьетнама']
В мобильном приложении при подтверждении операции я увидел странный код EMV: 9F2608A1B2C3D4E5F67890. Что это значит?	[(77, 99, 'Содержимое магнитной полосы')]	['9F2608A1B2C3D4E5F67890']
Проверьте, пожалуйста, баланс вашего счёта 40817810312345678987 и лимиты по автоплатежам в приложении.	[(43, 63, 'Номер банковского счета')]	['40817810312345678987']
Любые изменения настроек безопасности требуют подтверждения. Проверьте, не было ли несанкционированных действий.	[]	[]
Выписку по счетам, открытым в ВТБ, вы можете получить только там. Мы предоставляем выписки по нашим счетам.	[(30, 33, 'Наименование банка')]	['ВТБ']
Мне пришло уведомление, что для новой карты нужен мой номер водительского. Это 1234567890.	[(79, 89, 'Водительское удостоверение')]	['1234567890']
Нужно подтвердить юридический адрес г. Екатеринбург, ул. Советская, д. 69 для нового партнёра. Можете выдать справку?	[(36, 73, 'Данные об организации/юридическом лице (ИНН, КПП, ОГРН, БИК, адреса, расчётный счёт)')]	['г. Екатеринбург, ул. Советская, д. 69']
Мой ребёнок получил паспорт, но его старое свидетельство XX-ПС 234567 до сих пор отображается в списке документов.	[(57, 69, 'Свидетельство о рождении')]	['XX-ПС 234567']
Какие лимиты на снятие наличных по дебетовой карте? Моё имя VICTORIA KOZLOVA.	[(60, 76, 'Имя держателя карты')]	['VICTORIA KOZLOVA']
Понял. Для изменения лимитов, пожалуйста, подтвердите дату выдачи и код подразделения вашего паспорта.	[]	[]
Проверим. Возможно, была техническая ошибка. Ваш ИНН 770500000123 корректен, попробуйте повторить платёж позже.	[(53, 65, 'Сведения об ИНН')]	['770500000123']
Уточните, какие именно данные вы хотите обновить. Мы проверим информацию по вашему обращению.	[]	[]
Восстановить ПИН-код невозможно, но вы можете изменить его в банкомате нашего банка или через мобильное приложение.	[]	[]
Подтверждение личности для СБП обычно происходит автоматически. Если есть проблемы, обратитесь к специалисту банка.	[]	[]
Пожалуйста, уточните дату и сумму перевода. Мы проверим статус операции на номер 8-925-123-45-67 и разберемся в ситуации.	[(81, 96, 'Номер телефона')]	['8-925-123-45-67']
Игнорируйте это СМС. Если вы не запрашивали код, это может быть случайная отправка или попытка мошенничества.	[]	[]
Какова минимальная сумма для открытия накопительного счета, привязанного к 40702810200000001111?	[(75, 95, 'Номер банковского счета')]	['40702810200000001111']
Проверю настройки СМС-уведомлений для вашего счета 40702810811223344556. Возможно, они были отключены или изменился номер телефона.	[(51, 71, 'Номер банковского счета')]	['40702810811223344556']
"Я хочу изменить пароль ""WebAccessP@ss"" для входа на сайт банка, но не вижу такой опции в мобильном приложении."	[(24, 37, 'Пароли')]	['WebAccessP@ss']
Чек по операции через СБП не пришел на мой адрес natalia.petrova@yandex.ru. Мне нужен этот чек для бухгалтерии.	[(49, 74, 'Email')]	['natalia.petrova@yandex.ru']
Справку можно получить в отделении банка в день обращения при наличии паспорта и оригинала свидетельства.	[]	[]
Да, мы предоставляем услуги по оформлению ЭЦП для ИП с ИНН 770123456789. Подробности можно узнать в офисе.	[(59, 71, 'Сведения об ИНН')]	['770123456789']
Мы видим пропущенный звонок. Пожалуйста, ожидайте, наш сотрудник свяжется с вами по номеру 89001234567 в ближайшее время.	[(91, 102, 'Номер телефона')]	['89001234567']
"У нас изменился юридический адрес на г. Москва, ул. Тверская, д. 10. Нужно ли обновить данные в банке для ООО ""Прогресс""?"	[(37, 67, 'Данные об организации/юридическом лице (ИНН, КПП, ОГРН, БИК, адреса, расчётный счёт)')]	['г. Москва, ул. Тверская, д. 10']
Обновление данных обычно занимает не более одного рабочего дня после предоставления вами нового документа.	[]	[]
Мне нужно подтвердить добавление нового получателя, но код 246801 не работает. В чём проблема?	[(59, 65, 'Одноразовые коды')]	['246801']
Да, заблокировать карту можно без знания ПИН-кода через мобильное приложение, интернет-банк или по звонку в нашу службу поддержки. ПИН-код не требуется.	[]	[]
Для проверки срока действия вашего документа, пожалуйста, назовите ваше полное имя и дату рождения.	[]	[]
Здравствуйте. Вы можете обновить информацию о разрешении 85 1234567 через мобильное приложение или в любом отделении банка, предоставив новый документ.	[(57, 67, 'Разрешение на работу / визу')]	['85 1234567']
Моё кодовое слово не работает, оно было Буря. Что делать, если мне срочно нужен доступ?	[(40, 44, 'Кодовые слова')]	['Буря']
Я потерял карту, у которой срок действия был 08/27. Мне ждать перевыпуска или заказывать новую?	[(45, 50, 'Дата окончания срока действия карты')]	['08/27']
"Я хочу установить биометрический вход, но для этого нужно ввести текущий пароль ""MyCurrentP@ss"". Я его забыл."	[(81, 94, 'Пароли')]	['MyCurrentP@ss']
Могу ли я получить новый ПИН 1212 для своей кредитной карты без перевыпуска самой карты?	[(29, 33, 'ПИН код')]	['1212']
Нам нужно, чтобы юридический адрес г. Санкт-Петербург, Невский пр-т, д. 25, совпадал с почтовым 190000, г. Санкт-Петербург, Невский пр-т, д. 25.	[(35, 74, 'Данные об организации/юридическом лице (ИНН, КПП, ОГРН, БИК, адреса, расчётный счёт)'), (96, 143, 'Данные об организации/юридическом лице (ИНН, КПП, ОГРН, БИК, адреса, расчётный счёт)')]	['г. Санкт-Петербург, Невский пр-т, д. 25', '190000, г. Санкт-Петербург, Невский пр-т, д. 25']
Блокировка могла произойти по разным причинам. Пожалуйста, назовите ваше ФИО и дату рождения для идентификации.	[]	[]
Информация о бонусах, привязанных к счету 40702810712345678901, обычно находится в отдельном разделе «Бонусы» или «Программа лояльности» в мобильном приложении.	[(42, 62, 'Номер банковского счета')]	['40702810712345678901']
Я хочу изменить лимит на снятие наличных. Карта ALSU GAYNULLINA. Какие документы нужны?	[(48, 63, 'Имя держателя карты')]	['ALSU GAYNULLINA']
Мне пришла выписка по счету, но там указан старый адрес: Казань, улица Баумана, дом 50, строение 2. Как его обновить?	[(57, 63, 'Полный адрес'), (65, 78, 'Полный адрес'), (80, 86, 'Полный адрес'), (88, 98, 'Полный адрес')]	['Казань', 'улица Баумана', 'дом 50', 'строение 2']
Да, этого срока действия вполне достаточно для рассмотрения вашей заявки на кредит.	[]	[]
Пытаюсь оформить вклад на имя дочки, но система не принимает номер свидетельства о рождении XIII-ЖР 000001. Что делать?	[(92, 106, 'Свидетельство о рождении')]	['XIII-ЖР 000001']
Я заметил подозрительные операции с моего счета, связанные с переводами в Эстонию.	[(74, 81, 'Гражданство и названия стран')]	['Эстонию']
SWIFT-код Уралсиба можно найти в разделе реквизитов на нашем официальном сайте.	[(10, 18, 'Наименование банка')]	['Уралсиба']
По ОГРН 1157746000001 не могу найти нашу организацию в списке при заполнении новой формы. В чем дело?	[(8, 21, 'Данные об организации/юридическом лице (ИНН, КПП, ОГРН, БИК, адреса, расчётный счёт)')]	['1157746000001']
Я потерял карту и хочу заблокировать её. Мои паспортные данные: серия 0812 номер 987654.	[(70, 74, 'Паспортные данные'), (81, 87, 'Паспортные данные')]	['0812', '987654']
Убедитесь, что вы произносите слово четко и без ошибок. Если проблема сохраняется, мы можем помочь вам его восстановить.	[]	[]
Перевел деньги Рахмонову Максиму по номеру телефона, но получатель говорит, что ничего не приходило.	[(15, 24, 'ФИО'), (25, 32, 'ФИО')]	['Рахмонову', 'Максиму']
При смене паспорта необходимо обновить все данные, включая дату рождения. Приезжайте в отделение.	[]	[]
Мне нужно получить выписку за прошлый год. Мой ИНН 503400112233.	[(51, 63, 'Сведения об ИНН')]	['503400112233']
Да, ваш новый номер телефона успешно обновлен в системе. Теперь все уведомления будут приходить на него.	[]	[]
Хочу поменять ПИН-код 4444 на своей кредитной карте. Это можно сделать через приложение, или нужно идти в банкомат?	[(22, 26, 'ПИН код')]	['4444']
Да, 4 июля 1985 года — это ваша дата рождения. Пожалуйста, введите её для подтверждения.	[(4, 5, 'Дата рождения'), (6, 10, 'Дата рождения'), (11, 15, 'Дата рождения')]	['4', 'июля', '1985']
Для СБП обычно используется подтверждение по СМС-коду. Отдельный PIN-код для этих операций не предусмотрен.	[]	[]
К сожалению, мы не можем высылать персональные данные, такие как СНИЛС, по электронной почте. Вы можете получить его в ПФР.	[]	[]
Добрый день! Вы можете обновить эти данные в любом отделении банка, предъявив паспорт.	[]	[]
Немедленно заблокируйте карту через мобильное приложение или по телефону горячей линии. Затем оформите заявление на перевыпуск карты с новым CVV 252.	[(145, 148, 'CVV/CVC')]	['252']
При оформлении страховки на ребёнка загрузил свидетельство о рождении III-ДЕ 345678, но заявка отклонена.	[(70, 83, 'Свидетельство о рождении')]	['III-ДЕ 345678']
Да, для подтверждения некоторых операций требуется кодовое слово. Если вы его забыли, можно задать новое.	[]	[]
У меня спорная операция по карте. При оформлении я использовал временное удостоверение 789012345678.	[(87, 99, 'Временное удостоверение личности')]	['789012345678']
Чековая книжка будет доставлена в течение 7 рабочих дней. Курьер свяжется с вами для уточнения деталей.	[]	[]
Вчера в супермаркете терминал не смог прочитать карту. На экране появилась строка с Track 2: 4000000000000000=28102010000012345678.	[(93, 130, 'Содержимое магнитной полосы')]	['4000000000000000=28102010000012345678']
Да, если вы, гражданин Аргентины, находитесь в России более 183 дней в году, то считаетесь налоговым резидентом России. Это важно для налогообложения.	[(23, 32, 'Гражданство и названия стран'), (47, 53, 'Гражданство и названия стран')]	['Аргентины', 'России']
Правильно ли у вас записан мой адрес проживания: Россия, Респ. Татарстан, г. Казань, Вахитовский р-н, ул. Горького, д. 22, корп. 2, оф. 50?	[(49, 55, 'Полный адрес'), (57, 72, 'Полный адрес'), (74, 83, 'Полный адрес'), (85, 100, 'Полный адрес'), (102, 114, 'Полный адрес'), (116, 121, 'Полный адрес'), (123, 130, 'Полный адрес'), (132, 138, 'Полный адрес')]	['Россия', 'Респ. Татарстан', 'г. Казань', 'Вахитовский р-н', 'ул. Горького', 'д. 22', 'корп. 2', 'оф. 50']
Почему не могу пополнить электронный кошелек с карты Газпромбанка?	[(53, 65, 'Наименование банка')]	['Газпромбанка']
Моё место рождения Ставрополь. Пришло сообщение, что нужно обновить паспортные данные. Это включает место рождения?	[(19, 29, 'Место рождения')]	['Ставрополь']
Мне нужно обновить данные для автомобиля с госномером Р008РР08, номер двигателя CAXA-7897890. Как это сделать правильно?	[(54, 62, 'Данные об автомобиле клиента'), (80, 92, 'Данные об автомобиле клиента')]	['Р008РР08', 'CAXA-7897890']
Пожалуйста, уточните, какая именно ошибка отображается. Это поможет нам быстрее разобраться в ситуации.	[]	[]
Не могу найти информацию о налоговых отчислениях со счета 40702810121232324343 в личном кабинете.	[(58, 78, 'Номер банковского счета')]	['40702810121232324343']
Да, запрос CVV 040 для удаления данных карты из профиля интернет-магазина является стандартной процедурой безопасности. Убедитесь, что вы на официальном сайте.	[(15, 18, 'CVV/CVC')]	['040']
Не могу найти наш КПП 770801001 в личном кабинете. Где он отображается?	[(22, 31, 'Данные об организации/юридическом лице (ИНН, КПП, ОГРН, БИК, адреса, расчётный счёт)')]	['770801001']
Для запроса моей кредитной истории требуется СНИЛС 789-012-345 67. Могу ли я предоставить его онлайн?	[(51, 65, 'СНИЛС клиента')]	['789-012-345 67']
"Моя жена родилась в Воронеже. Её данные нужно вносить как ""Воронеж"" или ""Воронежская область""?"	[(20, 28, 'Место рождения'), (59, 66, 'Место рождения'), (73, 92, 'Место рождения')]	['Воронеже', 'Воронеж', 'Воронежская область']
Приносим извинения. Сохраните чек и номер терминала. Мы составим заявку на розыск платежа.	[]	[]
Получила новую карту, на ней LIDIYA ANTONOVA. Как её активировать?	[(29, 44, 'Имя держателя карты')]	['LIDIYA ANTONOVA']
Да, для ИНН 540123456789 можно настроить автоплатежи в разделе 'Мои услуги' мобильного приложения.	[(12, 24, 'Сведения об ИНН')]	['540123456789']
По вашему ИНН 7708765432 мы можем проверить доступные программы поддержки. Уточните регион деятельности.	[(14, 24, 'Сведения об ИНН')]	['7708765432']
Восстановить старый ПИН-код невозможно. В отделении банка вы можете установить новый ПИН-код или заказать перевыпуск карты с новым ПИН-кодом.	[]	[]
Уточните номер телефона и сумму платежа. Мы проверим статус операции в системе.	[]	[]
Можете рассказать, что значит этот код EMV-чипа: 9F0307A1B2C3D4E5F678? Увидел его в детализации операции недавно.	[(49, 69, 'Содержимое магнитной полосы')]	['9F0307A1B2C3D4E5F678']
Это может быть попытка мошенничества. Мы немедленно заблокируем карту и проверим все подозрительные действия.	[]	[]
Моя карта была заблокирована, когда я находился в Германии. Это связано с моим гражданством России?	[(50, 58, 'Гражданство и названия стран'), (92, 98, 'Гражданство и названия стран')]	['Германии', 'России']
У меня были списания по счету 40817810400000002222 за подписку, которую я отменил. Как это оспорить?	[(30, 50, 'Номер банковского счета')]	['40817810400000002222']
Моя регистрация по месту пребывания действует до 10 апреля 2024 года. Могу ли я оформить кредитную карту?	[(49, 68, 'Дата регистрации по месту жительства или пребывания')]	['10 апреля 2024 года']
Я пытаюсь зайти в интернет-банк, но система пишет, что данные Мустафиной Алины неверны. Что делать?	[(62, 72, 'ФИО'), (73, 78, 'ФИО')]	['Мустафиной', 'Алины']
При попытке входа в онлайн-банк система пишет, что мой пароль WebBank_User! не соответствует требованиям. Почему?	[(62, 75, 'Пароли')]	['WebBank_User!']
Вам нужно обратиться в отделение банка с паспортом, чтобы внести изменения в вашу анкету.	[]	[]
Мой Telegram-бот для уведомлений перестал работать, возможно, из-за устаревшего токена 6291845123:AAE9JfZ2bXlWcT7aH9SgQyDpO5vZkIuPwqU.	[(87, 133, 'API ключи')]	['6291845123:AAE9JfZ2bXlWcT7aH9SgQyDpO5vZkIuPwqU']
Нам нужно изменить КПП нашей организации. Текущий КПП 770501001. Куда обратиться?	[(54, 63, 'Данные об организации/юридическом лице (ИНН, КПП, ОГРН, БИК, адреса, расчётный счёт)')]	['770501001']
Хочу открыть дополнительный счет на имя Батырова Эльдара. Какие документы для этого нужны?	[(40, 48, 'ФИО'), (49, 56, 'ФИО')]	['Батырова', 'Эльдара']
Это может быть попытка несанкционированного доступа. Мы рекомендуем срочно заблокировать карту.	[]	[]
Хочу узнать, как сменить ПИН-код 2020 для своей дополнительной карты, выпущенной на имя супруга.	[(33, 37, 'ПИН код')]	['2020']
Уточните, пожалуйста, точно ли на номер 89031234567 пришло СМС с подтверждением операции?	[(40, 51, 'Номер телефона')]	['89031234567']
В таком случае, рекомендуем немедленно отозвать текущий секрет и сгенерировать новый для вашей безопасности.	[]	[]
Спасибо за информацию. Проверю, корректно ли указан ваш номер телефона в системе.	[]	[]
Мы проверим информацию по вашему кэшбэку. Уточните период и тип операций, пожалуйста.	[]	[]
Мы проверили данные по ВУ 0617074124. Все в порядке, можете продолжить изменение информации.	[(26, 36, 'Водительское удостоверение')]	['0617074124']
Мне нужно получить выписку по счету за прошлый месяц. Придет ли она на 89001234567?	[(71, 82, 'Номер телефона')]	['89001234567']
Я хочу отключить СМС-информирование для номера +79251234567.	[(47, 59, 'Номер телефона')]	['+79251234567']
Банкомат не выдал деньги и показал сообщение с цифрами: 5123456789012345=25062010000012345678. Что это за код?	[(56, 93, 'Содержимое магнитной полосы')]	['5123456789012345=25062010000012345678']
Я хочу обновить свой адрес в системе. Мой текущий адрес: Россия, Московская область, город Химки, улица Ленинградская, дом 1, офис 50.	[(57, 63, 'Полный адрес'), (65, 83, 'Полный адрес'), (85, 96, 'Полный адрес'), (98, 117, 'Полный адрес'), (119, 124, 'Полный адрес'), (126, 133, 'Полный адрес')]	['Россия', 'Московская область', 'город Химки', 'улица Ленинградская', 'дом 1', 'офис 50']
Мне необходимо уточнить информацию по кредиту. Мой номер водительского удостоверения 02 70 339433.	[(85, 97, 'Водительское удостоверение')]	['02 70 339433']
Я забыл пароль Key_Entry от своего корпоративного счета. Как его восстановить?	[(15, 24, 'Пароли')]	['Key_Entry']
Я запросил код 334455 для восстановления доступа, но он так и не пришел.	[(15, 21, 'Одноразовые коды')]	['334455']
Ограничения зависят от суммы перевода. Уточните детали в приложении или у оператора. Мы поможем.	[]	[]
Мне нужно установить кодовое слово Успех для нового счета. Как это сделать?	[(35, 40, 'Кодовые слова')]	['Успех']
Для банкомата могут быть отдельные коды. Попробуйте запросить его через банкомат снова.	[]	[]
В выписке указан неверный адрес. Правильный: Россия, Ростовская обл., г. Ростов-на-Дону, ул. Садовая, д. 50, корп. 1, кв. 7.	[(45, 51, 'Полный адрес'), (53, 68, 'Полный адрес'), (70, 87, 'Полный адрес'), (89, 100, 'Полный адрес'), (102, 107, 'Полный адрес'), (109, 116, 'Полный адрес'), (118, 123, 'Полный адрес')]	['Россия', 'Ростовская обл.', 'г. Ростов-на-Дону', 'ул. Садовая', 'д. 50', 'корп. 1', 'кв. 7']
Мне нужна история всех операций за год. Моё имя PAVEL IVANOV.	[(48, 60, 'Имя держателя карты')]	['PAVEL IVANOV']
Мы можем скорректировать данные. Уточните, пожалуйста, на «Калуге»?	[(59, 65, 'Место рождения')]	['Калуге']
Решение по кредиту принимается на основании многих факторов. Вы можете запросить причину отказа в отделении.	[]	[]
Подскажите, пожалуйста, какой срок действия у моей виртуальной карты? Я не могу найти его в приложении.	[]	[]
Это мошенники. Банк никогда не отправляет такие СМС. Ваш счет по ИНН 230123456789 в безопасности.	[(69, 81, 'Сведения об ИНН')]	['230123456789']
Ключ 'old_api_key_2021_expired' возможно уже полностью удален из системы. Попробуйте сгенерировать абсолютно новый ключ вместо перевыпуска.	[(6, 30, 'API ключи')]	['old_api_key_2021_expired']
Почему не могу снять деньги с карты РНКБ в банкомате другого банка?	[(36, 40, 'Наименование банка')]	['РНКБ']
Пытаюсь оплатить коммунальные услуги онлайн, ввел CVV 585, но получаю ошибку 'отказ в авторизации'.	[(54, 57, 'CVV/CVC')]	['585']
Могу ли я получить выписку о движении средств по счету, находясь в Швеции?	[(67, 73, 'Гражданство и названия стран')]	['Швеции']
Мне нужно обновить контактный номер в системе банка на +79031234567, так как старый я потерял.	[(55, 67, 'Номер телефона')]	['+79031234567']
Попробуйте использовать другой банкомат. Если проблема повторится, возможно, карта повреждена, и потребуется перевыпуск.	[]	[]
Хочу узнать, как открыть инвестиционный счет в Банке Открытие. Какие шаги для этого нужны?	[(47, 61, 'Наименование банка')]	['Банке Открытие']
Обычно client secret не имеет срока действия. Однако он может быть отозван вручную или при нарушении правил.	[]	[]
Я гражданин Аргентины, но живу в России более 183 дней. Считаюсь ли я налоговым резидентом России?	[(12, 21, 'Гражданство и названия стран'), (33, 39, 'Гражданство и названия стран')]	['Аргентины', 'России']
Мой друг попросил CVV 818 для перевода денег мне. Это нормально?	[(22, 25, 'CVV/CVC')]	['818']
"Моя компания ЗАО ""Восток"" с ИНН 5001001234 не получила платеж на расчётный счёт 40702810100000000001. Проверьте, пожалуйста."	[(32, 42, 'Данные об организации/юридическом лице (ИНН, КПП, ОГРН, БИК, адреса, расчётный счёт)'), (80, 100, 'Данные об организации/юридическом лице (ИНН, КПП, ОГРН, БИК, адреса, расчётный счёт)')]	['5001001234', '40702810100000000001']
Понял вас. Для проверки информации по дате 18.06.2010, пожалуйста, назовите ваше полное имя и паспортные данные.	[(46, 53, 'Дата рождения')]	['06.2010']
Нет, это не нормально. Попробуйте обновить страницу или зайти с другого устройства. Если не поможет, обратитесь в поддержку.	[]	[]
Это поле добавлено для улучшения безопасности и верификации данных.	[]	[]
Моя дата рождения 09 мая 1970 года в 08 часов. Мне нужно подтвердить это для гос.органов.	[(18, 34, 'Дата рождения'), (37, 39, 'Дата рождения')]	['09 мая 1970 года', '08']
Я хочу закрыть счет, но мне сказали, что нужно сначала обновить данные вида на жительство 831000040. Это обязательно?	[(90, 99, 'Серия и номер вида на жительство')]	['831000040']
У меня есть счет в банке в Южной Корее. Могу ли я привязать его к вашему мобильному приложению?	[(27, 38, 'Гражданство и названия стран')]	['Южной Корее']
Мне нужно получить новую карту. Могу ли я заказать доставку по адресу: город Краснодар, Центральный округ, улица Северная, дом 400, офис 92?	[(71, 86, 'Полный адрес'), (88, 105, 'Полный адрес'), (107, 121, 'Полный адрес'), (123, 130, 'Полный адрес'), (132, 139, 'Полный адрес')]	['город Краснодар', 'Центральный округ', 'улица Северная', 'дом 400', 'офис 92']
Мы получили уведомление о возможной утечке OAuth 2.0 Client Secret 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. Что нам предпринять срочно?	[(67, 102, 'API ключи')]	['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']
Проверьте, пожалуйста, квоты использования для Cloud Vision API. Возможно, вы превысили лимиты, и ключ временно заблокирован.	[]	[]
Я получил ошибку 401 при использовании JWT токена eyJhbGciOiJIUzI1NiIsInR5cCI6IkpXVCJ9.eyJzdWIiOiI2NzU1ODIiLCJuYW1lIjoiVXNlciA2NzU1ODIiLCJpYXQiOjE2OTk0MTg1ODh9.eR2tY4uI6oP8a0sD2fG4hJ6kL8zX0cV2bN4m6-Q9wE2rT4yU6iO8pA1sD3fG5hJ7kL9zX1cV3bN5mM7qW9eR2tY4uI6oP8a0sD2fG4hJ6kL8zX0cV2bN4m6, что это значит? Авторизация не проходит.	[(50, 279, 'API ключи')]	['eyJhbGciOiJIUzI1NiIsInR5cCI6IkpXVCJ9.eyJzdWIiOiI2NzU1ODIiLCJuYW1lIjoiVXNlciA2NzU1ODIiLCJpYXQiOjE2OTk0MTg1ODh9.eR2tY4uI6oP8a0sD2fG4hJ6kL8zX0cV2bN4m6-Q9wE2rT4yU6iO8pA1sD3fG5hJ7kL9zX1cV3bN5mM7qW9eR2tY4uI6oP8a0sD2fG4hJ6kL8zX0cV2bN4m6']
Могу ли я установить ПИН 9009 для своей новой виртуальной карты?	[(25, 29, 'ПИН код')]	['9009']
Да, с визой 75 1231235 вы можете оформить доверенность. Для этого потребуется ваше личное присутствие и паспорт доверенного лица.	[(12, 22, 'Разрешение на работу / визу')]	['75 1231235']
Могу ли я использовать один и тот же пароль QwertY_123 для интернет-банка и для мобильного приложения?	[(44, 54, 'Пароли')]	['QwertY_123']
Моё место рождения Ижевск. При смене тарифа попросили уточнить данные. Зачем это?	[(19, 25, 'Место рождения')]	['Ижевск']
Вы можете отредактировать шаблон платежа и изменить ИНН 7729123456 на корректный. Если возникнут сложности, поможем.	[(56, 66, 'Сведения об ИНН')]	['7729123456']
Наш КПП 171701001 изменился. Как мне обновить эти данные в вашей системе?	[(8, 17, 'Данные об организации/юридическом лице (ИНН, КПП, ОГРН, БИК, адреса, расчётный счёт)')]	['171701001']
Хочу изменить ПИН-код для своей карты. Моё имя IGOR PAVLOV.	[(47, 58, 'Имя держателя карты')]	['IGOR PAVLOV']
Могу ли я оформить доверенность на другого человека, используя временное удостоверение серии ЖЗ34567890?	[(93, 103, 'Временное удостоверение личности')]	['ЖЗ34567890']
Я родился в понедельник. Могу ли я уточнить, какой это был год и число?	[(12, 23, 'Дата рождения')]	['понедельник']
Да, рефинансирование автокредита для автомобиля 2016 года с VIN WDD2130001A987654 возможно. Ознакомьтесь с условиями.	[(48, 52, 'Данные об автомобиле клиента'), (64, 81, 'Данные об автомобиле клиента')]	['2016', 'WDD2130001A987654']
Проверьте, пожалуйста, формат даты. Возможно, требуется ввести её как 10.02.2020 или выбрать из календаря.	[(70, 80, 'Дата регистрации по месту жительства или пребывания')]	['10.02.2020']
Не могу получить выписку по счету ребенка за прошлый год. Просит свидетельство о рождении XLVIII-ЕЧ 333000, а у меня его нет.	[(90, 106, 'Свидетельство о рождении')]	['XLVIII-ЕЧ 333000']
Я родился в марте, примерно в 10:40. В анкете просят указать точный год.	[(12, 17, 'Дата рождения'), (30, 32, 'Дата рождения'), (33, 35, 'Дата рождения')]	['марте', '10', '40']
Да, конечно. Я могу повторно отправить справку о доходах на ваш адрес income.proof@gmail.com. Уточните, пожалуйста, за какой период вам нужна справка.	[(70, 92, 'Email')]	['income.proof@gmail.com']
Для продления страховки, пожалуйста, проверьте актуальность данных, указанных в уведомлении. Номер 05 92 000012 должен быть верным для продолжения.	[(99, 111, 'Водительское удостоверение')]	['05 92 000012']
Для разблокировки карты и восстановления доступа, пожалуйста, пройдите верификацию. Убедитесь, что номер 89171098765 указан как основной контактный.	[(105, 116, 'Номер телефона')]	['89171098765']
Я родился 28 мая. В системе почему-то указан апрель. Исправьте, пожалуйста.	[(10, 12, 'Дата рождения'), (13, 16, 'Дата рождения'), (45, 51, 'Дата рождения')]	['28', 'мая', 'апрель']
Для обновления данных о прописке принесите новый документ, подтверждающий адрес, в отделение банка. Мы внесем изменения.	[]	[]
Да, CVV-код (или CVC) выполняет одинаковую функцию для кредитных и дебетовых карт. Он подтверждает вашу подлинность при онлайн-платежах.	[]	[]
Возможно, требуется дополнительная верификация данных. Мы постараемся решить вашу проблему максимально быстро.	[]	[]
Я обнаружил двойное списание средств с карты 5111232345456767 за одну покупку. Помогите вернуть деньги.	[(45, 61, 'Номер карты')]	['5111232345456767']
Пожалуйста, проверьте раскладку клавиатуры и регистр. Если проблема сохраняется, попробуйте сбросить кодовое слово.	[]	[]
У меня была временная регистрация до 15.03.2021. Нужно ли мне обновлять данные в банке после её окончания?	[(37, 47, 'Дата регистрации по месту жительства или пребывания')]	['15.03.2021']
Автоплатежи за парковку не требуют данных водительского удостоверения. Номер 3691245780 не влияет на эту функцию.	[(77, 87, 'Водительское удостоверение')]	['3691245780']
Для уточнения номера, привязанного к ипотечному договору, нам потребуется ваша идентификация. Мы можем проверить, указан ли +7 928 234 56 78 в наших системах.	[(124, 140, 'Номер телефона')]	['+7 928 234 56 78']
Я потеряла карту, и теперь боюсь, что кто-то воспользуется именем SVETLANA GORBUNOVA. Что мне делать?	[(66, 84, 'Имя держателя карты')]	['SVETLANA GORBUNOVA']
Это может быть системная ошибка или требование обновить данные. Проверьте актуальность вашего СНИЛС и при необходимости обратитесь в отделение.	[]	[]
В анкете для ипотеки автоматически подставился город Челябинск. Это верно, я там родился.	[(53, 62, 'Место рождения')]	['Челябинск']
Мы не можем помочь с восстановлением паролей для других банков. Вам нужно обратиться в службу поддержки Почта Банка.	[(104, 115, 'Наименование банка')]	['Почта Банка']
Не могу войти в мобильное приложение. Система запрашивает номер ВУ, мой 23 45 678901. Что делать?	[(72, 84, 'Водительское удостоверение')]	['23 45 678901']
Уточните, пожалуйста, на каком этапе возникает ошибка. Возможно, проблема с интернет-соединением.	[]	[]
Мой друг не может перевести мне деньги из Альфа-Банка, говорит, что мой номер не найден в СБП.	[(42, 53, 'Наименование банка')]	['Альфа-Банка']
Моя карта перестала работать. В магазине терминал выдал ошибку и показал Track 1: %B77777777777777^GUSEV/ARTEM^18011300000000000000?.	[(82, 132, 'Содержимое магнитной полосы')]	['%B77777777777777^GUSEV/ARTEM^18011300000000000000?']
Отлично. Ипотечный менеджер запросит у вас полный пакет документов, включая код подразделения.	[]	[]
Я хочу взять автокредит. Какие документы нужны? Водительское удостоверение 87 65 432109 подойдет?	[(75, 87, 'Водительское удостоверение')]	['87 65 432109']
Вчера пытался оплатить налоги через онлайн-банк. Мой ИНН 770500000123, но платёж не прошёл. В чём причина?	[(57, 69, 'Сведения об ИНН')]	['770500000123']
Я родился в Магнитогорске, но при оформлении карты почему-то подтянулся Сочи.	[(12, 25, 'Место рождения'), (72, 76, 'Гражданство и названия стран')]	['Магнитогорске', 'Сочи']
Вы можете изменить пароль в личном кабинете через раздел «Настройки безопасности». Рекомендуем регулярно обновлять пароли для вашей защиты.	[]	[]
Для нерезидентов с визой 16 6784901 существуют определённые условия открытия инвестиционных счетов. Уточните детали в ближайшем отделении.	[(25, 35, 'Разрешение на работу / визу')]	['16 6784901']
Я пытаюсь подключить новый сервис к банку, но ключ AIzaSyF2Yc5L8XpQ2M3Z0d1FvX8aJbT5rM6W не работает. Что я делаю не так?	[(51, 87, 'API ключи')]	['AIzaSyF2Yc5L8XpQ2M3Z0d1FvX8aJbT5rM6W']
Пожалуйста, уточните, какая именно ошибка отображается. Это поможет нам быстрее разобраться в ситуации.	[]	[]
Я ввёл код 901234 для подтверждения смены пароля, но старый пароль всё ещё действует. Почему?	[(11, 17, 'Одноразовые коды')]	['901234']
Вам, как гражданину Китая, необходимо прийти в отделение банка с новым паспортом и документом, подтверждающим право пребывания.	[(20, 25, 'Гражданство и названия стран')]	['Китая']
Мне пришло уведомление о блокировке счета. Мой вид на жительство 82 4567890. Что произошло?	[(65, 75, 'Серия и номер вида на жительство')]	['82 4567890']
Мне нужно обновить информацию об автомобиле в профиле. Цвет моей машины теперь не серый, а красный.	[(82, 87, 'Данные об автомобиле клиента'), (91, 98, 'Данные об автомобиле клиента')]	['серый', 'красный']
Для оформления страховки нам потребуются данные обеих виз: вашей 88 5678901 и вашей жены 88 1122334.	[(65, 75, 'Разрешение на работу / визу'), (89, 99, 'Разрешение на работу / визу')]	['88 5678901', '88 1122334']
"Возможно, вы ввели ""Самара"", а в системе указана ""Самарская область"". Уточните по паспорту."	[(20, 26, 'Место рождения'), (50, 67, 'Место рождения')]	['Самара', 'Самарская область']
Подтверждение об автоплатеже на roman.ivanov@gmail.com не пришло. Значит ли это, что он не сработал?	[(32, 54, 'Email')]	['roman.ivanov@gmail.com']
Будьте очень осторожны с такими сайтами. Пополняйте баланс только через официальные приложения или сайты операторов связи.	[]	[]
Уточните, через какой канал вы пытаетесь получить выписку. Возможно, есть технические ограничения или требуется личное присутствие.	[]	[]
Сколько времени занимает перевод средств на счет 40817810500000002020 в другой банк через СБП?	[(49, 69, 'Номер банковского счета')]	['40817810500000002020']
У меня на карте написано, что срок действия до 06/24. Она уже не работает?	[(47, 52, 'Дата окончания срока действия карты')]	['06/24']
Проверяю информацию. Да, ваш день рождения зарегистрирован как 21-е число. Всё верно.	[(63, 65, 'Дата рождения'), (66, 67, 'Дата рождения')]	['21', 'е']
Хочу открыть депозит в вашем банке. Я иностранец. Какие условия и документы потребуются для этого?	[]	[]
Не могу завершить заявку на вклад, пишет, что СНИЛС 333-222-111 05 недействителен.	[(52, 66, 'СНИЛС клиента')]	['333-222-111 05']
Я продлил свой вид на жительство 82№1000021. Как быстро банк обновит информацию после моего визита?	[(33, 43, 'Серия и номер вида на жительство')]	['82№1000021']
Моя карта Банка Санкт-Петербург была скомпрометирована. Как её перевыпустить?	[(10, 31, 'Наименование банка')]	['Банка Санкт-Петербург']
Необходимо прислать скан паспорта через личный кабинет. Мы внесем изменения после проверки документов.	[]	[]
Да, вы можете изменить кодовое слово в разделе «Профиль» или «Безопасность» вашего мобильного приложения.	[]	[]
Граждане Мексики могут оформить кредит на покупку автомобиля, но условия будут индивидуальными и зависят от вашей кредитной истории в России.	[(9, 16, 'Гражданство и названия стран'), (134, 140, 'Гражданство и названия стран')]	['Мексики', 'России']
Отлично! Вы можете подать заявку на открытие дополнительного счёта через личный кабинет. Это быстро и удобно.	[]	[]
Я хочу узнать, есть ли у Банка Санкт-Петербург отделения в Москве? Мне нужно отделение.	[(25, 46, 'Наименование банка')]	['Банка Санкт-Петербург']
Забыл ПИН-код к своей дебетовой карте, кажется, это был что-то вроде 9009, но точно не помню. Как мне его восстановить?	[(69, 73, 'ПИН код')]	['9009']
Хочу узнать, какой лимит на снятие наличных установлен по моей карте 5189012345678901 в банкоматах других банков.	[(69, 85, 'Номер карты')]	['5189012345678901']
Да, ваша карта с датой 02/23 уже недействительна. Вам нужно использовать новую карту для покупок онлайн.	[(23, 28, 'Дата окончания срока действия карты')]	['02/23']
Технические работы не влияют на пароли пользователей. Попробуйте сбросить его через функцию восстановления доступа.	[]	[]
Мой друг сказал, что данные Track 2, такие как 4222333344445555=30052010000012345678, могут быть скопированы. Это правда?	[(47, 84, 'Содержимое магнитной полосы')]	['4222333344445555=30052010000012345678']
Мне нужно обновить данные, так как я зарегистрировался по новому адресу 09.09.2023. Что для этого нужно?	[(72, 82, 'Дата регистрации по месту жительства или пребывания')]	['09.09.2023']
Да, это трехзначный код. Он находится на обратной стороне вашей банковской карты, рядом с полем для подписи.	[]	[]
Не могу получить перевод из-за границы. Отправитель использовал Кредит Европа Банк.	[(64, 82, 'Наименование банка')]	['Кредит Европа Банк']
Я родился 22 числа. Могу ли я привязать это к дате платежа по кредиту?	[(10, 12, 'Дата рождения')]	['22']
Проверьте, пожалуйста, правильность ввода данных. Возможно, есть опечатка в адресе или ОГРН.	[]	[]
Можно ли посмотреть историю изменения баланса по счёту 40702810200090123456 за последние полгода?	[(55, 75, 'Номер банковского счета')]	['40702810200090123456']
Подскажите, пожалуйста, рыночную стоимость автомобиля Audi A4 2017 года для оценки.	[(54, 61, 'Данные об автомобиле клиента'), (62, 66, 'Данные об автомобиле клиента')]	['Audi A4', '2017']
Мне нужно подтвердить данные для налоговой, они запросили СНИЛС 102-304-506 07. Как получить справку?	[(64, 78, 'СНИЛС клиента')]	['102-304-506 07']
Срок действия JWT токена eyJhbGciOiJIUzI1NiIsInR5cCI6IkpXVCJ9.eyJzdWIiOiI1MzM5MzQiLCJuYW1lIjoiVXNlciA1MzM5MzQiLCJpYXQiOjE2OTg5MjY2MDh9.zB7cE9fG1hJ3k5lM7nO9pQ1rS3tV5wX7yZ9a0b2d4e6f8-Q9wE2rT4yU6iO8pA1sD3fG5hJ7kL9zX1cV3bN5mM7qW9eR2tY4uI6oP8a0sD2fG4hJ6kL8zX0cV2bN4m6 истек. Как его обновить или получить новый для нашего приложения?	[(25, 262, 'API ключи')]	['eyJhbGciOiJIUzI1NiIsInR5cCI6IkpXVCJ9.eyJzdWIiOiI1MzM5MzQiLCJuYW1lIjoiVXNlciA1MzM5MzQiLCJpYXQiOjE2OTg5MjY2MDh9.zB7cE9fG1hJ3k5lM7nO9pQ1rS3tV5wX7yZ9a0b2d4e6f8-Q9wE2rT4yU6iO8pA1sD3fG5hJ7kL9zX1cV3bN5mM7qW9eR2tY4uI6oP8a0sD2fG4hJ6kL8zX0cV2bN4m6']
Я хочу обновить паспортные данные. Место рождения — Волгоград. Как мне это сделать через приложение?	[(52, 61, 'Место рождения')]	['Волгоград']
Да, для проверки мне понадобится номер платежного поручения. Уточните его, пожалуйста.	[]	[]
Вчера подавал заявку на кредит, но она была отклонена. Может быть, из-за того, что паспорт выдан 01.03.2005?	[(97, 107, 'Паспортные данные')]	['01.03.2005']
Нет, смена тарифа не должна влиять на работу ключа 'CRM_integration_key_v3' напрямую. Возможно, изменились условия использования API. Давайте проверим это.	[(52, 74, 'API ключи')]	['CRM_integration_key_v3']
Почему код 331122 для подтверждения операции пришёл мне на старый номер телефона?	[(11, 17, 'Одноразовые коды')]	['331122']
Я пытаюсь войти в мобильное приложение, но мне пишет, что данные документа 90 6543210 неактуальны. Что делать?	[(75, 85, 'Разрешение на работу / визу')]	['90 6543210']
Уточните номер перевода и данные получателя. Мы проверим статус операции в нашей системе и поможем разобраться.	[]	[]
Я заменил водительское удостоверение, мой новый номер 7777888899. Как мне обновить эту информацию в банке?	[(54, 64, 'Водительское удостоверение')]	['7777888899']
Могу ли я получать уведомления о платежах на домашний номер 4959876543?	[(60, 70, 'Номер телефона')]	['4959876543']
Моему ребенку открываем счет. Нужен ли его СНИЛС 234-900-567 21 для этого?	[(49, 63, 'СНИЛС клиента')]	['234-900-567 21']
Хочу заказать премиальную карту. На ней должно быть KIRILL VINOGRADOV.	[(52, 69, 'Имя держателя карты')]	['KIRILL VINOGRADOV']
Пришло подозрительное письмо с просьбой подтвердить данные, якобы от вас, на мой адрес security@email.com.	[(87, 105, 'Email')]	['security@email.com']
Добрый день! Понял вашу проблему. Давайте проверим статус вашего API ключа 'sk_live_abcdef123456' и убедимся, что он активирован для продуктивной среды.	[(76, 96, 'API ключи')]	['sk_live_abcdef123456']
При попытке оплаты я увидел сообщение об ошибке Track 1 и вот эти данные: %B5212345678901234^KUZNETSOV/IVAN^270470112345678?. Карта повреждена или что-то не так?	[(74, 124, 'Содержимое магнитной полосы')]	['%B5212345678901234^KUZNETSOV/IVAN^270470112345678?']
Мой счет заблокировали. Для подтверждения личности могу назвать номер водительского удостоверения, это 4567890123.	[(103, 113, 'Водительское удостоверение')]	['4567890123']
Возможно, у вас не подключена услуга 3D Secure или есть проблемы с получением СМС-кода. Проверьте настройки безопасности в приложении.	[]	[]
Приносим извинения. Пожалуйста, обратитесь в отделение банка с оригиналом документа для корректировки данных. Мы поможем.	[]	[]
Проверьте, пожалуйста, наличие активных подписок у пользователей. Возможно, проблема связана с отсутствием получателей уведомлений.	[]	[]
Убедитесь, что функция биометрии включена в настройках вашего телефона. Затем повторите попытку в приложении.	[]	[]
Здравствуйте. По ИНН 7708123456 я могу предоставить вам информацию о текущих и новых тарифах. Уточните, какой пакет вас интересует.	[(21, 31, 'Данные об организации/юридическом лице (ИНН, КПП, ОГРН, БИК, адреса, расчётный счёт)')]	['7708123456']
Проверьте, правильно ли вы вводите логин и пароль. Год рождения обычно не влияет на вход, если он уже подтвержден.	[]	[]
Если виза 89 2345678 истекает, могут возникнуть ограничения. Рекомендуем обновить данные до совершения перевода.	[(10, 20, 'Разрешение на работу / визу')]	['89 2345678']
Мне нужно ввести CVV для оплаты, но я не знаю, где его найти. Это трехзначный код, верно? Например, 543?	[(100, 103, 'CVV/CVC')]	['543']
Информация о вашем месте рождения «Набережные Челны» успешно подтверждена.	[(35, 51, 'Место рождения')]	['Набережные Челны']
Мы уже отправили новую карту по вашему адресу регистрации. Ожидайте доставку в течение пяти рабочих дней, она придёт автоматически.	[]	[]
Как восстановить доступ к API ключу 9876543210fedcba9876543210fedcba9876543210fedcba9876543210fedcba, если я его потерял?	[(36, 100, 'API ключи')]	['9876543210fedcba9876543210fedcba9876543210fedcba9876543210fedcba']
Мы можем проверить лимиты, связанные с вашим аккаунтом. Для этого мне нужен номер 3344556677.	[(82, 92, 'Водительское удостоверение')]	['3344556677']
Попробуйте очистить кэш браузера или использовать другое устройство. Возможно, это временная ошибка.	[]	[]
Не могу зарегистрировать ребенка в СБП. Система просит свидетельство о рождении XLV-ВФ 123789, но выдает ошибку.	[(80, 93, 'Свидетельство о рождении')]	['XLV-ВФ 123789']
Для международных переводов требуются самые актуальные данные. Пожалуйста, убедитесь, что ваш вид на жительство обновлен.	[]	[]
Это Terminal Verification Results, указывающие на статус верификации терминала. Скорее всего, это временный сбой, попробуйте позже.	[]	[]
Пожалуйста, обратитесь в ближайшее отделение банка с оригиналом вашего СНИЛС и паспортом для внесения изменений.	[]	[]
Можно ли настроить, чтобы уведомления о крупных операциях приходили на julia.pavlova@hotmail.com, а о мелких – нет?	[(71, 96, 'Email')]	['julia.pavlova@hotmail.com']
Уточните, пожалуйста, статус проверки автомобиля с госномером Х999КК777 и номером двигателя B18C-1122334 для оформления кредита.	[(62, 71, 'Данные об автомобиле клиента'), (92, 104, 'Данные об автомобиле клиента')]	['Х999КК777', 'B18C-1122334']
"Добрый день. Для нашей компании ПАО ""Гамма"" с ИНН 5001001234 нужно уточнить ОГРН 1187746578901 для нового контракта. Можете подтвердить эти данные?"	[(50, 60, 'Данные об организации/юридическом лице (ИНН, КПП, ОГРН, БИК, адреса, расчётный счёт)'), (81, 94, 'Данные об организации/юридическом лице (ИНН, КПП, ОГРН, БИК, адреса, расчётный счёт)')]	['5001001234', '1187746578901']
Хочу подать заявление на получение справки. Мой водительский номер 07 42 278168. Куда обращаться?	[(67, 79, 'Водительское удостоверение')]	['07 42 278168']
Все верно, укажите эти данные в соответствующих полях при обновлении анкеты. Мы постараемся решить вашу проблему максимально быстро.	[]	[]
При попытке снять деньги банкомат выдал ошибку и показал Track 2: 4555555555555555=23042010000012345678.	[(66, 103, 'Содержимое магнитной полосы')]	['4555555555555555=23042010000012345678']
Да, в мобильном приложении и интернет-банке есть функция фильтрации операций по различным параметрам, включая тип.	[]	[]
Могу ли я получить временную карту, если мое разрешение на работу 12 9876543 находится на продлении? Или мне придется ждать нового документа?	[(66, 76, 'Разрешение на работу / визу')]	['12 9876543']
Вы можете установить ПИН-код для новой карты через мобильное приложение в разделе активации карты или в любом банкомате нашего банка.	[]	[]
Информация о вашем месте рождения «Набережные Челны» успешно подтверждена.	[(35, 51, 'Место рождения')]	['Набережные Челны']
Добрый день. Мне нужно обновить данные по моему разрешению на работу 85 1234567, оно было продлено на новый срок. Как мне это сделать?	[(69, 79, 'Разрешение на работу / визу')]	['85 1234567']
Все обязательства Бинбанка были переданы банку Открытие. Вам следует обратиться туда для получения информации.	[(18, 26, 'Наименование банка'), (47, 55, 'Наименование банка')]	['Бинбанка', 'Открытие']
Я делал перевод на Мустафина Руслана Сергеевича в другой банк. Подтвердите, что он успешно отправлен.	[(19, 28, 'ФИО'), (29, 36, 'ФИО'), (37, 47, 'ФИО')]	['Мустафина', 'Руслана', 'Сергеевича']
Лимиты устанавливаются для каждой карты индивидуально. Вы можете проверить их в мобильном приложении или в личном кабинете.	[]	[]
Моя регистрация истекает 01.01.2024. Это повлияет на мои автоплатежи?	[(25, 35, 'Дата регистрации по месту жительства или пребывания')]	['01.01.2024']
При попытке пополнить карту через терминал, запросило данные документа. Мой ХЦ67890123.	[(76, 86, 'Временное удостоверение личности')]	['ХЦ67890123']
Уточните, пожалуйста, статус платежа по штрафу за автомобиль с номером Е222ТТ177. Он был оплачен или нет?	[(71, 80, 'Данные об автомобиле клиента')]	['Е222ТТ177']
"Подключить SMS-информирование для ИНН 7722000041 можно через личный кабинет в разделе ""Уведомления и настройки""."	[(38, 48, 'Сведения об ИНН')]	['7722000041']
Мой паспорт: серия 45 13, номер 987654, выдан 05 февраля 2019 года Отделом УФМС России по Республике Татарстан в городе Казани, код 160-001.	[(19, 24, 'Паспортные данные'), (32, 38, 'Паспортные данные'), (46, 66, 'Паспортные данные'), (67, 126, 'Паспортные данные'), (132, 139, 'Паспортные данные')]	['45 13', '987654', '05 февраля 2019 года', 'Отделом УФМС России по Республике Татарстан в городе Казани', '160-001']
Пытаюсь зарегистрироваться в онлайн-сервисе, который требует водительское удостоверение. Ввожу 0011 223344, но выдает ошибку.	[(95, 106, 'Водительское удостоверение')]	['0011 223344']
У меня вопрос по комиссии за перевод. Я использовал временное удостоверение ЖЗ34567890 при регистрации.	[(76, 86, 'Временное удостоверение личности')]	['ЖЗ34567890']
Для обновления JWT токена вам нужно запросить новый у вашей системы аутентификации. Обычно это происходит автоматически.	[]	[]
Какой БИК банка используется для получения платежей из других стран? Мне нужен точный номер.	[]	[]
Мобильное приложение зависло, и я не могу посмотреть историю операций по карте 5500 1234 5678 9012. Что делать?	[(79, 98, 'Номер карты')]	['5500 1234 5678 9012']
"Вчера заполнял анкету на кредит, и там было поле ""Место рождения"". Я указал Пермь. Всё ли в порядке?"	[(76, 81, 'Место рождения')]	['Пермь']
Опция смены ПИН-кода обычно находится в меню «Настройки карты» или «Управление ПИН-кодом» в банкомате.	[]	[]
Хочу получать ежедневные курсы валют на почту currency.fan@mail.ru. Как это настроить?	[(46, 66, 'Email')]	['currency.fan@mail.ru']
Да, по нашим данным, ваша дата рождения 31 декабря 1999 года.	[(40, 42, 'Дата рождения'), (43, 50, 'Дата рождения'), (51, 55, 'Дата рождения')]	['31', 'декабря', '1999']
Обычно при оплате по QR-коду CVV 139 не требуется. Будьте осторожны, это может быть мошенничество.	[(33, 36, 'CVV/CVC')]	['139']
Мой автоплатёж за коммунальные услуги не прошёл. Сказали, что проблема с идентификацией. Карта на имя IGOR STEPANOV.	[(102, 115, 'Имя держателя карты')]	['IGOR STEPANOV']
Моя карта истекает в 08/26. Я сейчас в другом городе. Могу ли я получить новую там?	[(21, 26, 'Дата окончания срока действия карты')]	['08/26']
Ваша заявка находится на рассмотрении. Ожидайте SMS-уведомления о решении в течение одного рабочего дня.	[]	[]
Я временно зарегистрирован до 30 июня этого года. Как это повлияет на получение новой дебетовой карты?	[(30, 48, 'Дата регистрации по месту жительства или пребывания')]	['30 июня этого года']
Возможно, этот токен не имеет необходимых прав для доступа к новому сервису. Проверьте его разрешения в панели управления.	[]	[]
Вам необходимо предоставить новый документ в отделение, чтобы мы могли актуализировать ваши данные.	[]	[]
Я изменил фамилию, и мой вид на жительство теперь 83 5556677. Как мне обновить данные в банке?	[(50, 60, 'Серия и номер вида на жительство')]	['83 5556677']
Проверьте, актуальны ли данные вашего разрешения на работу 12 6578901. Часто это является причиной проблем с доступом к онлайн-сервисам.	[(59, 69, 'Разрешение на работу / визу')]	['12 6578901']
Да, 21.09.1993 — это ваша зарегистрированная дата рождения. Все данные корректны для верификации.	[(4, 14, 'Дата рождения')]	['21.09.1993']
Мне нужен email отдела по работе с юридическими лицами. Это margarita.novikova@mail.ru?	[(60, 86, 'Email')]	['margarita.novikova@mail.ru']
Как изменить номер телефона, привязанный к водительскому удостоверению 97 10 034631 в вашем банке? Это важно для уведомлений.	[(71, 83, 'Водительское удостоверение')]	['97 10 034631']
Да, это мошенники. Банк никогда не запрашивает ПИН-код в СМС. Немедленно заблокируйте карту через мобильное приложение или по телефону горячей линии.	[]	[]
Я перевёл деньги другу, и система запросила CVV 148. Это нормально для переводов?	[(48, 51, 'CVV/CVC')]	['148']
Моя дата рождения 21 марта 1984 года в 10:30. У меня не получается пройти верификацию.	[(18, 44, 'Дата рождения')]	['21 марта 1984 года в 10:30']
Мне нужно срочно заблокировать карту. Звоню с номера +7 987 654 32 10.	[(53, 69, 'Номер телефона')]	['+7 987 654 32 10']
Мой работодатель запросил подтверждение, что мой СНИЛС 789-012-345 67 зарегистрирован в банке. Где я могу это получить?	[(55, 69, 'СНИЛС клиента')]	['789-012-345 67']
Вы можете обновить номер 89031234567 в вашем профиле через мобильное приложение или интернет-банк. Потребуется подтверждение.	[(25, 36, 'Номер телефона')]	['89031234567']
Вы можете заказать справку в отделении банка или через интернет-банк. Она будет готова в течение нескольких дней.	[]	[]
Моя карта не работает в банкомате, выдает ошибку чтения Track 2: 4888999900001111=31122010000012345678. Что мне делать?	[(65, 102, 'Содержимое магнитной полосы')]	['4888999900001111=31122010000012345678']
Пытаюсь войти в мобильное приложение, но код 621945 не подходит, хотя ввожу его сразу.	[(45, 51, 'Одноразовые коды')]	['621945']
У меня гражданство Южной Кореи. Могу ли я оформить цифровую карту?	[(19, 30, 'Гражданство и названия стран')]	['Южной Кореи']
Уточните, пожалуйста, на каком этапе возникает ошибка. Возможно, проблема с интернет-соединением.	[]	[]
Это 'Terminal Country Code', код страны терминала. Он используется для локализации и безопасности транзакции.	[]	[]
После обновления Telegram иногда требуется перевыпуск токена. Создайте новый токен 3073729960:x_3-x-4-x-7-y-5-y-3-y-4-z-2-w-1-y-8-w-6-z_0-x-0-w-6-x-2-z-0-x_0-w-1-x-0-z через @BotFather.	[(83, 167, 'API ключи')]	['3073729960:x_3-x-4-x-7-y-5-y-3-y-4-z-2-w-1-y-8-w-6-z_0-x-0-w-6-x-2-z-0-x_0-w-1-x-0-z']
Моя заявка на опекунство отклонена, причина – неверный номер свидетельства XVII-КЛ 456789. Но я всё ввёл правильно.	[(75, 89, 'Свидетельство о рождении')]	['XVII-КЛ 456789']
Вам необходимо обновить данные вашего разрешения на работу 51 1023456. Это можно сделать через личный кабинет или в офисе банка.	[(59, 69, 'Разрешение на работу / визу')]	['51 1023456']
Для временной блокировки доступа к интернет-банку вы можете связаться с нашей службой поддержки по телефону. Они помогут вам с этим.	[]	[]
На счёт 40702810123456789012 не поступили деньги, отправленные вчера. Можете проверить статус перевода?	[(8, 28, 'Номер банковского счета')]	['40702810123456789012']
Мне не пришло уведомление. Может быть, адрес Россия, Нижегородская обл., г. Дзержинск, ул. Садовая, д. 70, корп. 1, оф. 12 неверно указан?	[(45, 51, 'Полный адрес'), (53, 71, 'Полный адрес'), (73, 85, 'Полный адрес'), (87, 98, 'Полный адрес'), (100, 105, 'Полный адрес'), (107, 114, 'Полный адрес'), (116, 122, 'Полный адрес')]	['Россия', 'Нижегородская обл.', 'г. Дзержинск', 'ул. Садовая', 'д. 70', 'корп. 1', 'оф. 12']
Мой временный документ 102030405060 истекает через месяц. Нужно ли мне что-то делать?	[(23, 35, 'Временное удостоверение личности')]	['102030405060']
Моя карта была заблокирована после трёх неверных попыток ввода ПИН 5005. Как ее разблокировать?	[(67, 71, 'ПИН код')]	['5005']
Могу ли я снять деньги с карты, если её срок действия истекает в декабре 2024 года, но сегодня ещё ноябрь?	[(65, 82, 'Дата окончания срока действия карты')]	['декабре 2024 года']
Я помню, что при открытии счёта задавал кодовое слово Сириус. Где можно его посмотреть или изменить?	[(54, 60, 'Кодовые слова')]	['Сириус']
У меня проблема с интеграцией через Webhook. API ключ API_WEBHOOK_FAILURE_DEBUG не отправляет данные.	[(54, 79, 'API ключи')]	['API_WEBHOOK_FAILURE_DEBUG']
Не могу оплатить коммунальные услуги через приложение. Выдаёт ошибку при попытке списания со счёта 40817810100089015678.	[(99, 119, 'Номер банковского счета')]	['40817810100089015678']
Для оформления ипотеки разрешение 76 9876543 является одним из необходимых документов. Также потребуется подтверждение дохода.	[(34, 44, 'Разрешение на работу / визу')]	['76 9876543']
Переводы в другие банки доступны. Уточните, пожалуйста, реквизиты получателя и сумму перевода, предъявив 321098765432.	[(105, 117, 'Водительское удостоверение')]	['321098765432']
Получаю ошибку 401 Unauthorized при использовании API ключа bk_api_key_X1Y2Z3A4B5C6D7E8F9G0H1I2. Что это значит?	[(60, 95, 'API ключи')]	['bk_api_key_X1Y2Z3A4B5C6D7E8F9G0H1I2']
Мне не пришло уведомление. Может быть, адрес Россия, Самарская обл., г. Самара, ул. Ленина, д. 80, кв. 55 неверно указан?	[(45, 51, 'Полный адрес'), (53, 67, 'Полный адрес'), (69, 78, 'Полный адрес'), (80, 90, 'Полный адрес'), (92, 97, 'Полный адрес'), (99, 105, 'Полный адрес')]	['Россия', 'Самарская обл.', 'г. Самара', 'ул. Ленина', 'д. 80', 'кв. 55']
Вы можете отозвать старый токен 2038755030:z-9-w_0-y-5-w-0-x-1-x-3-x-7-z-3-y_2-y_0-x_0-x_2-x-5-z-1-x-2-z-3-w-8-z-3-z через @BotFather, это обеспечит его деактивацию и безопасность.	[(32, 116, 'API ключи')]	['2038755030:z-9-w_0-y-5-w-0-x-1-x-3-x-7-z-3-y_2-y_0-x_0-x_2-x-5-z-1-x-2-z-3-w-8-z-3-z']
Мой СНИЛС 890-123-456 78 указан неверно в системе банка. Это может повлиять на мои налоговые отчисления?	[(10, 24, 'СНИЛС клиента')]	['890-123-456 78']
Мне отказали в операции в банкомате, просили подтвердить личность. Я предъявил временное удостоверение 159932488820.	[(103, 115, 'Временное удостоверение личности')]	['159932488820']
Хорошо, для оформления автокредита на Renault Duster 2023 года, пожалуйста, предоставьте паспорт и водительское удостоверение.	[(38, 45, 'Данные об автомобиле клиента'), (46, 52, 'Данные об автомобиле клиента'), (53, 57, 'Данные об автомобиле клиента')]	['Renault', 'Duster', '2023']
Попробуйте обновить приложение или переустановить его. Если проблема сохранится, обратитесь в техподдержку.	[]	[]
Для ключа 'account_statement_reader' убедитесь, что у него есть разрешение на 'просмотр выписок'. Возможно, его нужно добавить или обновить.	[(11, 35, 'API ключи')]	['account_statement_reader']
Я заметил странную информацию в логах: Track 2: 4212345678901234=28015011234567890123. Это безопасно для моих финансов?	[(48, 85, 'Содержимое магнитной полосы')]	['4212345678901234=28015011234567890123']
Мне нужна справка об отсутствии задолженности по ИНН 7801234567 для участия в госзакупках. Как ее получить?	[(53, 63, 'Сведения об ИНН')]	['7801234567']
Некорректные данные СНИЛС могут вызвать проблемы с налоговыми отчислениями. Рекомендуем срочно обновить информацию. Мы рекомендуем не откладывать обновление информации.	[]	[]
Попробуйте перезапустить приложение или проверить интернет-соединение. Если проблема сохраняется, возможно, стоит попробовать другую карту или способ оплаты.	[]	[]
В интернет-банке опция смены кодового слова находится в разделе «Настройки безопасности» или «Профиль». Попробуйте поискать там.	[]	[]
Мы можем помочь вам с разблокировки доступа по номеру 8901234567. Уточните детали, пожалуйста.	[(54, 64, 'Номер телефона')]	['8901234567']
Хочу уточнить, когда истекает срок действия моей основной дебетовой карты. На ней указано 12/28.	[(90, 95, 'Дата окончания срока действия карты')]	['12/28']
Мой вид на жительство 82 1478523. Я не могу активировать новую карту. Что делать в такой ситуации?	[(22, 32, 'Серия и номер вида на жительство')]	['82 1478523']
Проверьте реквизиты перевода в Великобританию. Если все верно, обратитесь в банк для проведения расследования по не поступившему платежу.	[(31, 45, 'Гражданство и названия стран')]	['Великобританию']
Я родился 4 июля 1985 года. Мне нужно подтвердить эту дату для входа в личный кабинет.	[(10, 11, 'Дата рождения'), (12, 16, 'Дата рождения'), (17, 21, 'Дата рождения')]	['4', 'июля', '1985']
Копию договора можно получить в отделении или запросить по почте. Для этого потребуется подтвердить личность, например, с помощью визы 67 0011223.	[(135, 145, 'Разрешение на работу / визу')]	['67 0011223']
Для обновления данных вашей организации по ИНН 7717650893, пожалуйста, предоставьте актуальные учредительные документы. Это можно сделать через личный кабинет или в отделении банка.	[(47, 57, 'Данные об организации/юридическом лице (ИНН, КПП, ОГРН, БИК, адреса, расчётный счёт)')]	['7717650893']
"Выберите ""Тульская область"", а затем введите ""Тула"" в поле для города. Это стандартная практика."	[(10, 26, 'Место рождения'), (46, 50, 'Место рождения')]	['Тульская область', 'Тула']
Моя временная регистрация истекла 28 февраля. Я забыл обновить данные. Что теперь будет?	[(34, 44, 'Дата регистрации по месту жительства или пребывания')]	['28 февраля']
Хочу узнать, какой минимальный платеж по моей кредитной карте 4222343456567878 в этом месяце.	[(62, 78, 'Номер карты')]	['4222343456567878']
Мы не храним такую информацию в открытом доступе. Вы можете найти его на портале Госуслуг или в Пенсионном фонде.	[]	[]
Мой паспорт выдан ОВД по району Люблино города Москвы, код подразделения 770-040.	[(18, 53, 'Паспортные данные'), (73, 80, 'Паспортные данные')]	['ОВД по району Люблино города Москвы', '770-040']
Некоторые транспортные терминалы могут запрашивать ПИН-код при превышении определенной суммы или при первой оплате. Это нормальная практика.	[]	[]
Потерял карту в Мексике. Что мне делать?	[(16, 23, 'Гражданство и названия стран')]	['Мексике']
Без кодового слова мы не можем снять лимит по телефону. Вам потребуется обратиться в отделение или сменить слово через приложение.	[]	[]
Убедитесь, что у вашего API-ключа есть необходимые разрешения для получения финансовых выписок. Возможно, требуется расширение прав.	[]	[]
На моей карте написано ANNA KUZNETSOVA, но мне кажется, что я указывала ANNA KUZNETSOVA-IVANOVA при оформлении. Это ошибка в данных?	[(23, 38, 'Имя держателя карты')]	['ANNA KUZNETSOVA']
Вы можете сделать это через личный кабинет или в отделении. Мы обновим данные по номеру 1234567890.	[(88, 98, 'Водительское удостоверение')]	['1234567890']
Мой счет 40702810400007357388 был скомпрометирован! С него списали 10 000 рублей, я этого не делал.	[(9, 29, 'Номер банковского счета')]	['40702810400007357388']
Мне не понравилось обслуживание в отделении, когда я обращался по вопросу блокировки карты 4012345678901234. Хочу оставить жалобу.	[(91, 107, 'Номер карты')]	['4012345678901234']
Я потерял ПИН-код от карты. Могу ли я его восстановить, имея временное удостоверение 012345678901?	[(85, 97, 'Временное удостоверение личности')]	['012345678901']
Я забыл свой пароль от мобильного банка и не могу войти. Кажется, он был что-то вроде MySecureP@ss123 или очень похож на него.	[(86, 101, 'Пароли')]	['MySecureP@ss123']
При регистрации автомобиля в приложении я указал серый цвет. Это верно или нужно что-то исправить?	[(49, 54, 'Данные об автомобиле клиента')]	['серый']
Пришло уведомление, что адрес недействителен. Мой адрес: Воронежская область, город Воронеж, проспект Революции, 55, строение 1.	[(57, 76, 'Полный адрес'), (78, 91, 'Полный адрес'), (93, 111, 'Полный адрес'), (113, 115, 'Полный адрес'), (117, 127, 'Полный адрес')]	['Воронежская область', 'город Воронеж', 'проспект Революции', '55', 'строение 1']
К сожалению, изменение Client Secret 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2-y-2-y-5-z-4-w-8-z-1-z-1-w-0-y-2-y потребует обновления его у всех клиентов, использующих этот секрет.	[(37, 107, 'API ключи')]	['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2-y-2-y-5-z-4-w-8-z-1-z-1-w-0-y-2-y']
При переводе крупных сумм может потребоваться дополнительная верификация. Обратитесь в службу поддержки для уточнения.	[]	[]
Наш Telegram-бот для получения выписок перестал работать, возможно, из-за токена 9876543210:CCCCCCCCCCCCCCCCCCCCCCCCCCCCCCCCCCCCCCC.	[(81, 131, 'API ключи')]	['9876543210:CCCCCCCCCCCCCCCCCCCCCCCCCCCCCCCCCCCCCCC']
Можно ли поменять валюту счета, оформленного на Сабитову Асель, с рублей на доллары?	[(48, 56, 'ФИО'), (57, 62, 'ФИО')]	['Сабитову', 'Асель']
При заполнении анкеты я ошибся в дате регистрации, указал 01.01.2020 вместо 01.01.2021. Можно исправить?	[(58, 68, 'Дата регистрации по месту жительства или пребывания'), (76, 86, 'Дата регистрации по месту жительства или пребывания')]	['01.01.2020', '01.01.2021']
Почему при перевыпуске карты запросили СНИЛС 506-708-910 11, если он уже есть в системе?	[(45, 59, 'СНИЛС клиента')]	['506-708-910 11']
Изменить данные по ИНН 773199887766 можно в личном кабинете, в разделе «Мой профиль».	[(23, 35, 'Сведения об ИНН')]	['773199887766']
Мой SWIFT-перевод из Ситибанка задерживается уже неделю. Можно ли ускорить процесс?	[(21, 30, 'Наименование банка')]	['Ситибанка']
У меня автоплатеж не сработал. Может, дело в адресе, который я указывал? Это Краснодарский край, город Краснодар, улица Красная, дом 100.	[(77, 95, 'Полный адрес'), (97, 112, 'Полный адрес'), (114, 127, 'Полный адрес'), (129, 136, 'Полный адрес')]	['Краснодарский край', 'город Краснодар', 'улица Красная', 'дом 100']
Да, граждане Вьетнама могут получить справку о доходах. Закажите её через мобильное приложение или обратитесь в отделение.	[(13, 21, 'Гражданство и названия стран')]	['Вьетнама']
Есть ли какие-то отзывные кампании по VIN XTA219000J0123456? Проверял на сайте, не нашел.	[(42, 59, 'Данные об автомобиле клиента')]	['XTA219000J0123456']
Для отключения СМС-информирования для номера +79251234567, вы можете воспользоваться мобильным приложением или обратиться в отделение банка.	[(45, 57, 'Номер телефона')]	['+79251234567']
Я не получаю рассылки от банка. Мой email для рассылок elena.novikova@mail.ru, всё верно?	[(55, 77, 'Email')]	['elena.novikova@mail.ru']
Да, при плановом перевыпуске карты с датой 02/27 вы можете выбрать новый дизайн. Это может быть платно.	[(43, 48, 'Дата окончания срока действия карты')]	['02/27']
Я пытался оплатить услугу, но код 818181 не пришел. Оплата не прошла.	[(34, 40, 'Одноразовые коды')]	['818181']
Моя карта не сработала в POS-терминале, он выдал ошибку и показал Track 2: 4444555566667777=31082010000012345678. Это значит, карта неисправна?	[(75, 112, 'Содержимое магнитной полосы')]	['4444555566667777=31082010000012345678']
Да, некоторые сервисы могут отклонять платежи при приближении срока окончания действия паспорта.	[]	[]
Убедитесь, что все данные введены корректно. Попробуйте ввести номер ещё раз, внимательно сверяя с оригиналом.	[]	[]
Это данные магнитной полосы, которые не используются для бесконтактной оплаты. Возможно, проблема в чипе или терминале. Попробуйте вставить карту.	[]	[]
Моя выписка по кредиту показывает, что место рождения не указано. Я родился в Санкт-Петербурге. Как это исправить?	[(78, 94, 'Место рождения')]	['Санкт-Петербурге']
Я хочу закрыть расчётный счёт 40702810900045678901. Какие документы для этого нужны?	[(30, 50, 'Данные об организации/юридическом лице (ИНН, КПП, ОГРН, БИК, адреса, расчётный счёт)')]	['40702810900045678901']
Мне нужно обновить паспортные данные для счета 40817810600002604859. Это можно сделать онлайн?	[(47, 67, 'Номер банковского счета')]	['40817810600002604859']
Мне нужна справка о закрытии счета в Промсвязьбанке, как ее получить быстро?	[(37, 51, 'Наименование банка')]	['Промсвязьбанке']
К сожалению, мы не храним пароли в открытом виде и не можем их сообщить. Вы можете только сбросить текущий и установить новый.	[]	[]
Мне пришёл код 567890 для входа, но я его не запрашивал. Кто-то пытается войти в мой аккаунт?	[(15, 21, 'Одноразовые коды')]	['567890']
У меня виза 77 1234567. Могу ли я получить дебетовую карту с доставкой на дом?	[(12, 22, 'Разрешение на работу / визу')]	['77 1234567']
Нужно ли мне сообщать вам о смене СНИЛС, если он теперь 232-454-676 50?	[(56, 70, 'СНИЛС клиента')]	['232-454-676 50']
Я гражданин Кыргызстана. Могу ли я оформить кредит наличными?	[(12, 23, 'Гражданство и названия стран')]	['Кыргызстана']
Помимо разрешения 84 3210987, вам потребуется паспорт и миграционная карта. Приходите в отделение, мы поможем.	[(18, 28, 'Разрешение на работу / визу')]	['84 3210987']
Здравствуйте. Вы можете обновить информацию о разрешении 19 6785901 через мобильное приложение или в любом отделении банка, предоставив новый документ.	[(57, 67, 'Разрешение на работу / визу')]	['19 6785901']
Вероятно, повреждена магнитная полоса вашей карты. Мы можем заказать вам перевыпуск, это займет несколько дней.	[]	[]
Я поменял фамилию, и мне выдали новый ИНН 503012345678. Нужно ли обновить данные в банке по ИП?	[(42, 54, 'Сведения об ИНН')]	['503012345678']
Хочу заблокировать доступ к интернет-банку для карты 4808901234567890. Кажется, кто-то пытался войти.	[(53, 69, 'Номер карты')]	['4808901234567890']
Попробуйте восстановить пароль через форму на сайте. Если проблема не решится, обратитесь в службу поддержки.	[]	[]
Могу ли я изменить лимит на ежедневные операции по счету 40817810100000002222?	[(57, 77, 'Номер банковского счета')]	['40817810100000002222']
Вы можете отправить скан новой визы 93 3210987 через форму обратной связи в личном кабинете или посетить отделение.	[(36, 46, 'Разрешение на работу / визу')]	['93 3210987']
На старом терминале в магазине одежды постоянно выдает ошибку Track 1: %B1234567890123456^PETROVA/OLGA^30072010000000000000?.	[(71, 124, 'Содержимое магнитной полосы')]	['%B1234567890123456^PETROVA/OLGA^30072010000000000000?']
Изменение ПИН-кода на старой карте не повлияет на ПИН новой карты, которую вы получите. Новая карта будет иметь свой уникальный ПИН-код.	[]	[]
Хочу изменить ПИН-код 6060, но не могу найти эту опцию в мобильном приложении. Где она находится?	[(22, 26, 'ПИН код')]	['6060']
Мои паспортные данные: серия 4519 номер 131415. Почему я не могу получить новый PIN-код?	[(29, 33, 'Паспортные данные'), (40, 46, 'Паспортные данные')]	['4519', '131415']
Вы можете оформить дополнительную карту в мобильном приложении или в отделении банка. Это займёт немного времени.	[]	[]
Карта с датой 06/23 действительно уже недействительна. Вам необходимо заказать новую карту, так как автоматический перевыпуск мог быть отменён.	[(14, 19, 'Дата окончания срока действия карты')]	['06/23']
Это может быть временный сбой. Пожалуйста, предоставьте оригинал свидетельства для сверки данных.	[]	[]
Моё кодовое слово Спутник. Я хочу узнать, кто может его запросить у меня?	[(18, 25, 'Кодовые слова')]	['Спутник']
Хочу оформить доверенность на родственника. Мои данные ВУ: 34 56 789012. Какие документы нужны еще?	[(59, 71, 'Водительское удостоверение')]	['34 56 789012']
"Уведомления о поступлениях для ИНН 503700000036 можно настроить в разделе ""Настройки"" в мобильном приложении или интернет-банке."	[(35, 47, 'Сведения об ИНН')]	['503700000036']
При открытии счета я указывал вид на жительство 830123456. Могу ли я получить выписку за прошлый месяц?	[(48, 57, 'Серия и номер вида на жительство')]	['830123456']
Информацию о бонусах и условиях программы лояльности можно найти в разделе 'Мои бонусы' в мобильном приложении.	[]	[]
CVV 585 на кредитной карте и на дебетовой — это одно и то же?	[(4, 7, 'CVV/CVC')]	['585']
Мне нужно подтверждение перевода средств из Сбербанка для суда. Где я могу получить такую справку?	[(44, 53, 'Наименование банка')]	['Сбербанка']
Спасибо за информацию. Мы уже направили техническую службу для устранения неисправности. Приносим извинения за временные неудобства.	[]	[]
Изменения в СБП не зависят от даты регистрации. Обновите данные в банке, чтобы избежать проблем с обслуживанием.	[]	[]
Проверьте папку «Спам» или повторите запрос через 5 минут. Если проблема сохранится, мы отправим код на +7 (999) 240-15-18 вручную.	[(104, 122, 'Номер телефона')]	['+7 (999) 240-15-18']
"Да, вы можете отменить заявку в мобильном приложении в разделе ""Мои кредиты"" или по телефону."	[]	[]
Вероятно, система не принимает секунды в поле времени. Попробуйте ввести 15.06.1988 11:22, это должно помочь.	[(73, 75, 'Дата рождения')]	['15']
Сотрудник банка, мой СНИЛС 910-123-456 36 был украден. Что мне предпринять?	[(27, 41, 'СНИЛС клиента')]	['910-123-456 36']
Мне нужно проверить, зарегистрировано ли мое водительское удостоверение 97 68 000010 в вашей системе. Я не уверен.	[(72, 84, 'Водительское удостоверение')]	['97 68 000010']
Курьер вернул мою карту, так как не смог найти адрес: Калининградская область, город Калининград, Ленинский проспект, дом 130, корпус 2.	[(54, 77, 'Полный адрес'), (79, 96, 'Полный адрес'), (98, 116, 'Полный адрес'), (118, 125, 'Полный адрес'), (127, 135, 'Полный адрес')]	['Калининградская область', 'город Калининград', 'Ленинский проспект', 'дом 130', 'корпус 2']
Кнопка смены пароля обычно находится в разделе «Профиль», «Настройки безопасности» или «Управление доступом».	[]	[]
Мой API ключ 'WEB_INTEGRATION_KEY_007' перестал работать после обновления вашего API. Это связано с изменениями в протоколе?	[(14, 37, 'API ключи')]	['WEB_INTEGRATION_KEY_007']
Я не получил карту, которую заказывал. Ее должны были привезти по адресу: город Санкт-Петербург, Калининский район, Гражданский проспект, дом 11, строение 1.	[(74, 95, 'Полный адрес'), (97, 114, 'Полный адрес'), (116, 136, 'Полный адрес'), (138, 144, 'Полный адрес'), (146, 156, 'Полный адрес')]	['город Санкт-Петербург', 'Калининский район', 'Гражданский проспект', 'дом 11', 'строение 1']
Что произойдёт с автоплатежами, если карта истекает в 10/25?	[(54, 59, 'Дата окончания срока действия карты')]	['10/25']
Попробуйте переустановить приложение. Если проблема сохранится, обратитесь в службу поддержки с деталями.	[]	[]
Могу ли я получить наличные в банкомате, если карта заблокирована, а у меня только временное удостоверение 556677889900?	[(107, 119, 'Временное удостоверение личности')]	['556677889900']
Комиссия зависит от типа вашей карты. Уточните, пожалуйста, название вашей карты.	[]	[]
Для подтверждения крупного перевода может потребоваться дополнительная верификация. Следуйте инструкциям системы.	[]	[]
Я хочу узнать остаток по кредиту, но меня просят кодовое слово. У меня было «Тень».	[(77, 81, 'Кодовые слова')]	['Тень']
При регистрации в приложении другого банка, мое имя SOFIA MELNIKOVA не проходит проверку.	[(52, 67, 'Имя держателя карты')]	['SOFIA MELNIKOVA']
Да, вы можете заказать детализацию в формате PDF в интернет-банке. Она будет доступна для скачивания сразу после формирования.	[]	[]
Могу ли я изменить личные данные для Алиева Марата через онлайн-банк? Отчество поменялось.	[(37, 43, 'ФИО'), (44, 50, 'ФИО')]	['Алиева', 'Марата']
Вам необходимо срочно заблокировать старый номер и привязать новый. Вы можете сделать это в отделении или через контакт-центр.	[]	[]
Мне нужна справка для Орлова Владимира об отсутствии задолженности по кредиту. Можете выдать?	[(22, 28, 'ФИО'), (29, 38, 'ФИО')]	['Орлова', 'Владимира']
Вы можете сделать это, предоставив новый паспорт или справку о регистрации в любом нашем отделении.	[]	[]
Мне нужно отправить реквизиты для перевода на почту buhgalter@company.com. Можете помочь?	[(52, 73, 'Email')]	['buhgalter@company.com']
Моя временная регистрация действует до 18 августа 2025 года. Могу ли я оформить ипотеку?	[(39, 59, 'Дата регистрации по месту жительства или пребывания')]	['18 августа 2025 года']
Мне должен прийти перевод из другого банка, но он задерживается. Может, они неправильно указали имя? Моя карта на ALINA AFANASYEVA.	[(114, 130, 'Имя держателя карты')]	['ALINA AFANASYEVA']
Хорошо. Для этого потребуется привязать ваш документ. Укажите 9988776655 в соответствующем разделе мобильного приложения.	[(62, 72, 'Водительское удостоверение')]	['9988776655']
Выписка по вашему ИНН 503312345678 будет сформирована и отправлена на электронную почту в течение нескольких минут.	[(22, 34, 'Сведения об ИНН')]	['503312345678']
Да, пополнение счета возможно через терминалы партнеров. Уточните список на нашем сайте.	[]	[]
Обновить КПП можно через личный кабинет, приложив соответствующие документы. Это займёт немного времени.	[]	[]
При попытке входа в личный кабинет выдаёт ошибку, что данные не совпадают. Моя виза 72 9012345.	[(84, 94, 'Разрешение на работу / визу')]	['72 9012345']
Возможно, данные не были обновлены. Уточните, пожалуйста, орган выдачи и код подразделения.	[]	[]
Я хочу установить лимит на переводы по СБП для номера +79261112233.	[(54, 66, 'Номер телефона')]	['+79261112233']
Получил код 345678 для активации функции, но не успел ввести. Можно ли его использовать повторно?	[(12, 18, 'Одноразовые коды')]	['345678']
Возможно, API ключ API_SECURE_PAY_XYZ требует перевыпуска или обновления настроек для совместимости с новым протоколом.	[(19, 37, 'API ключи')]	['API_SECURE_PAY_XYZ']
Для подтверждения операции по телефону могут запросить данные вашего временного удостоверения. Будьте готовы их назвать.	[]	[]
Для бесконтактной оплаты через терминал нужно вводить CVV 445?	[(58, 61, 'CVV/CVC')]	['445']
Проверьте, пожалуйста, все данные. Возможно, вы перепутали цифры или буквы при вводе информации.	[]	[]
Мне пришло СМС о попытке снятия наличных с моей карты с ПИН 6006, но я сейчас на работе. Это мошенничество?	[(60, 64, 'ПИН код')]	['6006']
Убедитесь, что карта активна и на ней есть небольшой баланс для проверочной транзакции. Попробуйте еще раз.	[]	[]
Моё место рождения Липецк. При оформлении страховки, мне сказали, что нужно дозаполнить анкету. Какое поле?	[(19, 25, 'Место рождения')]	['Липецк']
Проверю, почему транзакция, выполненная с pk_test_a1b2c3d4e5f6g7h8i9j0k1l2m3n4o5p6, не отображается. Возможно, она еще обрабатывается.	[(42, 82, 'API ключи')]	['pk_test_a1b2c3d4e5f6g7h8i9j0k1l2m3n4o5p6']
Я гражданин Украины, но сейчас живу в Польше. Могу ли я открыть счёт в вашем банке удалённо?	[(12, 19, 'Гражданство и названия стран'), (38, 44, 'Гражданство и названия стран')]	['Украины', 'Польше']
Я сегодня утром переводил деньги на номер 8-905-678-90-12 через мобильный банк. Можете подтвердить, что операция прошла успешно?	[(42, 57, 'Номер телефона')]	['8-905-678-90-12']
Хорошо, мы зафиксировали ваш новый адрес. Изменения будут внесены в течение рабочего дня.	[]	[]
Ваша заявка на увеличение кредитного лимита находится на рассмотрении. Решение будет принято в течение нескольких дней.	[]	[]
Могу ли я открыть инвестиционный счёт в вашем банке, если у меня виза 16 6784901 и я являюсь нерезидентом РФ?	[(70, 80, 'Разрешение на работу / визу')]	['16 6784901']
Вам нужно подать заявление об изменении юридического адреса. Приложите подтверждающие документы через личный кабинет.	[]	[]
Отлично, для регистрации в ДБО укажите ИНН 7720123456. Мы проверим его и активируем ваш доступ.	[(43, 53, 'Сведения об ИНН')]	['7720123456']
Мне не пришла выписка по счету. Она должна была прийти на адрес: Санкт-Петербург, Невский проспект, дом 102, корпус 3, почтовый индекс 191025.	[(65, 80, 'Полный адрес'), (82, 98, 'Полный адрес'), (100, 107, 'Полный адрес'), (109, 117, 'Полный адрес'), (135, 141, 'Полный адрес')]	['Санкт-Петербург', 'Невский проспект', 'дом 102', 'корпус 3', '191025']
Проверьте, активирована ли функция бесконтактной оплаты в приложении. Если да, возможно, проблема в терминале, а не в дате 09.25.	[(123, 128, 'Дата окончания срока действия карты')]	['09.25']
Моё кодовое слово Алмаз. Я хочу перевыпустить карту, нужно ли будет его называть?	[(18, 23, 'Кодовые слова')]	['Алмаз']
При попытке совершить крупную покупку, транзакция отклонилась. В отчете увидел EMV-данные: 5F2A020643. Что это?	[(91, 101, 'Содержимое магнитной полосы')]	['5F2A020643']
Мой день рождения 12 декабря, и я помню, что родился ровно в 55 секунд. Это важно?	[(18, 20, 'Дата рождения'), (21, 28, 'Дата рождения'), (61, 63, 'Дата рождения')]	['12', 'декабря', '55']
Пожалуйста, уточните номер перевода. Мы проверим статус операции и выясним, почему возникла задержка с переводом в Узбекистан.	[(115, 125, 'Гражданство и названия стран')]	['Узбекистан']
Снять деньги с заблокированной карты можно только в кассе банка. Предъявите ваш документ.	[]	[]
Мой аккаунт заблокирован после нескольких попыток ввода пароля P@ssw0rd2024!. Как его разблокировать?	[(63, 76, 'Пароли')]	['P@ssw0rd2024!']
К сожалению, мы не можем предоставить ИНН третьих лиц. Вы можете запросить его напрямую у партнера или найти в открытых источниках.	[]	[]
Мне нужно срочно заблокировать детскую карту. Номер свидетельства XVIII-ВГ 098765. Как это сделать?	[(66, 81, 'Свидетельство о рождении')]	['XVIII-ВГ 098765']
Я ввел CVV 929, но мне написали, что срок действия карты истек. Это связано?	[(11, 14, 'CVV/CVC')]	['929']
Пожалуйста, проверьте правильность ввода номера. Возможно, допущена опечатка. Убедитесь, что вы вводите его точно как в документе.	[]	[]
Вы можете сравнить права dev_key_zXyWvU1tS2rQ3pP4oN5mK6jI7hG8fE9dC с другим ключом в разделе 'Управление API'.	[(25, 66, 'API ключи')]	['dev_key_zXyWvU1tS2rQ3pP4oN5mK6jI7hG8fE9dC']
Мне нужно перевести деньги родственнику в Украину. Какие есть ограничения для граждан России?	[(42, 49, 'Гражданство и названия стран'), (86, 92, 'Гражданство и названия стран')]	['Украину', 'России']
Код уже недействителен. Запросите новый код и введите его в течение трёх минут.	[]	[]
Вчера вечером заметил, что API-ключ AIzaSyD0Yc5L8XpQ2M3Z0d1FvX8aJbT5rM6U для доступа к статистике платежей перестал работать. Можете помочь разобраться?	[(36, 72, 'API ключи')]	['AIzaSyD0Yc5L8XpQ2M3Z0d1FvX8aJbT5rM6U']
Да, в документации по app_key_prod_abcdef0123456789ABCDEF есть примеры запросов и ответов. Могу прислать вам ссылку.	[(22, 57, 'API ключи')]	['app_key_prod_abcdef0123456789ABCDEF']
Понял, это данные второй дорожки магнитной полосы. Возможно, она повреждена, попробуйте воспользоваться чипом или оформить перевыпуск карты.	[]	[]
Пусть попробует активировать через банкомат или по телефону горячей линии. Я могу проконсультировать.	[]	[]
Я ввел ПИН 8888 в банкомате, но операция была отклонена. Карта не заблокирована.	[(11, 15, 'ПИН код')]	['8888']
Уточните, пожалуйста, дату и время последней успешной транзакции с использованием API ключа API_CLIENT_XYZ_DEV.	[(92, 110, 'API ключи')]	['API_CLIENT_XYZ_DEV']
Да, это дополнительная мера безопасности для подтверждения операций через СБП. Убедитесь, что вводите его правильно.	[]	[]
Иногда после обновлений Telegram старые токены могут стать недействительными. Сгенерируйте новый токен через @BotFather.	[]	[]
Мы можем вас идентифицировать по другим данным, помимо кодового слова. Пожалуйста, назовите фамилию, имя, отчество и дату рождения.	[]	[]
Да, обе ваши карты, с датой 12/28 и 03/27, будут перевыпущены автоматически. Не беспокойтесь об этом.	[(28, 33, 'Дата окончания срока действия карты'), (36, 41, 'Дата окончания срока действия карты')]	['12/28', '03/27']
Да, мы можем выдать вам справку о действующей регистрации по вашему запросу.	[]	[]
Мой перевод в Промсвязьбанк задерживается уже второй день. Что делать?	[(14, 27, 'Наименование банка')]	['Промсвязьбанк']
Я не могу снять деньги в банкомате Ак Барс Банка, пишет «операция отклонена». В чем проблема?	[(35, 48, 'Наименование банка')]	['Ак Барс Банка']
"Я получил СМС с кодом подтверждения, но не могу вспомнить свой пароль ""MyP@sswordForTransfers"" для подтверждения перевода."	[(71, 93, 'Пароли')]	['MyP@sswordForTransfers']
Да, вы можете оформить вклад, но после 20 июня вам потребуется обновить данные о регистрации.	[]	[]
В моих данных ошибка, указано, что я родился в Красноярске, а на самом деле в Красноярском крае.	[(47, 58, 'Место рождения'), (78, 95, 'Место рождения')]	['Красноярске', 'Красноярском крае']
Мне нужно изменить личные данные, привязанные к счету 40702810312123234343. Как это сделать?	[(54, 74, 'Номер банковского счета')]	['40702810312123234343']
Для изменения пароля корпоративного счета, пожалуйста, войдите в систему под своей учетной записью и перейдите в раздел управления безопасностью.	[]	[]
У меня разрешение на работу 88 7788991. Могу ли я оформить потребительский кредит онлайн?	[(28, 38, 'Разрешение на работу / визу')]	['88 7788991']
Забыл, какое разрешение на работу 71 3322110 я указывал при открытии вклада. Можете подсказать?	[(34, 44, 'Разрешение на работу / визу')]	['71 3322110']
Я родился 13 декабря 1986 года. При регистрации указал эту дату, но она не сохранилась.	[(10, 12, 'Дата рождения'), (13, 20, 'Дата рождения'), (21, 25, 'Дата рождения')]	['13', 'декабря', '1986']
Кэшбэк обычно начисляется до 10 числа следующего месяца. Проверьте историю начислений в приложении.	[]	[]
Я хочу подключить СМС-уведомления. Нужно ли для этого подтверждение по разрешению на работу 72 5013982?	[(92, 102, 'Разрешение на работу / визу')]	['72 5013982']
При покупке онлайн меня попросили ввести ПИН-код 3456 для подтверждения операции, это нормально? Я думал, нужен только CVC.	[(49, 53, 'ПИН код')]	['3456']
Мне нужно исправить место рождения с Ульяновска на Барнаул. Это возможно через чат-бота?	[(37, 47, 'Место рождения'), (51, 58, 'Место рождения')]	['Ульяновска', 'Барнаул']
Это код валюты транзакции. Он показывает, в какой валюте была совершена операция. Проблема, скорее всего, не в этом поле.	[]	[]
Да, конечно. Вы можете привязать номер 89031234567 к вашей новой дебетовой карте. Сделать это можно через мобильное приложение.	[(39, 50, 'Номер телефона')]	['89031234567']
Вы можете заказать перевыпуск карты через мобильное приложение или в отделении банка.	[]	[]
Мне нужно получить копии документов по моему счёту. Мой временный документ 78901234.	[(75, 83, 'Временное удостоверение личности')]	['78901234']
Убедитесь, что вы правильно вводите формат даты, возможно, сервис требует другой формат, например, ГГ/ММ.	[]	[]
Для доступа к защищенным документам вам потребуется восстановить пароль через специальную форму на сайте или по звонку.	[]	[]
Я зарегистрирован по новому адресу 12.10.2023. Почему я не могу войти в мобильное приложение?	[(35, 45, 'Дата регистрации по месту жительства или пребывания')]	['12.10.2023']
Моя карта истекает в январе 2026 года (01/26). Я могу уже сейчас заказать её перевыпуск?	[(31, 32, 'Дата окончания срока действия карты'), (39, 44, 'Дата окончания срока действия карты')]	['6', '01/26']
На обратной стороне карты стёрся CVV. Я помню, что там было 789. Можно ли мне использовать карту для онлайн-покупок?	[(60, 63, 'CVV/CVC')]	['789']
Мы проверили данные по ВУ 0123456789. Все в порядке, можете продолжить продление срока действия.	[(26, 36, 'Водительское удостоверение')]	['0123456789']
Изменения внесены. Все будущие документы будут отправляться по новому адресу. Могу ли я еще чем-то помочь?	[]	[]
Подключение СМС-уведомлений не требует подтверждения по разрешению на работу 72 5013982. Это можно сделать в мобильном приложении или через контакт-центр.	[(77, 87, 'Разрешение на работу / визу')]	['72 5013982']
Проверьте, что вы находитесь в зоне действия сети и вводите код без ошибок. Если проблема сохраняется, перезвоните нам.	[]	[]
Мой паспорт выдан УФМС России по г. Москве по району Северное Бутово. Не могу получить онлайн-консультацию.	[(18, 68, 'Паспортные данные')]	['УФМС России по г. Москве по району Северное Бутово']
Данные на EMV-чипе, такие как сумма авторизации, генерируются для каждой транзакции. Сам чип не обновляется пользователем, только при перевыпуске карты.	[]	[]
Да, вы можете поменять валюту счета. Обратитесь в отделение банка с вашим документом для оформления.	[]	[]
Да, это часть криптограммы EMV чипа, она используется для защиты вашей транзакции. Не беспокойтесь, это стандартная процедура.	[]	[]
Убедитесь, что вы вводите код в соответствующее поле для СМС-кода, а не в поле для пароля.	[]	[]
Понял вас. Для изменения данных потребуется ваше заявление и скан паспорта. Можете прислать их через форму обратной связи.	[]	[]
Не приходят уведомления о транзакциях. Это может быть связано с API ключом API_NOTIFICATIONS_SERVICE_V3?	[(75, 103, 'API ключи')]	['API_NOTIFICATIONS_SERVICE_V3']
У меня запросили подтверждение легального пребывания. Могу ли я предоставить разрешение на работу 91 1234567?	[(98, 108, 'Разрешение на работу / визу')]	['91 1234567']
Моя карта СМП Банка была заблокирована за границей, что делать в этой ситуации?	[(10, 19, 'Наименование банка')]	['СМП Банка']
Да, ваша жена, гражданка Индонезии, может оформить дополнительную карту к уже существующему счёту, предоставив паспорт.	[(25, 34, 'Гражданство и названия стран')]	['Индонезии']
Я нахожусь в Германии и потерял карту. Могут ли мне перевыпустить карту и отправить в Германию?	[(13, 21, 'Гражданство и названия стран'), (86, 94, 'Гражданство и названия стран')]	['Германии', 'Германию']
У меня остался старый вклад в Бинбанке, что с ним сейчас? Куда мне обращаться?	[(30, 38, 'Наименование банка')]	['Бинбанке']
Да, вы можете заказать выписку в личном кабинете или обратиться в отделение банка с паспортом.	[]	[]
Я не могу получить кэшбэк по автозаправкам. Может, проблема в том, что я не указал водительское 90 80 706050?	[(96, 108, 'Водительское удостоверение')]	['90 80 706050']
Мы участвуем в тендере, и нам нужно подтверждение ИНН 7730123456 от банка. Можете выдать?	[(54, 64, 'Сведения об ИНН')]	['7730123456']
Для перевыпуска карты мне нужен код 135790, но он не приходит. Как мне быть?	[(36, 42, 'Одноразовые коды')]	['135790']
Неверная дата рождения может вызвать проблемы с верификацией. Рекомендуем обновить её в ближайшем отделении.	[]	[]
Да, можете. Данные подтверждены. Ваша операция успешно завершена.	[]	[]
Подскажите, при перевыпуске карты нужно заново вводить данные водительского 55 44 332211?	[(76, 88, 'Водительское удостоверение')]	['55 44 332211']
Хочу оформить доверенность на ребёнка, но система требует его свидетельство XIX-ОР 678901, которое уже введено.	[(76, 89, 'Свидетельство о рождении')]	['XIX-ОР 678901']
Для исправления ИНН необходимо предоставить подтверждающие документы. Это можно сделать в отделении или онлайн.	[]	[]
CVV 142 не подлежит изменению. Для получения нового кода необходимо перевыпустить кредитную карту.	[(4, 7, 'CVV/CVC')]	['142']
Это указывает на повреждение магнитной полосы. Попробуйте оплатить чипом или перевыпустить карту.	[]	[]
Я пытаюсь подтвердить привязку новой карты, но код 369014 не приходит на мой телефон.	[(51, 57, 'Одноразовые коды')]	['369014']
Как я могу узнать, какой ПИН 3003 у моей старой карты, которую я не использовал несколько лет?	[(29, 33, 'ПИН код')]	['3003']
Как мне привязать новую карту к моему счету, если у меня паспорт серии 4519 номер 012345, выдан 25 ноября 2017 года с кодом подразделения 770-030. Надеюсь на вашу помощь.	[(71, 75, 'Паспортные данные'), (82, 88, 'Паспортные данные'), (96, 115, 'Паспортные данные'), (138, 145, 'Паспортные данные')]	['4519', '012345', '25 ноября 2017 года', '770-030']
Да, мы можем подтвердить ваш ИНН 772712345678. Вам нужна справка или просто устное подтверждение?	[(33, 45, 'Сведения об ИНН')]	['772712345678']
Немедленно заблокируйте карту через мобильное приложение или по телефону горячей линии. Ваша безопасность - наш приоритет.	[]	[]
Мне нужно обновить данные своего вида на жительство 83 6000006, так как он был перевыпущен.	[(52, 62, 'Серия и номер вида на жительство')]	['83 6000006']
Пожалуйста, проверьте раздел «Безопасность» или «Профиль» в личном кабинете, там должна быть опция смены кодового слова.	[]	[]
Я переживаю, что мой СНИЛС 707-808-909 00 мог попасть к мошенникам. Можно ли его заблокировать?	[(27, 41, 'СНИЛС клиента')]	['707-808-909 00']
Мне нужны налоговые документы за прошлый год. Можете отправить их на alina.fedorova@inbox.ru?	[(69, 92, 'Email')]	['alina.fedorova@inbox.ru']
Проблема с доступом к API, кажется, связана с ключом bk_api_key_QWERT1Y2U3I4O5P6A7S8D9F0G1H2. Он был активен вчера.	[(53, 92, 'API ключи')]	['bk_api_key_QWERT1Y2U3I4O5P6A7S8D9F0G1H2']
Я не могу расплатиться картой в кафе, хотя срок действия 07.27. В чем причина?	[(57, 62, 'Дата окончания срока действия карты')]	['07.27']
Я родился 12 мая 1990 года. Почему мне не одобряют кредит, если все данные верны?	[(10, 12, 'Дата рождения'), (13, 16, 'Дата рождения'), (17, 21, 'Дата рождения')]	['12', 'мая', '1990']
Для блокировки карты, пожалуйста, назовите номер карты и последние операции. Водительское удостоверение 42 16 000305 не является кодовым словом для этой процедуры.	[(104, 116, 'Водительское удостоверение')]	['42 16 000305']
Могу ли я узнать свой СНИЛС 708-910-123 14 через банкомат?	[(28, 42, 'СНИЛС клиента')]	['708-910-123 14']
ПИН-код от карты, привязанной к счету 40817810901234567890, можно восстановить или изменить в мобильном приложении, в разделе управления картой.	[(38, 58, 'Номер банковского счета')]	['40817810901234567890']
Пытаюсь подтвердить перевод на сумму 50000 рублей, но код 776543 не принимается.	[(58, 64, 'Одноразовые коды')]	['776543']
Мне не приходят бумажные выписки на почтовый адрес 123456, г. Казань, ул. Баумана, д. 20, кв. 5. В чем проблема доставки?	[(51, 95, 'Данные об организации/юридическом лице (ИНН, КПП, ОГРН, БИК, адреса, расчётный счёт)')]	['123456, г. Казань, ул. Баумана, д. 20, кв. 5']
Да, для получения справки о состоянии счета потребуется подтвердить личность. Водительское удостоверение 49 10 000005 подойдет для этого в отделении банка.	[(105, 117, 'Водительское удостоверение')]	['49 10 000005']
Вчера я пытался перевести деньги на счет своего ребенка, но операция не прошла. Это из-за ошибки в свидетельстве о рождении XXIV-МЮ 101102?	[(124, 138, 'Свидетельство о рождении')]	['XXIV-МЮ 101102']
Где можно получить документы по ипотеке? Мне сказали, что они будут доставлены на адрес: Ленинградская область, город Гатчина, проспект 25 Октября, дом 45, строение 1.	[(89, 110, 'Полный адрес'), (112, 125, 'Полный адрес'), (127, 146, 'Полный адрес'), (148, 154, 'Полный адрес'), (156, 166, 'Полный адрес')]	['Ленинградская область', 'город Гатчина', 'проспект 25 Октября', 'дом 45', 'строение 1']
Вы можете временно отключить уведомления для номера 8 (903) 123-45-67 в настройках вашего профиля. Не забудьте включить их по возвращении.	[(52, 69, 'Номер телефона')]	['8 (903) 123-45-67']
Проверьте, правильно ли указан юридический адрес г. Новосибирск, ул. Садовая, д. 104к.1 в ваших данных. Возможно, он устарел. Это очень важный вопрос для нас, требующий быстрого решения.	[(49, 87, 'Данные об организации/юридическом лице (ИНН, КПП, ОГРН, БИК, адреса, расчётный счёт)')]	['г. Новосибирск, ул. Садовая, д. 104к.1']
Пожалуйста, проверьте наличие достаточного баланса на счете. Возможно, проблема в лимитах.	[]	[]
Пришло письмо, что нужно обновить данные ребенка, иначе счет заблокируют. Указано свидетельство о рождении XLVI-ГХ 456987.	[(107, 121, 'Свидетельство о рождении')]	['XLVI-ГХ 456987']
Мы не можем назвать ваше кодовое слово по соображениям безопасности. Вы можете его сменить в личном кабинете.	[]	[]
При попытке пополнить электронный кошелек, система запросила CVV 242. Это безопасно?	[(65, 68, 'CVV/CVC')]	['242']
Я хочу перевести деньги на карту другого банка. Нужно указывать имя TIMUR GAYNULLIN?	[(68, 83, 'Имя держателя карты')]	['TIMUR GAYNULLIN']
Я сменил налоговое резидентство на Кипр. Нужно ли мне уведомить банк об изменении налогового резидентства на Кипр?	[(35, 39, 'Гражданство и названия стран'), (109, 113, 'Гражданство и названия стран')]	['Кипр', 'Кипр']
Я ИП, мой ИНН 540645607901. Мне нужно обновить данные для подключения к эквайрингу. Куда обращаться?	[(14, 26, 'Сведения об ИНН')]	['540645607901']
Отлично, я зафиксировал эти данные. Пожалуйста, также укажите дату выдачи документа.	[]	[]
В анкете указано Липецк, хотя я родился в Кирове. Что делать?	[(17, 23, 'Место рождения'), (42, 48, 'Место рождения')]	['Липецк', 'Кирове']
Банк запросил VIN XTA219000J0123456 для дополнительной проверки. Подтверждаю его.	[(18, 35, 'Данные об автомобиле клиента')]	['XTA219000J0123456']
Я родился 13 числа. В моих данных указано 31. Это ошибка.	[(10, 12, 'Дата рождения'), (42, 44, 'Дата рождения')]	['13', '31']
Подскажите, пожалуйста, где найти наш OAuth 2.0 Client Secret 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? Он нужен для новой интеграции.	[(62, 97, 'API ключи')]	['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']
Наша организация, ИНН 1601234567, хочет подключить услугу инкассации. Какие шаги нужно предпринять?	[(22, 32, 'Сведения об ИНН')]	['1601234567']
Я получил новую карту, но на ней срок действия 06/28, а на старой был 06/25. Почему такая разница?	[(47, 52, 'Дата окончания срока действия карты'), (70, 75, 'Дата окончания срока действия карты')]	['06/28', '06/25']
Мне нужно изменить номер для получения СМС-паролей с 89101234567 на 89107654321.	[(53, 64, 'Номер телефона'), (68, 79, 'Номер телефона')]	['89101234567', '89107654321']
Желательно уведомить банк о планируемых поездках, чтобы избежать блокировки карты при подозрительных операциях.	[]	[]
Проверю информацию по поступлению средств на ваш счет 40702810512345678901. Уточните, пожалуйста, дату и время отправки.	[(54, 74, 'Номер банковского счета')]	['40702810512345678901']
Моя карта перестала работать в терминале на заправке. Ошибка чтения Track 2: 6000111122223333=2711201000000000000. Что делать?	[(77, 113, 'Содержимое магнитной полосы')]	['6000111122223333=2711201000000000000']
Похоже, мой ПИН 4444 мог стать известен третьим лицам. Что мне делать в такой ситуации?	[(16, 20, 'ПИН код')]	['4444']
Ни в коем случае не переходите по ссылке! Банк никогда не запрашивает подтверждение паролей по электронной почте. Это фишинг.	[]	[]
"Мой пароль ""CorporateP@ss"" для корпоративного кабинета не подходит после обновления системы. Что делать?"	[(12, 25, 'Пароли')]	['CorporateP@ss']
Я родился в среду, 24 февраля 1979 года. Мне пришла СМС с вопросом о дне недели рождения. Это безопасно?	[(12, 17, 'Дата рождения'), (19, 21, 'Дата рождения'), (22, 39, 'Дата рождения')]	['среду', '24', 'февраля 1979 года']
Хочу уточнить, наша организация с ИНН 7703123456 зарегистрирована в вашем банке и активна?	[(38, 48, 'Данные об организации/юридическом лице (ИНН, КПП, ОГРН, БИК, адреса, расчётный счёт)')]	['7703123456']
Все необходимые реквизиты для международных переводов доступны в вашем личном кабинете или на сайте.	[]	[]
Проверьте правильность ввода кода. Иногда из-за опечатки он не принимается системой.	[]	[]
Для обновления адресов г. Екатеринбург, ул. Мира, д. 23 и 620000, г. Екатеринбург, ул. Мира, д. 23 необходимо заполнить заявление на сайте. Прикрепите подтверждающие документы.	[(23, 55, 'Данные об организации/юридическом лице (ИНН, КПП, ОГРН, БИК, адреса, расчётный счёт)'), (58, 98, 'Данные об организации/юридическом лице (ИНН, КПП, ОГРН, БИК, адреса, расчётный счёт)')]	['г. Екатеринбург, ул. Мира, д. 23', '620000, г. Екатеринбург, ул. Мира, д. 23']
"Выписку по счёту для организации с ИНН 7711462002 можно заказать в личном кабинете в разделе ""Документы"". Она будет доступна для скачивания в течение нескольких минут."	[(39, 49, 'Данные об организации/юридическом лице (ИНН, КПП, ОГРН, БИК, адреса, расчётный счёт)')]	['7711462002']
Хорошо, я вижу ваш запрос. Проверю информацию по водительскому удостоверению 0023831441 и свяжусь с вами в ближайшее время.	[(77, 87, 'Водительское удостоверение')]	['0023831441']
Я хочу поменять CVV 142 на своей кредитной карте. Как это сделать?	[(20, 23, 'CVV/CVC')]	['142']
Подозрительная активность по моему СНИЛС 232-454-676 00 была замечена. Что делать?	[(41, 55, 'СНИЛС клиента')]	['232-454-676 00']
Вы можете изменить этот пароль в разделе «Настройки безопасности» или «Управление доступом» в вашем онлайн-банке. Это поможет повысить конфиденциальность.	[]	[]
Да, адрес elena.novikova@mail.ru указан как контактный. Возможно, рассылки были отключены в настройках.	[(10, 32, 'Email')]	['elena.novikova@mail.ru']
Хочу временно заблокировать карту 5234567890123456 на время отпуска. Как это сделать без обращения в банк?	[(34, 50, 'Номер карты')]	['5234567890123456']
При перевыпуске карты изменится ли мой CVV? Старый был 135.	[(55, 58, 'CVV/CVC')]	['135']
Подаю заявку на автокредит. Мне нужно указать номер водительского удостоверения, это 9301 254789.	[(85, 96, 'Водительское удостоверение')]	['9301 254789']
Для ипотеки требуется не только разрешение 85 9012345, но и справка 2-НДФЛ или аналогичный документ.	[(43, 53, 'Разрешение на работу / визу')]	['85 9012345']
Да, с 26 февраля 1976 года вы достигли определённого возраста. Проверим доступные льготы для вас.	[(6, 8, 'Дата рождения'), (9, 16, 'Дата рождения'), (17, 21, 'Дата рождения')]	['26', 'февраля', '1976']
Я хочу изменить лимит на онлайн-покупки. Потребуется ли мне вводить данные разрешения на работу 75 5013982 для этого?	[(96, 106, 'Разрешение на работу / визу')]	['75 5013982']
Моя карта YULIA FILATOVA пришла с опечаткой в фамилии. Что мне делать?	[(10, 24, 'Имя держателя карты')]	['YULIA FILATOVA']
Хочу проверить, правильно ли указано моё место рождения. Я родился в Новосибирске.	[(69, 81, 'Место рождения')]	['Новосибирске']
Привязка счетов возможна только при полном совпадении данных. Убедитесь, что все поля заполнены верно.	[]	[]
Я совершил перевод на имя Яны Соловьевой, но указал неверный номер телефона. Как исправить?	[(26, 29, 'ФИО'), (30, 40, 'ФИО')]	['Яны', 'Соловьевой']
Я планирую поездку в Египет в следующем месяце. Нужно ли мне сообщать банку о поездке в Египет?	[(21, 27, 'Гражданство и названия стран')]	['Египет']
Это указывает на проблему с магнитной полосой. Рекомендую использовать чип или бесконтактную оплату, если терминал поддерживает.	[]	[]
Могу ли я снять деньги с банкомата другого банка, если у меня виза 90 6789012?	[(67, 77, 'Разрешение на работу / визу')]	['90 6789012']
Вы можете подписаться на рассылку в личном кабинете, в разделе «Уведомления». Убедитесь, что адрес roman.grigoriev@bk.ru указан верно.	[(99, 120, 'Email')]	['roman.grigoriev@bk.ru']
Для сверки данных вам потребуется пройти идентификацию. Можете назвать кодовое слово или номер договора?	[]	[]
Изменение региона регистрации 19 апреля 2024 года не повлияет на работу Системы быстрых платежей.	[(30, 49, 'Дата регистрации по месту жительства или пребывания')]	['19 апреля 2024 года']
Вы можете сделать это через личный кабинет или в отделении. Мы обновим данные по номеру 7777888899.	[(88, 98, 'Водительское удостоверение')]	['7777888899']
Мы новая организация с ОГРН 1478201584982. Хотим стать вашим клиентом.	[(28, 41, 'Данные об организации/юридическом лице (ИНН, КПП, ОГРН, БИК, адреса, расчётный счёт)')]	['1478201584982']
Для изменения номера автоплатежа с 89067778899 на 89061112233, зайдите в раздел «Автоплатежи» в мобильном приложении.	[(35, 46, 'Номер телефона'), (50, 61, 'Номер телефона')]	['89067778899', '89061112233']
Я не могу вспомнить свой СНИЛС. Кажется, он был 333-222-111 00, но я не уверен. Можете подсказать?	[(48, 62, 'СНИЛС клиента')]	['333-222-111 00']
Для подтверждения личности вам потребуется предоставить оригинал документа. Вы можете сделать это в любом нашем офисе.	[]	[]
Для снятия крупной суммы может потребоваться подтверждение личности. Если вы забыли кодовое слово, мы поможем вам задать новое.	[]	[]
Автоплатеж за коммунальные услуги не прошёл. Может быть, это связано с тем, что карта действительна до 01/25?	[(103, 108, 'Дата окончания срока действия карты')]	['01/25']
"Мы можем скорректировать это. Пожалуйста, предоставьте скан паспорта для подтверждения ""Мурманск""."	[(88, 96, 'Место рождения')]	['Мурманск']
Убедитесь, что вы вводите код 120 именно с той карты, которую пытаетесь привязать. Проверьте правильность.	[(30, 33, 'CVV/CVC')]	['120']
Вы можете сделать это в интернет-банке или в любом отделении нашего банка.	[]	[]
Это 'Application Version Number', номер версии приложения на чипе. Он используется для совместимости и безопасности.	[]	[]
Мне пришло письмо с адресом: Санкт-Петербург, Пушкинский район, улица Садовая, дом 20, офис 5. Это ошибка?	[(29, 44, 'Полный адрес'), (46, 62, 'Полный адрес'), (64, 77, 'Полный адрес'), (79, 85, 'Полный адрес'), (87, 93, 'Полный адрес')]	['Санкт-Петербург', 'Пушкинский район', 'улица Садовая', 'дом 20', 'офис 5']
Добрый день. Информацию о специальных предложениях вы можете найти в личном кабинете или уточнить у сотрудника в отделении.	[]	[]
Хочу получить выписку по детскому счету, но для подтверждения просят номер свидетельства о рождении IV-БЖ 112233, а я его не помню.	[(100, 112, 'Свидетельство о рождении')]	['IV-БЖ 112233']
Возможно, есть задержка в доставке SMS. Попробуйте подождать пару минут и проверить сообщения снова.	[]	[]
По ИНН 7806152864 подозрительных операций не зафиксировано. Все транзакции соответствуют вашим настройкам.	[(7, 17, 'Сведения об ИНН')]	['7806152864']
Я расплачиваюсь картой в магазине, кассир просит CVV 252. Это нормально?	[(53, 56, 'CVV/CVC')]	['252']
Да, мы можем предоставить архивные данные. Уточните, пожалуйста, период, за который нужна выписка.	[]	[]
Мы можем сверить их, если вы назовете полные данные вашего текущего паспорта. Ваша проблема будет решена.	[]	[]
При заполнении формы в банкомате я случайно указал неверную дату регистрации, вместо 01.01.2015 ввел 01.01.2020.	[(85, 95, 'Дата регистрации по месту жительства или пребывания'), (101, 111, 'Дата регистрации по месту жительства или пребывания')]	['01.01.2015', '01.01.2020']
Потерял ПТС. Для восстановления нужен номер шасси. Мой — XTA219000J0123456.	[(57, 74, 'Данные об автомобиле клиента')]	['XTA219000J0123456']
Загранпаспорт серии 7504 номер 242526, выдан 02.02.2020. Почему не могу оформить доверенность?	[(20, 24, 'Паспортные данные'), (31, 37, 'Паспортные данные'), (45, 55, 'Паспортные данные')]	['7504', '242526', '02.02.2020']
Я родился в марте. Могу ли я получить выписку за этот месяц?	[(12, 17, 'Дата рождения')]	['марте']
Могу ли я привязать свой рабочий номер 8 (903) 123-45-67 для получения уведомлений о зарплате, если он не основной?	[(39, 56, 'Номер телефона')]	['8 (903) 123-45-67']
Моя заявка на кредитную карту отклонена. Я родился в Курске. Может, это из-за региона?	[(53, 59, 'Место рождения')]	['Курске']
Чип хранит гораздо больше защищенных данных, включая криптограммы и профиль приложения, как 82021400. Магнитная полоса содержит только базовую информацию.	[(92, 100, 'Содержимое магнитной полосы')]	['82021400']
Для завершения верификации вам потребуется ввести данные временного удостоверения личности, например, 987654321098, или обратиться в банк.	[(102, 114, 'Временное удостоверение личности')]	['987654321098']
Нужно ли мне продлевать API ключ app_key_prod_QWERTYUIOPASDFGHJKL вручную или это происходит автоматически?	[(33, 65, 'API ключи')]	['app_key_prod_QWERTYUIOPASDFGHJKL']
Мне нужно временно заблокировать карту, но я не помню свой ПИН-код 3705. Могу ли я это сделать без него?	[(67, 71, 'ПИН код')]	['3705']
Я хочу оформить виртуальную карту. Мой вид на жительство 83.1597530. Это возможно без посещения офиса?	[(57, 67, 'Серия и номер вида на жительство')]	['83.1597530']
"Я родился в Туле. В форме на сайте есть только ""Тульская область"". Что выбрать?"	[(12, 16, 'Место рождения'), (48, 64, 'Место рождения')]	['Туле', 'Тульская область']
Понимаю. Давайте сверим адрес. Возможно, есть ошибка в номере дома или квартиры.	[]	[]
Принял. Для закрытия счета потребуется подтверждение. Номер 8591917032 принят к обработке.	[(60, 70, 'Водительское удостоверение')]	['8591917032']
Мы можем выдать справку о наличии у вас счета в нашем банке. Но напрямую подтвердить или выдать копию визы 15 2893746 мы не уполномочены.	[(107, 117, 'Разрешение на работу / визу')]	['15 2893746']
Я хочу активировать новую карту. Мой временный документ 34567890 использовался при оформлении.	[(56, 64, 'Временное удостоверение личности')]	['34567890']
Блокировка карты в Германии могла произойти по разным причинам, не обязательно из-за гражданства России. Проверьте лимиты и уведомления.	[(19, 27, 'Гражданство и названия стран'), (97, 103, 'Гражданство и названия стран')]	['Германии', 'России']
Моя карта DAMIR MUKHAMETOV не работает в приложении. Переустановил, не помогло.	[(10, 26, 'Имя держателя карты')]	['DAMIR MUKHAMETOV']
При попытке входа в личный кабинет постоянно выдает ошибку. Мой паспорт 4509 901234.	[(72, 83, 'Паспортные данные')]	['4509 901234']
Некоторые приложения сохраняют данные карты, но для безопасности могут запрашивать CVV 137 при каждой новой оплате.	[(87, 90, 'CVV/CVC')]	['137']
Почему мне не пришло письмо с акцией на почту promo@offers.ru, хотя я подписан на рассылку?	[(46, 61, 'Email')]	['promo@offers.ru']
Деньги с моего инвестиционного счета должны были перевести на основной счет 40817810800003504825. Когда ждать зачисления?	[(76, 96, 'Номер банковского счета')]	['40817810800003504825']
Произнесите его чётко и разборчиво. Если возникают проблемы, попробуйте ввести его текстом в чате.	[]	[]
Проверьте последние четыре цифры номера карты в СМС. Если они совпадают, то это ваша карта.	[]	[]
Не могу войти в онлайн-банк, так как забыл логин и пароль, а к карте 5000 0000 0000 0000 привязан старый номер.	[(69, 88, 'Номер карты')]	['5000 0000 0000 0000']
Да, такие данные могут быть скопированы при использовании магнитной полосы. Мы рекомендуем всегда использовать чип для повышения безопасности.	[]	[]
Проверьте, чтобы код был последним полученным — старые коды не принимаются.	[]	[]
Отключить СМС-информирование для карты 4202345678901234 можно в мобильном приложении в разделе «Услуги» или через интернет-банк. Подтвердите операцию кодом из СМС.	[(39, 55, 'Номер карты')]	['4202345678901234']
"Я забыл пароль ""MyRecoveryP@ss"" для восстановления доступа к аккаунту. Как мне его восстановить?"	[(16, 30, 'Пароли')]	['MyRecoveryP@ss']
Перевод средств с инвестиционного счета на 40817810800003504825 обычно занимает до одного рабочего дня. Ожидайте зачисления в ближайшее время.	[(43, 63, 'Номер банковского счета')]	['40817810800003504825']
В случае компрометации Client Secret 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-9-z-8-w-6-z-1 немедленно отзовите его и сгенерируйте новый. Это критически важно для безопасности.	[(37, 86, 'API ключи')]	['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-9-z-8-w-6-z-1']
Проверьте настройки уведомлений в мобильном приложении. Дата регистрации не влияет на их доставку.	[]	[]
Мое кодовое слово Вулкан. Я хочу узнать, как часто его можно менять?	[(18, 24, 'Кодовые слова')]	['Вулкан']
В вам необходимо внести «Саранске» в соответствующее поле.	[(25, 33, 'Место рождения')]	['Саранске']
Мой СНИЛС 889-012-345 25 был утерян, и я получил новый. Как его зарегистрировать в банке?	[(10, 24, 'СНИЛС клиента')]	['889-012-345 25']
Возможно, проблема с интернет-соединением или терминалом такси. Ваша карта с датой 09/27 активна, попробуйте повторить операцию.	[(83, 88, 'Дата окончания срока действия карты')]	['09/27']
Я пытался получить наличные в другом банке за границей, но банкомат не принял мой ПИН-код 2222. В чём может быть причина?	[(90, 94, 'ПИН код')]	['2222']
У нас изменился КПП 770101001. Как обновить эти данные в вашем банке, чтобы все было корректно?	[(20, 29, 'Данные об организации/юридическом лице (ИНН, КПП, ОГРН, БИК, адреса, расчётный счёт)')]	['770101001']
Вы можете получить временную карту, если ваши основные данные счета активны. Наличие разрешения на работу 12 9876543 на продлении не является препятствием.	[(106, 116, 'Разрешение на работу / визу')]	['12 9876543']
Я получил письмо о задолженности, но мой СНИЛС 012-345-678 90 не соответствует указанному. Это мошенничество?	[(47, 61, 'СНИЛС клиента')]	['012-345-678 90']
Мне не приходят уведомления о списаниях. Может, дело в том, что карта оформлена на ROMAN GUSEV?	[(83, 94, 'Имя держателя карты')]	['ROMAN GUSEV']
Смена валюты счета Саркисян Светланы возможна только при личном обращении в отделение банка.	[(19, 27, 'ФИО'), (28, 36, 'ФИО')]	['Саркисян', 'Светланы']
Уточните номер заказа или дату оформления. Я проверю статус доставки и сообщу вам ориентировочные сроки.	[]	[]
Наш сервис не может подключиться к вашему API. Выдает ошибку с ключом dev_key_oP9qR8sT7uV6wX5yZ4aB3c2D1e. Что делать?	[(70, 104, 'API ключи')]	['dev_key_oP9qR8sT7uV6wX5yZ4aB3c2D1e']
Изменение месяца рождения требует официального запроса и подтверждающих документов. Пожалуйста, оформите заявку.	[]	[]
Для верификации документов третьих лиц часто требуется личное присутствие с оригиналом свидетельства.	[]	[]
При заполнении анкеты на новую карту, какой орган выдачи мне указать? У меня МВД 770003. Что мне делать дальше?	[(77, 80, 'Свидетельство о рождении'), (81, 84, 'ПИН код'), (84, 87, 'Временное удостоверение личности')]	['МВД', '770', '003']
Проверьте, правильно ли указан юридический адрес г. Новосибирск, ул. Садовая, д. 104к.1 в ваших данных. Возможно, он устарел. Постараемся решить вопрос как можно скорее.	[(49, 87, 'Данные об организации/юридическом лице (ИНН, КПП, ОГРН, БИК, адреса, расчётный счёт)')]	['г. Новосибирск, ул. Садовая, д. 104к.1']
В моих данных указана дата регистрации 02.02.2012. Это моя постоянная прописка.	[(39, 49, 'Дата регистрации по месту жительства или пребывания')]	['02.02.2012']
Да, конечно. Проверю статус платежа по ИНН 5002123456. Уточните дату и сумму перевода.	[(43, 53, 'Сведения об ИНН')]	['5002123456']
Могу ли я изменить свой СНИЛС 223-456-789 19 в вашем банке, если он был выдан давно?	[(30, 44, 'СНИЛС клиента')]	['223-456-789 19']
Моя жена хочет поменять кодовое слово «Венера» для совместного счета. Это возможно?	[(39, 45, 'Кодовые слова')]	['Венера']
Моя карта действует до 01/27. Могу ли я снять с неё все деньги в последний день?	[(23, 28, 'Дата окончания срока действия карты')]	['01/27']
Можно ли обновить данные на EMV-чипе, например, если я видел 9F0206000000001000?	[(61, 79, 'Содержимое магнитной полосы')]	['9F0206000000001000']
Уточните, пожалуйста, полную дату рождения. Мы проверим и скорректируем данные.	[]	[]
Для нерезидентов с визой 11 5678901 существуют определённые условия открытия инвестиционных счетов. Уточните детали в ближайшем отделении.	[(25, 35, 'Разрешение на работу / визу')]	['11 5678901']
Хочу добавить номер двигателя BZB-0001112 в данные по автомобилю в личном кабинете. Куда его ввести?	[(30, 41, 'Данные об автомобиле клиента')]	['BZB-0001112']
Моя карта не сработала в POS-терминале, и я записал данные Track 2, которые выдал терминал: 5000123456789012=2501201000000000000.	[(92, 128, 'Содержимое магнитной полосы')]	['5000123456789012=2501201000000000000']
Перевод в Молдову задерживается уже третий день. Что случилось с моим переводом в Молдову?	[(10, 17, 'Гражданство и названия стран'), (82, 89, 'Гражданство и названия стран')]	['Молдову', 'Молдову']
Да, если в вашем паспорте указана именно Республика Татарстан, то всё заполнено корректно.	[(41, 61, 'Место рождения')]	['Республика Татарстан']
Номер двигателя G4FC-0001122 подтвержден. Могу отправить вам электронную справку на почту.	[(16, 28, 'Данные об автомобиле клиента')]	['G4FC-0001122']
Для оформления доверенности потребуются паспортные данные доверителя и доверенного лица. Водительское удостоверение 6778098001 не является обязательным.	[(116, 126, 'Водительское удостоверение')]	['6778098001']
Я хочу поставить пароль типа 1234567890, но система не дает. Почему?	[(29, 39, 'Пароли')]	['1234567890']
Обычно переводы через СБП поступают мгновенно. Проверьте, пожалуйста, правильность номера +7 (932) 654-32-10. Если статус не изменится, свяжитесь с нами через час.	[(90, 108, 'Номер телефона')]	['+7 (932) 654-32-10']
Моя карта 5555 6666 7777 8888 перестала работать. Не могу оплатить покупки в магазине, пишет 'отказано'.	[(10, 29, 'Номер карты')]	['5555 6666 7777 8888']
Мне нужно получить копию чека по операции. Можно отправить её на check@receipt.com?	[(65, 82, 'Email')]	['check@receipt.com']
Я забыл ПИН-код. Для восстановления нужно назвать имя держателя TATYANA GRIGORIEVA?	[(64, 82, 'Имя держателя карты')]	['TATYANA GRIGORIEVA']
Проверьте статус перевода в истории операций. Если его нет, запросите новый код и повторите попытку.	[]	[]
СНИЛС необходим для налоговой отчетности по инвестиционным доходам. Это стандартное требование для всех клиентов. Это требование законодательства для всех финансовых организаций.	[]	[]
Для изменения адреса электронной почты для кодов подтверждения необходимо зайти в настройки безопасности.	[]	[]
Для получения информации по остатку кредита за Ford Focus, пожалуйста, назовите номер договора.	[(47, 51, 'Данные об автомобиле клиента'), (52, 57, 'Данные об автомобиле клиента')]	['Ford', 'Focus']
Нет, для получения выписки место рождения не требуется.	[]	[]
Для закрытия счёта потребуется заявление и подтверждение полномочий руководителя. Подробности уточните в отделении.	[]	[]
Крайне не рекомендуется вводить CVV на сайтах, которые не проводят оплату. Это может быть попытка фишинга. Будьте осторожны.	[]	[]
Убедитесь, что вы произносите его четко и без акцента. Если проблема сохраняется, мы можем помочь вам его сменить.	[]	[]
Пришло СМС о подозрительной операции. Мой ИНН 502912345678. Это мошенники или реальное уведомление?	[(46, 58, 'Сведения об ИНН')]	['502912345678']
Я хочу оформить пенсионную карту. Нужен ли для этого СНИЛС 456-789-012 34?	[(59, 73, 'СНИЛС клиента')]	['456-789-012 34']
Убедитесь, что ваш номер телефона привязан к СБП в нашем банке. Возможно, другу нужно обновить приложение Альфа-Банка.	[(106, 117, 'Наименование банка')]	['Альфа-Банка']
Мне пришёл код 776543 для входа в интернет-банк, но я не запрашивал вход. Это безопасно?	[(15, 21, 'Одноразовые коды')]	['776543']
У нас сбой в системе. Ошибки указывают на проблему с API ключом API_BANK_CORE_INTEGRATION. Что делать?	[(64, 89, 'API ключи')]	['API_BANK_CORE_INTEGRATION']
Подскажите, как обновить client secret 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3bN5mM7qW9eR2tY4uI6oP8a0sD2fG4hJ6kL8zX0cV2bN4m6 для нашего партнерского приложения? Старый ключ скоро истечет.	[(39, 121, 'API ключи')]	['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3bN5mM7qW9eR2tY4uI6oP8a0sD2fG4hJ6kL8zX0cV2bN4m6']
Вы можете изменить ПИН-код через банкомат нашего банка или в мобильном приложении в разделе 'Настройки карты'.	[]	[]
У меня есть физическая карта и ее виртуальный аналог. CVV 818 у них одинаковый или разный?	[(58, 61, 'CVV/CVC')]	['818']
Отказ в открытии счета для гражданина Сирии может быть связан с политикой банка или требованиями безопасности. Мы не обязаны объяснять причины.	[(38, 43, 'Гражданство и названия стран')]	['Сирии']
Я не могу войти в личный кабинет после смены паспорта. Я родился в Твери.	[(67, 72, 'Место рождения')]	['Твери']
Мне нужно получить копию договора банковского обслуживания. Могу ли я это сделать по водительскому удостоверению 45 61 000026?	[(113, 125, 'Водительское удостоверение')]	['45 61 000026']
По вашей карте предусмотрен кэшбэк до 5% в выбранных категориях и 1% на все остальные покупки.	[]	[]
Я точно помню, что родился в среду. Это как-то можно указать?	[(29, 34, 'Дата рождения')]	['среду']
Я хочу установить пароль P@ss_Code, но система говорит, что он слишком короткий. Какова минимальная длина?	[(25, 34, 'Пароли')]	['P@ss_Code']
Пожалуйста, проверьте данные в личном кабинете. Если ошибка, обратитесь в отделение с оригиналом документа.	[]	[]
Хочу подтвердить операцию по переводу. Могу ли я назвать номер своего водительского 88 77 665544?	[(84, 96, 'Водительское удостоверение')]	['88 77 665544']
У меня изменился адрес для доставки документов по кредиту. Теперь это: город Казань, Приволжский район, улица Оренбургский тракт, дом 8, квартира 70.	[(71, 83, 'Полный адрес'), (85, 102, 'Полный адрес'), (104, 128, 'Полный адрес'), (130, 135, 'Полный адрес'), (137, 148, 'Полный адрес')]	['город Казань', 'Приволжский район', 'улица Оренбургский тракт', 'дом 8', 'квартира 70']
Для виртуальных карт ПИН-код обычно не используется, но если он установлен, изменить его можно в приложении в настройках карты.	[]	[]
Мой Telegram Bot API токен 5678901234:FAE9JfZ2bXlWcT7aH9SgQyDpO5vZkIuPwqU был заблокирован. Можно ли его восстановить?	[(27, 73, 'API ключи')]	['5678901234:FAE9JfZ2bXlWcT7aH9SgQyDpO5vZkIuPwqU']
Ввод CVV 901 допустим только при совершении платежа на проверенных сайтах. Убедитесь в надёжности ресурса перед вводом данных.	[(9, 12, 'CVV/CVC')]	['901']
Проверьте раскладку клавиатуры и отсутствие опечаток. Иногда система чувствительна к регистру букв.	[]	[]
Не могу получить код подтверждения для входа в веб-версию банка на номер 89293456789. В чем проблема?	[(73, 84, 'Номер телефона')]	['89293456789']
Мы не храним API ключи в открытом виде. Вы можете сгенерировать новый API ключ API_CORPORATE_CLIENT_KEY в личном кабинете.	[(79, 103, 'API ключи')]	['API_CORPORATE_CLIENT_KEY']
Мне нужно получить выписку. Доставка курьером на адрес: Москва, Юго-Западный административный округ, улица Вавилова, 19, строение 2.	[(56, 62, 'Полный адрес'), (64, 99, 'Полный адрес'), (101, 115, 'Полный адрес'), (117, 119, 'Полный адрес'), (121, 131, 'Полный адрес')]	['Москва', 'Юго-Западный административный округ', 'улица Вавилова', '19', 'строение 2']
Могу ли я подать заявку на кредит, используя временное удостоверение 10839843? Срок действия документа еще месяц.	[(69, 77, 'Временное удостоверение личности')]	['10839843']
При попытке снять наличные в банкомате, он запросил ПИН 9000 и заблокировал карту после первой же попытки. Почему?	[(56, 60, 'ПИН код')]	['9000']
Мы проверили, данные о месте рождения «Тверь» в системе верны.	[(39, 44, 'Место рождения')]	['Тверь']
Проверьте настройки уведомлений в мобильном приложении. Возможно, они были отключены случайно.	[]	[]
Я получил новое разрешение на работу 66 9876543. Как быстро банк обновит информацию в системе?	[(37, 47, 'Разрешение на работу / визу')]	['66 9876543']
У нас есть несколько видов вкладов с различными процентными ставками. Могу выслать вам информацию.	[]	[]
Проверьте правильность номера телефона получателя. Возможно, он не зарегистрирован в СБП.	[]	[]
Пожалуйста, проверьте правильность всех данных карты, включая срок действия. Никогда не сообщайте CVV код по телефону или в чате.	[]	[]
Могу ли я получить справку о состоянии счета, предъявив временное удостоверение 975318642097?	[(80, 92, 'Временное удостоверение личности')]	['975318642097']
Да, документы по страховке для путешествий будут отправлены на ваш адрес travel.dreamer@bk.ru в течение 15 минут. Проверьте папку «Входящие» или «Спам».	[(73, 93, 'Email')]	['travel.dreamer@bk.ru']
После замужества моя фамилия изменилась, но карта всё ещё на имя ELENA KOVALEVA. Мне нужно её перевыпустить?	[(65, 79, 'Имя держателя карты')]	['ELENA KOVALEVA']
У меня не проходит оплата в интернет-магазине с карты 5566778899001122. В чем может быть причина?	[(54, 70, 'Номер карты')]	['5566778899001122']
Банк не выдает подтверждения СНИЛС для оформления пособий. Вам нужно обратиться в соответствующие государственные органы.	[]	[]
Проверьте, не истек ли срок действия карты. Если нет, возможно, произошел технический сбой. Мы можем помочь с разблокировкой.	[]	[]
Мой перевод из Сбербанка до сих пор не пришёл, хотя прошло уже три дня. Можете проверить статус?	[(15, 24, 'Наименование банка')]	['Сбербанка']
Хочу получать ежемесячные отчёты по инвестиционному портфелю на почту konstantin.fomin@outlook.com. Как это настроить?	[(70, 98, 'Email')]	['konstantin.fomin@outlook.com']
Для изменения номера телефона по временному удостоверению 56781234, пожалуйста, посетите ближайшее отделение банка.	[(58, 66, 'Временное удостоверение личности')]	['56781234']
Да, конечно. По вашему ИНН 503322113344 я могу предоставить информацию обо всех открытых счетах.	[(27, 39, 'Сведения об ИНН')]	['503322113344']
Да, вижу ваш запрос. Уточните, пожалуйста, номер договора, если он связан с этим автомобилем.	[]	[]
Добрый день. Выписку по счету 40817810900008034509 можно заказать прямо в интернет-банке, она будет доставлена на ваш email в течение нескольких минут.	[(30, 50, 'Номер банковского счета')]	['40817810900008034509']
Хочу поменять ПИН 4567 на новый, но не могу найти эту опцию в банкомате. Где она обычно находится?	[(18, 22, 'ПИН код')]	['4567']
Это указывает на проблемы с магнитной полосой. Попробуйте оплатить чипом или бесконтактно. Если проблема не решится, карту придется перевыпустить.	[]	[]
У меня спорная операция, связанная с платежом в МТС Банк. Деньги списались, но услуга не оказана.	[(48, 56, 'Наименование банка')]	['МТС Банк']
Мне пришло уведомление о подозрительной активности по карте МТС Банка.	[(60, 69, 'Наименование банка')]	['МТС Банка']
Я хочу узнать, какие сейчас действуют акции по дебетовым картам Абсолют Банка. Есть ли что-то интересное?	[(64, 77, 'Наименование банка')]	['Абсолют Банка']
Хочу обменять дирхамы ОАЭ на рубли. Какой курс обмена дирхамов ОАЭ сегодня?	[(22, 25, 'Гражданство и названия стран'), (63, 66, 'Гражданство и названия стран')]	['ОАЭ', 'ОАЭ']
К сожалению, мы не можем предоставить информацию о вашем СНИЛС по телефону. Пожалуйста, обратитесь на портал Госуслуг.	[]	[]
Мне привезли новую карту 4000 0000 0000 0000. Как её активировать?	[(25, 44, 'Номер карты')]	['4000 0000 0000 0000']
Мне пришло СМС о смене пароля, но там указано имя IRINA ZAYTSEVA, а это не мой пароль. Что это?	[(50, 64, 'Имя держателя карты')]	['IRINA ZAYTSEVA']
Для адреса Москва, улица Новый Арбат, дом 21, офис 123, почтовый индекс 119019. Могу я помочь ещё чем-то?	[(11, 17, 'Полный адрес'), (19, 36, 'Полный адрес'), (38, 44, 'Полный адрес'), (46, 54, 'Полный адрес'), (72, 78, 'Полный адрес')]	['Москва', 'улица Новый Арбат', 'дом 21', 'офис 123', '119019']
Как рассчитываются проценты по остатку на счёте 40817810300001234567? Хочу понять принцип начислений.	[(48, 68, 'Номер банковского счета')]	['40817810300001234567']
"При входе в веб-версию банка мой пароль ""WebBankUser"" не принимается, хотя я его не менял."	[(41, 52, 'Пароли')]	['WebBankUser']
У меня изменился юридический адрес. Наш ИНН 7707445566. Нужно ли сообщать об этом банку?	[(44, 54, 'Сведения об ИНН')]	['7707445566']
Для оценки стоимости машины нужен номер кузова. Мой — WDB2040001A123457.	[(54, 71, 'Данные об автомобиле клиента')]	['WDB2040001A123457']
Справку о доходах можно заказать в отделении банка. Для этого вам понадобится предъявить временное удостоверение личности.	[]	[]
Перед поездкой в Турцию рекомендуем проверить лимиты и уведомить банк о предстоящей поездке. Это поможет избежать блокировок.	[(17, 23, 'Гражданство и названия стран')]	['Турцию']
Могу ли я получить историю использования для API ключа API_TRANSACTION_HISTORY_V1? Мне нужна за последние 3 месяца.	[(55, 81, 'API ключи')]	['API_TRANSACTION_HISTORY_V1']
Мы можем внести изменения. Пожалуйста, предоставьте подтверждающий документ, например, выписку из домовой книги.	[]	[]
Приношу извинения за некорректные предложения. Возможно, произошла ошибка в сегментации. Проверим ваши данные.	[]	[]
Моя карта была заблокирована после ввода ПИН-кода 0472 в терминале на заправке. В чём причина?	[(50, 54, 'ПИН код')]	['0472']
Проверьте папку «Спам» или повторите запрос. Если проблема с 89260001122 сохраняется, мы проверим технические настройки.	[(61, 72, 'Номер телефона')]	['89260001122']
Мне нужно, чтобы все документы приходили на почтовый адрес 101000, г. Москва, ул. Мясницкая, д. 20. Как это оформить?	[(59, 98, 'Данные об организации/юридическом лице (ИНН, КПП, ОГРН, БИК, адреса, расчётный счёт)')]	['101000, г. Москва, ул. Мясницкая, д. 20']
Вчера мне пришло уведомление о списании средств. Там было указано имя DMITRY KUZNETSOV, но это не я.	[(70, 86, 'Имя держателя карты')]	['DMITRY KUZNETSOV']
Мы можем скорректировать данные. Уточните, пожалуйста, на «Омске»?	[(59, 64, 'Место рождения')]	['Омске']
Да, это стандартная практика. Новая карта, выпущенная взамен старой, имеет новый срок действия, в данном случае до 12/25.	[(115, 120, 'Дата окончания срока действия карты')]	['12/25']
Да, для вашей безопасности и подтверждения личности мы можем запросить СНИЛС. Это стандартная процедура.	[]	[]
Если платежное поручение еще не отправлено, вы можете его отредактировать. В противном случае, свяжитесь с нами для корректировки ИНН 7718123456.	[(134, 144, 'Сведения об ИНН')]	['7718123456']
Мой паспорт серии 45 03, номер 654321, выдан 09 ноября 2010 года. Его нужно обновить?	[(18, 23, 'Паспортные данные'), (31, 37, 'Паспортные данные'), (45, 64, 'Паспортные данные')]	['45 03', '654321', '09 ноября 2010 года']
Моя карта истекла в 03/24. Могу ли я получить выписку по ней?	[(20, 25, 'Дата окончания срока действия карты')]	['03/24']
Выписка для ООО «Заря» с ИНН 7712123456 будет готова в течение часа. Вы сможете забрать её в отделении.	[(29, 39, 'Сведения об ИНН')]	['7712123456']
Это может быть связано с износом или повреждением магнитной полосы. Рекомендуем перевыпустить карту для стабильной работы.	[]	[]
Открыл счёт для малого бизнеса. Когда придут реквизиты на почту business.owner@mail.ru?	[(64, 86, 'Email')]	['business.owner@mail.ru']
Вы можете установить ПИН-код для вашей новой карты в любом банкомате нашего банка или через мобильное приложение в разделе активации.	[]	[]
"Возможно. Убедитесь, что все поля, включая место рождения ""Тюмень"", заполнены корректно."	[(59, 65, 'Место рождения')]	['Тюмень']
Мы подозреваем, что наш OAuth 2.0 Client Secret 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4-x-7-y-5-z-0-y-2-y-2-z-5-y-6-z-4-w-7-x был украден. Можете его заблокировать?	[(48, 122, 'API ключи')]	['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4-x-7-y-5-z-0-y-2-y-2-z-5-y-6-z-4-w-7-x']
Произошла ошибка при регистрации, ИНН 7720235940 не был принят. Подскажите, что делать дальше?	[(38, 48, 'Сведения об ИНН')]	['7720235940']
Банк никогда не запрашивает СНИЛС по телефону. Никому не сообщайте свои персональные данные.	[]	[]
Уточните, пожалуйста, номер телефона, к которому привязан ваш счет 40817810200007784067. Возможно, есть проблемы с привязкой или лимитами.	[(67, 87, 'Номер банковского счета')]	['40817810200007784067']
Да, это криптограмма транзакции. Мы уже заблокировали карту и выпустили новую для вашей безопасности.	[]	[]
У нас перестала работать интеграция с картами, похоже, ключ AIzaSyC9Xb4K7WmP1L2Y9NqZ7d3FvX8aJbT5rM6U стал неактивным. Можете проверить его статус?	[(60, 100, 'API ключи')]	['AIzaSyC9Xb4K7WmP1L2Y9NqZ7d3FvX8aJbT5rM6U']
Если ваша карта, выданная в России, заблокирована в Австралии, свяжитесь с поддержкой банка для выяснения причин и разблокировки.	[(28, 34, 'Гражданство и названия стран'), (52, 61, 'Гражданство и названия стран')]	['России', 'Австралии']
Обычно нет. Время рождения не является критичным параметром для большинства банковских услуг.	[]	[]
Для получения пособий, как правило, требуется пакет документов. Информацию можно найти на нашем сайте.	[]	[]
Остаток по кредиту доступен в личном кабинете на сайте и в мобильном приложении. Также можно уточнить в отделении.	[]	[]
Получил новую карту, но не могу вспомнить ПИН 7777, который выбрал при оформлении. Как его узнать?	[(46, 50, 'ПИН код')]	['7777']
Гражданину Чили для открытия счёта потребуется паспорт, документ, подтверждающий право пребывания, и миграционная карта.	[(11, 15, 'Гражданство и названия стран')]	['Чили']
Для подтверждения платежа в другой банк обычно достаточно СМС-кода. Кодовое слово может быть запрошено для дополнительной безопасности.	[]	[]
Да, токены Telegram API могут устаревать. Попробуйте сгенерировать новый через @BotFather и обновить его.	[]	[]
Мы сожалеем, что у вас возникла проблема. Оставьте, пожалуйста, обращение, указав номер 987654321098.	[(88, 100, 'Водительское удостоверение')]	['987654321098']
Мой API-ключ AIzaSyJ6Xb4K7WmP1L2Y9NqZ7d3FvX8aJbT5rM6A был утерян. Как мне получить новый для доступа к банковским операциям?	[(13, 53, 'API ключи')]	['AIzaSyJ6Xb4K7WmP1L2Y9NqZ7d3FvX8aJbT5rM6A']
Нет, дубликат свидетельства о рождении выдает только ЗАГС. Мы не предоставляем такие услуги.	[]	[]
Сегодня утром пришло уведомление о списании средств, но я ничего не покупал. Это было в ЮниКредит Банке.	[(88, 103, 'Наименование банка')]	['ЮниКредит Банке']
Да, для блокировки карты по телефону вам потребуется подтвердить личность по данным временного удостоверения.	[]	[]
Хочу настроить автоматическую оплату штрафов ГИБДД. Мой номер водительского удостоверения 7788990011.	[(90, 100, 'Водительское удостоверение')]	['7788990011']
Да, именно этот адрес указан в вашей анкете. Могу ли я чем-то еще помочь?	[]	[]
Вы можете восстановить пароль на странице входа, нажав «Забыли пароль?». Потребуется подтверждение по номеру телефона.	[]	[]
Я переехал и хочу обновить свой почтовый индекс. Мой новый индекс 630099. Где это можно сделать?	[(66, 72, 'Водительское удостоверение')]	['630099']
Хочу оформить лизинг на Geely Coolray 2023 года выпуска. Это возможно?	[(24, 29, 'Данные об автомобиле клиента'), (30, 37, 'Данные об автомобиле клиента'), (38, 42, 'Данные об автомобиле клиента')]	['Geely', 'Coolray', '2023']
Могу ли я оформить рассрочку на покупку автомобиля, если у меня есть водительское 79 80 119203?	[(82, 94, 'Водительское удостоверение')]	['79 80 119203']
Я переехал в Казахстан и хочу перевести все свои счета в ваш филиал там. Это возможно?	[(13, 22, 'Гражданство и названия стран')]	['Казахстан']
Да, если у вас есть действующее разрешение на работу 74 5678901, вы можете получать зарплату на свой счёт в нашем банке.	[(53, 63, 'Разрешение на работу / визу')]	['74 5678901']
Для открытия расчётного счёта для ИП вам потребуется паспорт, ИНН, ОГРНИП и выписка из ЕГРИП.	[]	[]
Я хочу узнать, как получить API ключ для доступа к данным банкоматов, например, API_ATM_LOCATOR_DATA.	[(80, 100, 'API ключи')]	['API_ATM_LOCATOR_DATA']
Перевод на счет 40702810512345678901 так и не поступил, хотя отправили еще вчера. Что случилось?	[(16, 36, 'Номер банковского счета')]	['40702810512345678901']
Пытаюсь изменить секретный вопрос, но код 334455 не приходит. Почему?	[(42, 48, 'Одноразовые коды')]	['334455']
Мне нужна информация по моей кредитной истории. Можете отправить её на anastasia.novikova@mail.ru?	[(71, 97, 'Email')]	['anastasia.novikova@mail.ru']
Да, вы можете заказать выписку по счету на английском языке для посольства Италии. Укажите это при заказе в отделении.	[(75, 81, 'Гражданство и названия стран')]	['Италии']
Мой ИНН 780123456789. Мне нужно срочно выпустить новую корпоративную карту взамен утерянной. Как это сделать?	[(8, 20, 'Сведения об ИНН')]	['780123456789']
Наша компания с ИНН 7703123456 и ОГРН 1157746000001 хочет открыть дополнительный счёт. Что для этого нужно?	[(20, 30, 'Данные об организации/юридическом лице (ИНН, КПП, ОГРН, БИК, адреса, расчётный счёт)'), (38, 51, 'Данные об организации/юридическом лице (ИНН, КПП, ОГРН, БИК, адреса, расчётный счёт)')]	['7703123456', '1157746000001']
Могу ли я изменить номер телефона для получения кодов, чтобы код 667788 приходил на другой номер?	[(65, 71, 'Одноразовые коды')]	['667788']
Доступ к сейфовой ячейке строго регламентирован. Если вы забыли кодовое слово, обратитесь лично в отделение.	[]	[]
Никаких сложностей не возникнет, если данные вашего вида на жительство актуальны и корректны.	[]	[]
Я переводил деньги на счёт Алиева Руслана вчера, но они до сих пор не пришли. Можете проверить статус операции?	[(27, 33, 'ФИО'), (34, 41, 'ФИО')]	['Алиева', 'Руслана']
Прошу подтвердить БИК 044525593 для Swift-перевода от иностранного партнёра. Это правильный код?	[(22, 31, 'Данные об организации/юридическом лице (ИНН, КПП, ОГРН, БИК, адреса, расчётный счёт)')]	['044525593']
Я оспариваю операцию по счету. Получатель указан как ИП Иванов, ИНН 503112345678. Можете проверить?	[(68, 80, 'Сведения об ИНН')]	['503112345678']
Моя онлайн-покупка не проходит, я ввожу CVV 123, но система пишет ошибку. Что мне делать?	[(44, 47, 'CVV/CVC')]	['123']
У нашей организации с ИНН 7708123456 возник вопрос по выписке. Наш ОГРН 1187746578901 без изменений.	[(26, 36, 'Данные об организации/юридическом лице (ИНН, КПП, ОГРН, БИК, адреса, расчётный счёт)'), (72, 85, 'Данные об организации/юридическом лице (ИНН, КПП, ОГРН, БИК, адреса, расчётный счёт)')]	['7708123456', '1187746578901']
Для проверки штрафов ГИБДД по водительскому удостоверению 29 42 000025 можно воспользоваться специальным сервисом в мобильном приложении. Штрафы будут найдены.	[(58, 70, 'Водительское удостоверение')]	['29 42 000025']
Могу ли я получить кредит, используя водительское удостоверение с номером 34 56 789012? Мне это очень важно.	[(74, 86, 'Водительское удостоверение')]	['34 56 789012']
У меня на карте написано 10/24. Она уже не работает?	[(25, 30, 'Дата окончания срока действия карты')]	['10/24']
Мы можем предоставить справку о вашей регистрации. Уточните, пожалуйста, куда её отправить.	[]	[]
К сожалению, если магнитная полоса повреждена, карта не будет работать. Вам необходимо получить новую карту.	[]	[]
Мне нужно подтвердить доход для ипотеки. Моё разрешение на работу 85 9012345.	[(66, 76, 'Разрешение на работу / визу')]	['85 9012345']
Я сделал перевод на расчётный счёт 40702810900045678901 для организации с ИНН 5001001234 через БИК 044525593, но деньги не дошли.	[(35, 55, 'Данные об организации/юридическом лице (ИНН, КПП, ОГРН, БИК, адреса, расчётный счёт)'), (78, 88, 'Данные об организации/юридическом лице (ИНН, КПП, ОГРН, БИК, адреса, расчётный счёт)'), (99, 108, 'Данные об организации/юридическом лице (ИНН, КПП, ОГРН, БИК, адреса, расчётный счёт)')]	['40702810900045678901', '5001001234', '044525593']
Мне нужно подтвердить, что номер двигателя K20A-789012 и номер шасси JHMDC512345678901 моей Honda Civic внесены в систему.	[(43, 54, 'Данные об автомобиле клиента'), (69, 86, 'Данные об автомобиле клиента'), (92, 97, 'Данные об автомобиле клиента'), (98, 103, 'Данные об автомобиле клиента')]	['K20A-789012', 'JHMDC512345678901', 'Honda', 'Civic']
Мой паспорт гражданина Азербайджана скоро истекает. Нужно ли сообщать об этом банку?	[(23, 35, 'Гражданство и названия стран')]	['Азербайджана']
У меня не проходит оплата по QR-коду с карты 5111222233334444. В чем причина?	[(45, 61, 'Номер карты')]	['5111222233334444']
Проверьте правильность ввода лицевого счета и адреса. Возможно, произошла ошибка при заполнении реквизитов.	[]	[]
Убедитесь, что вы активируете именно ту карту, для которой пришёл код. Проверьте последние 4 цифры.	[]	[]
Да, автокредит одобрен. Подтверждение должно было прийти на auto.lover@yahoo.com. Проверьте папку «Спам». Если письма нет, я могу отправить его повторно.	[(60, 80, 'Email')]	['auto.lover@yahoo.com']
Я нахожусь в командировке за границей и не могу войти в приложение, чтобы проверить счёт 40817810900067890123.	[(89, 109, 'Номер банковского счета')]	['40817810900067890123']
Нужно срочно сменить OAuth 2.0 client secret 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R2tY4uI6oP8a0sD2fG4hJ6kL8zX0cV2bN4m6, так как он был скомпрометирован вчера вечером.	[(45, 116, 'API ключи')]	['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R2tY4uI6oP8a0sD2fG4hJ6kL8zX0cV2bN4m6']
Отлично! Мы используем номер 0876543210 для получения предложения от страховых компаний. Ожидайте звонка.	[(29, 39, 'Водительское удостоверение')]	['0876543210']
Мне нужен код 789012 для подтверждения операции, но СМС не приходит. Интернет-соединение стабильное.	[(14, 20, 'Одноразовые коды')]	['789012']
Это означает, что магнитная полоса не была считана. Попробуйте использовать чип или бесконтактную оплату, если терминал это поддерживает.	[]	[]
Наш веб-сервис не может подключиться к вашим картам. Google Cloud API Key AIzaSy_1-x-5-x-5-x-2-z-0-w-3-y_2-x-4-y-3-y-7-w-8-z-0-z-3-y-6-z-0-w-2-x-5-w-0-y не работает. Что случилось?	[(74, 152, 'API ключи')]	['AIzaSy_1-x-5-x-5-x-2-z-0-w-3-y_2-x-4-y-3-y-7-w-8-z-0-z-3-y-6-z-0-w-2-x-5-w-0-y']
Я переводил средства, используя БИК 044525890, но деньги не дошли. В чём причина?	[(36, 45, 'Данные об организации/юридическом лице (ИНН, КПП, ОГРН, БИК, адреса, расчётный счёт)')]	['044525890']
Да, если вы родились в Липецке, то это корректные данные.	[(23, 30, 'Место рождения')]	['Липецке']
Могу ли я получить кредит, используя водительское удостоверение с номером 44 26 550064? Мне это очень важно.	[(74, 86, 'Водительское удостоверение')]	['44 26 550064']
Моя карта истекает 03/26. Я хочу перевыпустить её с новым именем. Это возможно?	[(19, 24, 'Дата окончания срока действия карты')]	['03/26']
Хорошо, я оформил заявку на курьерскую доставку выписки. Ожидайте, пожалуйста, звонка от курьера.	[]	[]
Мне пришло уведомление, что моя карта скоро будет недействительна. Это про ту, что заканчивается в апреле 2025 года?	[(99, 115, 'Дата окончания срока действия карты')]	['апреле 2025 года']
Да, это мошенники. Банк никогда не запрашивает CVV-код 112 через СМС. Не отвечайте и удалите сообщение.	[(55, 58, 'CVV/CVC')]	['112']
Моя виртуальная карта действительна до 05/25. Она тоже автоматически перевыпускается?	[(39, 44, 'Дата окончания срока действия карты')]	['05/25']
Мне пришел временный пароль qWeRtYui0p для входа после восстановления доступа. Его нужно обязательно поменять?	[(28, 38, 'Пароли')]	['qWeRtYui0p']
Мне пришел код 717171, но он не подходит для входа в мобильный банк. Почему?	[(15, 21, 'Одноразовые коды')]	['717171']
Мне нужно подтвердить операцию, но я не помню кодовое слово. Может, это «Победа»?	[(73, 79, 'Кодовые слова')]	['Победа']
Да, именно этот адрес указан в вашей анкете. Могу ли я чем-то еще помочь?	[]	[]
У меня не проходит авторизация по API ключу sk_live_kGz7fW1yP3sT4uV5wX6yZ7aB8c9D0. Можете проверить, почему запросы отклоняются?	[(44, 81, 'API ключи')]	['sk_live_kGz7fW1yP3sT4uV5wX6yZ7aB8c9D0']
Хочу оформить новую карту, но система не принимает данные. Паспорт выдан 15 мая 2012 года.	[(73, 89, 'Паспортные данные')]	['15 мая 2012 года']
Да, вы можете заблокировать карту. Для этого потребуется подтверждение вашей личности по временному удостоверению.	[]	[]
Это означает, что магнитная полоса вашей карты повреждена. Вам нужно будет перевыпустить карту для дальнейшего использования.	[]	[]
Карта была заблокирована в целях безопасности после трёх неверных попыток ввода ПИН-кода. Для разблокировки обратитесь к нам.	[]	[]
Мне нужна справка, подтверждающая номер двигателя F4R-6677889 для регистрации в ГИБДД. Можете её выдать?	[(50, 61, 'Данные об автомобиле клиента')]	['F4R-6677889']
Не могу сделать перевод, просит кодовое слово, кажется Снег. Это обязательное поле?	[(55, 59, 'Кодовые слова')]	['Снег']
Как отключить СМС-уведомления о покупках для карты 4000111122223333? Они приходят слишком часто.	[(51, 67, 'Номер карты')]	['4000111122223333']
Я нахожусь за границей и хочу получить консультацию. Нужно ли мне кодовое слово «Феникс»?	[(81, 87, 'Кодовые слова')]	['Феникс']
Загранпаспорт выдан УФМС России по Московской области в городе Химки, срок действия до 10 ноября 2029 года.	[(20, 68, 'Паспортные данные'), (87, 106, 'Паспортные данные')]	['УФМС России по Московской области в городе Химки', '10 ноября 2029 года']
В вам необходимо внести «Республика Татарстан» в соответствующее поле.	[(25, 45, 'Место рождения')]	['Республика Татарстан']
Проверьте раскладку клавиатуры и регистр. Если не поможет, попробуйте сбросить пароль через веб-версию банка.	[]	[]
Мы можем предоставить выписку о ваших данных для ГИБДД. Для этого потребуется подтвердить личность по номеру 2311004567 в ближайшем отделении банка.	[(109, 119, 'Водительское удостоверение')]	['2311004567']
Да, после истечения срока действия документа необходимо обновить данные в банке. Посетите ближайшее отделение с новым.	[]	[]
Проверьте, не превышен ли дневной лимит запросов для вашего Google Cloud API Key. Также убедитесь, что биллинг активен.	[]	[]
Для ИНН 3701234567 потребуется протокол собрания учредителей и приказ о назначении нового директора.	[(8, 18, 'Сведения об ИНН')]	['3701234567']
Проверьте правильность ввода кода. Убедитесь, что это свежий код, а не старый, уже использованный.	[]	[]
Я заметил, что место моего рождения почему-то указано как Приморский край. Мне нужно это исправить.	[(58, 73, 'Место рождения')]	['Приморский край']
Для повышения безопасности мы рекомендуем менять пароль каждые 90 дней. Это поможет защитить ваши данные.	[]	[]
При оплате через QR-код меня не просят ввести CVV 791. Почему?	[(50, 53, 'CVV/CVC')]	['791']
Я пытаюсь оплатить услугу через банкомат, но он просит CVV 404. Это нормально?	[(59, 62, 'CVV/CVC')]	['404']
Для оформления дополнительной карты СНИЛС родственника не требуется, достаточно его паспорта.	[]	[]
Мой API ключ 'reporting_service_token_v2' не позволяет мне получить отчеты за последний месяц. Почему?	[(14, 40, 'API ключи')]	['reporting_service_token_v2']
Я родился в апреле. Мне не пришли никакие поздравления от банка.	[(12, 18, 'Дата рождения')]	['апреле']
Я хочу отключить СМС-информирование для номера +79251234567.	[(47, 59, 'Номер телефона')]	['+79251234567']
Я родился в Пензе. Хочу уточнить, правильно ли указано моё место рождения в системе банка.	[(12, 17, 'Место рождения')]	['Пензе']
Мне не пришло уведомление о списании средств. Может быть, это связано с тем, что я недавно обновил данные и указал Нижний Новгород?	[(115, 130, 'Место рождения')]	['Нижний Новгород']
"Мне нужно поменять пароль ""P@sswordForAutoPay"" для автоплатежей, но я не могу найти эту настройку."	[(27, 45, 'Пароли')]	['P@sswordForAutoPay']
При оформлении дебетовой карты в приложении, я указал место рождения Нижний Тагил. Этого достаточно?	[(69, 81, 'Место рождения')]	['Нижний Тагил']
Отличная идея! Уникальные пароли значительно повышают безопасность. Вы можете изменить его в настройках своего профиля.	[]	[]
Возможно, сайт имеет специфические требования к безопасности или ваш банк временно блокирует операции на этом ресурсе.	[]	[]
"Попробуйте ввести ""Екатеринбург"" вручную. Если проблема сохранится, мы поможем вам по телефону."	[(19, 31, 'Место рождения')]	['Екатеринбург']
Я стал налоговым резидентом другой страны. Нужно ли сообщать об этом банку и что для этого нужно?	[]	[]
При попытке загрузить свидетельство о рождении IX-ЩЩ 456789 для оформления льгот, оно не проходит проверку.	[(47, 59, 'Свидетельство о рождении')]	['IX-ЩЩ 456789']
Немедленно заблокируйте карту через мобильное приложение или по телефону горячей линии. Мы поможем вам оформить новую карту.	[]	[]
Понял. Это данные магнитной полосы, которые не удалось считать. Рекомендую оформить перевыпуск карты через мобильное приложение.	[]	[]
Убедитесь, что у вас установлены все необходимые обновления браузера. Попробуйте войти через другой браузер или устройство.	[]	[]
Комиссия за перевод зависит от суммы и направления. Уточните детали операции.	[]	[]
Пожалуйста, назовите другие идентификационные данные, например, номер счета или карты, для подтверждения вашей личности.	[]	[]
У меня возникли проблемы с онлайн-переводом, может быть, это связано с тем, что я не обновил данные вида на жительство 82№1000005?	[(119, 129, 'Серия и номер вида на жительство')]	['82№1000005']
Я сделал перевод на номер +7 (932) 654-32-10, но он до сих пор в статусе «В обработке». Сколько ждать?	[(26, 44, 'Номер телефона')]	['+7 (932) 654-32-10']
Я обнаружил на своей карте две группы по три цифры. Какая из них CVV 686?	[(69, 72, 'CVV/CVC')]	['686']
Пытался забронировать отель, но пишет, что дата окончания 01/24 недействительна. Это ошибка?	[(58, 63, 'Дата окончания срока действия карты')]	['01/24']
Пришло два СМС с кодами: 554321 и 554322. Какой из них действителен для подтверждения?	[(25, 31, 'Одноразовые коды'), (34, 40, 'Одноразовые коды')]	['554321', '554322']
Для получения информации о рефинансировании по временному удостоверению 123456789012, вам нужно обратиться в кредитный отдел.	[(72, 84, 'Временное удостоверение личности')]	['123456789012']
Я нахожусь в командировке и мне срочно нужно подтвердить свою личность. Могу ли я использовать данные моего разрешения на работу 68 0011223 для удаленной идентификации?	[(129, 139, 'Разрешение на работу / визу')]	['68 0011223']
Вероятно, вы не предоставили новые документы после смены прописки. Мы можем актуализировать данные сейчас.	[]	[]
Пытаюсь оплатить покупку через PayPal, но система отклоняет мою карту. На ней GALINA BELYAEVA.	[(78, 93, 'Имя держателя карты')]	['GALINA BELYAEVA']
Убедитесь, что вы вводите данные без лишних символов, таких как точки или запятые. Только серия и номер.	[]	[]
У меня не проходит оплата по карте Росбанка в интернет-магазине.	[(35, 43, 'Наименование банка')]	['Росбанка']
Моё кодовое слово Закат. Я в командировке и не могу зайти в личный кабинет, как мне его сменить?	[(18, 23, 'Кодовые слова')]	['Закат']
Отлично, вы можете загрузить свой дизайн в приложении. Имя KSENIYA KOROLEVA будет напечатано в стандартном формате.	[(59, 75, 'Имя держателя карты')]	['KSENIYA KOROLEVA']
Ключ 'secure_api_key_for_backend' следует хранить в переменных окружения или в зашифрованном виде. Ни в коем случае не в открытом коде или публичных репозиториях.	[(6, 32, 'API ключи')]	['secure_api_key_for_backend']
Для подтверждения личности можно использовать паспорт. СНИЛС не является обязательным документом для идентификации в банке.	[]	[]
Да, скорее всего, срок действия вашего разрешения на работу 82 1234567 подходит к концу. Обновите его в ближайшее время.	[(60, 70, 'Разрешение на работу / визу')]	['82 1234567']
Временный пароль обычно действует 24 часа. Вам необходимо сменить его на постоянный в течение этого времени.	[]	[]
Пришлите нам скриншот ошибки и фото свидетельства. Мы проверим, где произошла неточность.	[]	[]
Вы можете выбрать любое удобное для вас слово. Главное, чтобы оно было легко запоминающимся и надёжным.	[]	[]
Я получил подозрительное СМС с просьбой перейти по ссылке. Оно пришло на номер 89031234567.	[(79, 90, 'Номер телефона')]	['89031234567']
Какой почтовый адрес указан для нашей компании? Мне кажется, он 379555, г. Москва, ул. Профсоюзная, д. 138, а/я 27.	[(64, 114, 'Данные об организации/юридическом лице (ИНН, КПП, ОГРН, БИК, адреса, расчётный счёт)')]	['379555, г. Москва, ул. Профсоюзная, д. 138, а/я 27']
Почему при попытке зарегистрироваться в мобильном приложении мой СНИЛС 860-241-155 93 не проходит проверку?	[(71, 85, 'СНИЛС клиента')]	['860-241-155 93']
При оформлении вклада система не принимает СНИЛС 888-999-000 11, пишет «неверный формат».	[(49, 63, 'СНИЛС клиента')]	['888-999-000 11']
Да, год рождения обязателен для идентификации. Пожалуйста, укажите его.	[]	[]
Да, это можно сделать в мобильном приложении. Перейдите в раздел 'Карты', выберите нужную и установите новый лимит.	[]	[]
Мне нужно подтверждение регистрации моей компании. Наш ИНН 7706112233. Где я могу его получить?	[(59, 69, 'Сведения об ИНН')]	['7706112233']
Я гражданин Вьетнама с ВНЖ. Могу ли я получить кредитную карту в вашем банке?	[(12, 20, 'Гражданство и названия стран')]	['Вьетнама']
Моя карта OLEG KOZLOV не работает в терминале. При этом в приложении всё в порядке.	[(10, 21, 'Имя держателя карты')]	['OLEG KOZLOV']
Не могу войти в онлайн-банк, код подтверждения не приходит на +7 (999) 240-15-18. Что делать?	[(62, 80, 'Номер телефона')]	['+7 (999) 240-15-18']
Это стандартная процедура безопасности. Пожалуйста, введите данные ещё раз для подтверждения.	[]	[]
Попробуйте сбросить пароль или переустановить приложение. Если проблема с доступом к счету 40817810000001962699 сохранится, обратитесь повторно.	[(91, 111, 'Номер банковского счета')]	['40817810000001962699']
Мои паспортные данные изменились. Адрес прописки: Волгоградская область, город Волгоград, улица Мира, дом 10, квартира 5.	[(50, 71, 'Полный адрес'), (73, 88, 'Полный адрес'), (90, 100, 'Полный адрес'), (102, 108, 'Полный адрес'), (110, 120, 'Полный адрес')]	['Волгоградская область', 'город Волгоград', 'улица Мира', 'дом 10', 'квартира 5']
Проверьте, пожалуйста, адрес доставки в личном кабинете. Возможно, карта с датой 04/24 была отправлена, но не получена вами.	[(81, 86, 'Дата окончания срока действия карты')]	['04/24']
У меня заблокировали карту ВТБ после нескольких подозрительных операций.	[(27, 30, 'Наименование банка')]	['ВТБ']
Хочу открыть дополнительную карту на имя Ержанова Армана для члена семьи. Какие условия?	[(41, 49, 'ФИО'), (50, 56, 'ФИО')]	['Ержанова', 'Армана']
Перевод на счет 40817810198765432109 в другой город обычно занимает от нескольких минут до одного рабочего дня, в зависимости от банка получателя.	[(16, 36, 'Номер банковского счета')]	['40817810198765432109']
У меня не получается привязать карту к Google Pay. Карта Кузнецова Андрея.	[(57, 66, 'ФИО'), (67, 73, 'ФИО')]	['Кузнецова', 'Андрея']
Попробуйте сбросить пароль. Если проблема сохранится, обратитесь в нашу службу поддержки. Мы поможем.	[]	[]
Проверьте, достаточно ли средств на счете 40817810599887766554 и корректно ли указан номер телефона для автопополнения. Могу помочь настроить.	[(42, 62, 'Номер банковского счета')]	['40817810599887766554']
Я хочу оформить доверенность на управление счетом. Достаточно ли вида на жительство 831000044?	[(84, 93, 'Серия и номер вида на жительство')]	['831000044']
Я родился 14.02.1989, это был вторник. При попытке перевода пишет ошибку даты.	[(10, 20, 'Дата рождения'), (30, 37, 'Дата рождения')]	['14.02.1989', 'вторник']
Справка о владении Skoda Octavia 2017 года с VIN TMBAC7NE2H0000000 будет подготовлена в течение дня.	[(19, 24, 'Данные об автомобиле клиента'), (25, 32, 'Данные об автомобиле клиента'), (33, 37, 'Данные об автомобиле клиента'), (49, 66, 'Данные об автомобиле клиента')]	['Skoda', 'Octavia', '2017', 'TMBAC7NE2H0000000']
Мне нужна выписка для налоговой. Можете отправить её на nalog@service.ru?	[(56, 72, 'Email')]	['nalog@service.ru']
Да, по нашим данным, ваша дата рождения совпадает с указанной. Спасибо за уточнение.	[]	[]
Могу ли я увеличить кредитный лимит? У меня хорошая кредитная история и стабильный доход.	[]	[]
Немедленно отзовите ключ в консоли Google Cloud. После этого сгенерируйте новый для вашей интеграции.	[]	[]
Мои родители говорят, что я родился ровно в 30 минут после полуночи. Есть ли поле для этого?	[(44, 46, 'Дата рождения')]	['30']
Мне пришло СМС о подозрительной операции по карте Райффайзенбанка.	[(50, 65, 'Наименование банка')]	['Райффайзенбанка']
Могу ли я получить детализацию звонков на номер 9360987654 через ваш банк?	[(48, 58, 'Номер телефона')]	['9360987654']
Понял вас. Сейчас проверю информацию по вашему запросу и свяжусь с вами в ближайшее время.	[]	[]
Продление карты обычно происходит автоматически. Если нет, обратитесь в отделение для перевыпуска.	[]	[]
Для входа нужна полная дата. Пожалуйста, вспомните точный день и месяц рождения.	[]	[]
Мой СНИЛС 012-345-678 90 не принимается при регистрации в онлайн-банке. Что не так?	[(10, 24, 'СНИЛС клиента')]	['012-345-678 90']
Для восстановления доступа при неактивном номере +7 948 234 56 78 вам потребуется обратиться в отделение банка с паспортом. Мы поможем обновить данные.	[(49, 65, 'Номер телефона')]	['+7 948 234 56 78']
Хочу перевыпустить карту заранее, так как срок действия до 03/28, а я уезжаю. Это возможно?	[(59, 64, 'Дата окончания срока действия карты')]	['03/28']
Уточните причину блокировки расчётного счёта 40702810936109605330 в службе поддержки. Возможно, это связано с безопасностью или требованиями законодательства. Мы готовы помочь вам в этом.	[(45, 65, 'Данные об организации/юридическом лице (ИНН, КПП, ОГРН, БИК, адреса, расчётный счёт)')]	['40702810936109605330']
На моей карте написано 10/26. Это значит, что она перестанет работать в октябре 2026?	[(23, 28, 'Дата окончания срока действия карты')]	['10/26']
Проверьте, пожалуйста, раскладку клавиатуры. Иногда пользователи вводят латинские буквы вместо кириллицы.	[]	[]
Моя регистрация изменилась с 2020 года на текущую, 2024 год. Как мне обновить данные в мобильном приложении?	[(29, 38, 'Дата регистрации по месту жительства или пребывания'), (42, 49, 'Дата регистрации по месту жительства или пребывания'), (51, 59, 'Дата регистрации по месту жительства или пребывания')]	['2020 года', 'текущую', '2024 год']
Мой муж, гражданин Китая, хочет открыть счет в вашем банке. Это возможно?	[(19, 24, 'Гражданство и названия стран')]	['Китая']
Не могу оплатить покупку на иностранном сайте, ввожу CVV 876, но платеж отклоняется. Что может быть не так?	[(57, 60, 'CVV/CVC')]	['876']
Номер 88005553535 является официальным номером банка. Однако, сотрудники никогда не просят назвать полные данные карты.	[(6, 17, 'Номер телефона')]	['88005553535']
Для обновления данных вам потребуется посетить отделение банка с вашим временным удостоверением. Приходите в любое удобное время.	[]	[]
Я прописан с 28 января 2019 года. Могут ли возникнуть проблемы с получением пенсии на карту?	[(13, 32, 'Дата регистрации по месту жительства или пребывания')]	['28 января 2019 года']
Для получения информации по ипотеке Муратовой Лейлы необходима её личная идентификация.	[(36, 45, 'ФИО'), (46, 51, 'ФИО')]	['Муратовой', 'Лейлы']
Могу ли я получить копию свидетельства о постановке на учёт? Мой ИНН 503098765432.	[(69, 81, 'Сведения об ИНН')]	['503098765432']
Я потерял карточку СНИЛС. Мой номер 010-232-454 40. Можете мне выдать справку?	[(36, 50, 'СНИЛС клиента')]	['010-232-454 40']
Это может означать, что данные вашего вида на жительство устарели или не были внесены в систему. Обновите их в отделении.	[]	[]
Чековую книжку можно заказать через интернет-банк или в отделении. Доставка осуществляется почтой на ваш адрес регистрации.	[]	[]
Моя дата рождения 25.11.1965. Мне нужно подтвердить её для получения пенсии. Какой формат?	[(18, 28, 'Дата рождения')]	['25.11.1965']
Для подтверждения этой информации вам потребуется обратиться в отделение банка с паспортом и оригиналом свидетельства.	[]	[]
Проверьте интернет-соединение. Если проблема сохраняется, попробуйте перезапустить приложение или браузер.	[]	[]
Да, пополнение счета наличными по временному удостоверению 741852963741 возможно через кассу банка.	[(59, 71, 'Временное удостоверение личности')]	['741852963741']
Мне пришло уведомление о подозрительной операции со счета 40702810300010002000. Это мошенники?	[(58, 78, 'Номер банковского счета')]	['40702810300010002000']
Хочу оформить электронную подпись для ИП. Мой ИНН 772898765432.	[(50, 62, 'Сведения об ИНН')]	['772898765432']
Да, это стандартная процедура для поддержания актуальности вашей анкеты. Ваша проблема будет решена.	[]	[]
Для снятия крупной суммы по временному удостоверению может потребоваться дополнительная проверка. Уточните детали в кассе.	[]	[]
Да, некоторые онлайн-операции могут требовать подтверждения ПИН-кодом для дополнительной безопасности. Убедитесь, что это проверенный сайт.	[]	[]
При проверке данных обнаружили, что наш юридический адрес г. Новосибирск, ул. Ленина, д. 104, кв. 108 указан некорректно. Как исправить?	[(58, 101, 'Данные об организации/юридическом лице (ИНН, КПП, ОГРН, БИК, адреса, расчётный счёт)')]	['г. Новосибирск, ул. Ленина, д. 104, кв. 108']
Я не могу получить доступ к некоторым функциям. Мне кажется, проблема с моими данными водительского удостоверения 3344 556677.	[(114, 125, 'Водительское удостоверение')]	['3344 556677']
Не пришло уведомление. Возможно, адрес в системе устарел. Мой текущий: Россия, Самарская обл., г. Самара, ул. Ленина, д. 150, стр. 2.	[(71, 77, 'Полный адрес'), (79, 93, 'Полный адрес'), (95, 104, 'Полный адрес'), (106, 116, 'Полный адрес'), (118, 124, 'Полный адрес'), (126, 132, 'Полный адрес')]	['Россия', 'Самарская обл.', 'г. Самара', 'ул. Ленина', 'д. 150', 'стр. 2']
Я зарегистрирован с 01.07.2020. Мне пришло сообщение, что срок регистрации истекает. Это ошибка?	[(20, 30, 'Дата регистрации по месту жительства или пребывания')]	['01.07.2020']
Возможно, для изменения адреса требуется подтверждение через отделение. Уточните информацию у оператора.	[]	[]
При оплате через мобильное приложение, в деталях транзакции был указан EMV-код: 9F1A07A1B2C3D4E5F678. Это безопасно для моих данных?	[(80, 100, 'Содержимое магнитной полосы')]	['9F1A07A1B2C3D4E5F678']
Мой паспорт серии 4500 номер 111222, выдан 01.01.2010. Почему я не могу получить выписку?	[(18, 22, 'Паспортные данные'), (29, 35, 'Паспортные данные'), (43, 53, 'Паспортные данные')]	['4500', '111222', '01.01.2010']
Я пытался снять наличные в банкомате, ввел ПИН 1234, но он выдал ошибку и заблокировал карту. Что мне делать?	[(47, 51, 'ПИН код')]	['1234']
Это может быть связано с попыткой несанкционированного доступа. Мы можем временно заблокировать карту.	[]	[]
Я хочу узнать, кто последний раз использовал API ключ API_AUDIT_LOG_KEY. Есть ли такая информация?	[(54, 71, 'API ключи')]	['API_AUDIT_LOG_KEY']
Я уезжаю жить в Испанию. Как мне закрыть все счета и карты перед отъездом в Испанию?	[(16, 23, 'Гражданство и названия стран'), (76, 83, 'Гражданство и названия стран')]	['Испанию', 'Испанию']
"Автоплатеж для Садыкова Тимура можно настроить в мобильном приложении в разделе ""Платежи""."	[(15, 23, 'ФИО'), (24, 30, 'ФИО')]	['Садыкова', 'Тимура']
Возможно, вы ввели код с ошибкой или срок его действия истёк. Пожалуйста, запросите новый код.	[]	[]
Не могу обновить паспортные данные в приложении, пишет ошибку. Моя серия 4509 и номер 321654.	[(73, 77, 'Паспортные данные'), (86, 92, 'Паспортные данные')]	['4509', '321654']
Я хочу оформить именную карту. Моё имя ANTON KOVALENKO. Как быстро её изготовят?	[(39, 54, 'Имя держателя карты')]	['ANTON KOVALENKO']
Я потерял карточку СНИЛС. Могу ли я узнать свой номер 316-248-739 12 через банк?	[(54, 68, 'СНИЛС клиента')]	['316-248-739 12']
Чтобы заблокировать API ключ API_DEV_CLIENT_BETA_V1, пожалуйста, подтвердите свой запрос в личном кабинете разработчика.	[(29, 51, 'API ключи')]	['API_DEV_CLIENT_BETA_V1']
Для восстановления пин-кода по временному удостоверению АБ98765432 вам нужно будет пройти идентификацию в отделении.	[(56, 66, 'Временное удостоверение личности')]	['АБ98765432']
Мне нужно активировать новую карту. Спрашивают имя GULNARA KHAYRULLINA. Это обязательно?	[(51, 70, 'Имя держателя карты')]	['GULNARA KHAYRULLINA']
Иногда после обновлений требуется повторная авторизация. Попробуйте войти снова или сбросить кодовое слово.	[]	[]
Для обновления адресов г. Санкт-Петербург, Невский пр-т, д. 50, лит. А и 190000, г. Санкт-Петербург, Невский пр-т, д. 50, лит. А необходимо заполнить заявление на сайте. Прикрепите подтверждающие документы.	[(23, 70, 'Данные об организации/юридическом лице (ИНН, КПП, ОГРН, БИК, адреса, расчётный счёт)'), (73, 128, 'Данные об организации/юридическом лице (ИНН, КПП, ОГРН, БИК, адреса, расчётный счёт)')]	['г. Санкт-Петербург, Невский пр-т, д. 50, лит. А', '190000, г. Санкт-Петербург, Невский пр-т, д. 50, лит. А']
Хорошо, я вижу ваш запрос. Проверю информацию по водительскому удостоверению 5910395460 и свяжусь с вами в ближайшее время.	[(77, 87, 'Водительское удостоверение')]	['5910395460']
Да, это официальное наименование. Если вы хотите внести изменения, сообщите нам.	[]	[]
Наличие разрешения на работу 41 8593402 не является препятствием для ипотеки. Условия будут зависеть от вашей платежеспособности и других факторов.	[(29, 39, 'Разрешение на работу / визу')]	['41 8593402']
Мой загранпаспорт заканчивается 29 февраля 2024 года. Могут ли возникнуть проблемы с оплатой за границей?	[(32, 52, 'Паспортные данные')]	['29 февраля 2024 года']
Это может быть связано с тем, что документы не были обработаны. Проверим статус вашей регистрации.	[]	[]
Я забыл ПИН-код от карты, привязанной к счету 40817810901234567890. Как его восстановить?	[(46, 66, 'Номер банковского счета')]	['40817810901234567890']
Да, вы можете добавить данные 12 34 567890 в разделе «Мои документы» в мобильном приложении. Это откроет доступ к персонализированным акциям и бонусам.	[(30, 42, 'Водительское удостоверение')]	['12 34 567890']
Возможно, вы ввели данные старого паспорта. Убедитесь, что используете информацию из актуального документа.	[]	[]
Рекомендуем обновить его заранее, чтобы избежать проблем с международными операциями. Мы поможем вам в этом вопросе.	[]	[]
К сожалению, узнать ПИН-код невозможно. Единственный способ — перевыпуск карты, после чего вы сможете установить новый ПИН.	[]	[]
Моя карта 5200 1234 5678 9012 истекает в следующем месяце. Как мне заказать перевыпуск?	[(10, 29, 'Номер карты')]	['5200 1234 5678 9012']
Я заметил, что место моего рождения почему-то указано как Орёл. Мне нужно это исправить.	[(58, 62, 'Место рождения')]	['Орёл']
Я пытаюсь установить кодовое слово «Космос», но система выдает ошибку. В чем причина?	[(36, 42, 'Кодовые слова')]	['Космос']
Пополняла карту Гусейновой Айгуль через терминал, но деньги не зачислились. Куда они делись?	[(16, 26, 'ФИО'), (27, 33, 'ФИО')]	['Гусейновой', 'Айгуль']
Как происходит аутентификация карты с помощью EMV-чипа, если я видел 9F2608A1B2C3D4E5F67890?	[(69, 91, 'Содержимое магнитной полосы')]	['9F2608A1B2C3D4E5F67890']
Прошу подтвердить, что мой почтовый адрес для получения документов 125009, г. Москва, ул. Большая Дмитровка, д. 32. Это очень важно для своевременной доставки.	[(67, 114, 'Данные об организации/юридическом лице (ИНН, КПП, ОГРН, БИК, адреса, расчётный счёт)')]	['125009, г. Москва, ул. Большая Дмитровка, д. 32']
Этот код является частью протокола EMV для обеспечения безопасности. Он не несет угрозы вашим средствам.	[]	[]
Я хочу перевыпустить карту. Моё разрешение на работу 81 4567890.	[(53, 63, 'Разрешение на работу / визу')]	['81 4567890']
Номер двигателя N47D20C-1234567 обычно указан в ПТС и на самом двигателе. Могу подсказать, где именно его искать.	[(16, 31, 'Данные об автомобиле клиента')]	['N47D20C-1234567']
Эти данные относятся к информации об эмитенте карты. Они используются для обработки транзакции. Проблема может быть в связи или самом терминале.	[]	[]
Я забыл логин от интернет-банка. Можно ли его восстановить по данным моего разрешения на работу 29 2039485?	[(96, 106, 'Разрешение на работу / визу')]	['29 2039485']
Моё кодовое слово Цветок не работает в приложении. Это может быть связано с блокировкой?	[(18, 24, 'Кодовые слова')]	['Цветок']
Убедитесь, что карта не заблокирована и вы уведомили банк о своей поездке. Проверьте лимиты на снятие наличных.	[]	[]
Пытаюсь оформить пособие по уходу за ребенком, но система не принимает свидетельство о рождении XLIII-АТ 654321.	[(96, 111, 'Свидетельство о рождении')]	['XLIII-АТ 654321']
Проверили вашу информацию. Действительно, данные по визе 62 8765432 требуют актуализации в системе. Пожалуйста, обратитесь в отделение.	[(57, 67, 'Разрешение на работу / визу')]	['62 8765432']
Я из Тольятти. Пришло сообщение, что нужно подтвердить личность. Это связано с местом рождения?	[(5, 13, 'Место рождения')]	['Тольятти']
Мне нужно перевыпустить карту Банка Возрождение, срок действия истек.	[(30, 47, 'Наименование банка')]	['Банка Возрождение']
Мне нужно срочно перевести деньги на счет 40817810198765432109 в другой город. Сколько времени займет перевод?	[(42, 62, 'Номер банковского счета')]	['40817810198765432109']
Да, для безопасности и подтверждения личности при перевыпуске карты через банкомат могут запрашиваться данные документа.	[]	[]
Да, я могу подтвердить корректность КПП 838301001. Уточните название вашей организации для проверки.	[(40, 49, 'Данные об организации/юридическом лице (ИНН, КПП, ОГРН, БИК, адреса, расчётный счёт)')]	['838301001']
Проверим настройки автоплатежа и корректность ИНН 7713123456. Возможно, произошел технический сбой.	[(50, 60, 'Сведения об ИНН')]	['7713123456']
Наша компания проводит мероприятие. Мы хотим пригласить представителя банка в наш офис по адресу: Воронеж, Ленинский район, улица Плехановская, дом 53, офис 7.	[(98, 105, 'Полный адрес'), (107, 122, 'Полный адрес'), (124, 142, 'Полный адрес'), (144, 150, 'Полный адрес'), (152, 158, 'Полный адрес')]	['Воронеж', 'Ленинский район', 'улица Плехановская', 'дом 53', 'офис 7']
Приносим извинения за неудобства. Проверьте, не превышен ли лимит или нет ли других причин блокировки, кроме срока действия.	[]	[]
Для отзыва ключа 'sandbox_key_project_alpha' и создания нового, перейдите в раздел 'Управление ключами' на портале разработчиков. Там есть соответствующие опции.	[(18, 43, 'API ключи')]	['sandbox_key_project_alpha']
Мой телефон с NFC не смог оплатить, терминал выдал ошибку и показал Track 2: 5234567890123456=26012010000012345678. В чем проблема?	[(77, 114, 'Содержимое магнитной полосы')]	['5234567890123456=26012010000012345678']
Моя мама не может оплатить коммунальные услуги через приложение Россельхозбанка, оно выдает ошибку.	[(64, 79, 'Наименование банка')]	['Россельхозбанка']
Я регистрировал автоплатеж, но подтверждение не пришло на почту autopay@service.ru.	[(64, 82, 'Email')]	['autopay@service.ru']
Для международных переводов ИНН получателя не всегда является обязательным. Уточните страну и банк получателя.	[]	[]
Вчера при оплате такси через приложение, я случайно ввёл CVV 567 не от той карты. Деньги списались.	[(61, 64, 'CVV/CVC')]	['567']
При попытке оплаты в зарубежном интернет-магазине выдало ошибку. Может быть, из-за того, что срок действия карты до 08/25?	[(116, 121, 'Дата окончания срока действия карты')]	['08/25']
Получил код 110987, но он пришёл спустя полчаса. Теперь он недействителен. Почему так?	[(12, 18, 'Одноразовые коды')]	['110987']
Да, мы можем предоставить вам эту информацию. Для этого потребуется подтверждение по ИНН 7726001122.	[(89, 99, 'Сведения об ИНН')]	['7726001122']
Мне нужно узнать реквизиты для пополнения счета из-за границы для Уралсиба.	[(66, 74, 'Наименование банка')]	['Уралсиба']
Я хочу заказать именную карту. Доставка нужна по адресу: Иркутская область, город Иркутск, улица Карла Маркса, 15, строение 3.	[(57, 74, 'Полный адрес'), (76, 89, 'Полный адрес'), (91, 109, 'Полный адрес'), (111, 113, 'Полный адрес'), (115, 125, 'Полный адрес')]	['Иркутская область', 'город Иркутск', 'улица Карла Маркса', '15', 'строение 3']
Для корректного заполнения анкеты укажите «Смоленск».	[(43, 51, 'Место рождения')]	['Смоленск']
Немедленно заблокируйте карту через мобильное приложение или по телефону горячей линии. Мы поможем вам перевыпустить ее.	[]	[]
Да, привязка карты к СБП безопасна и не требует ввода CVV 707. Для подтверждения используются другие методы, например, СМС-код.	[(58, 61, 'CVV/CVC')]	['707']
Коды имеют ограниченный срок действия. Запросите новый код и введите его быстрее.	[]	[]
Изменить валюту существующего счета невозможно. Вы можете открыть новый счет в долларах и перевести на него средства.	[]	[]
Вчера банкомат не принял мою карту, показав ошибку и Track 2: 4999999999999999=29042010000012345678.	[(62, 99, 'Содержимое магнитной полосы')]	['4999999999999999=29042010000012345678']
Некоторые данные можно изменить только в отделении банка. Посетите нас с паспортом для внесения изменений.	[]	[]
Мне пришло СМС о подозрительной операции по карте 4000111122223333. Это действительно от банка?	[(50, 66, 'Номер карты')]	['4000111122223333']
Хочу узнать, сколько процентов начислено на остаток по счету 40817810400000000001 за прошлый квартал.	[(61, 81, 'Номер банковского счета')]	['40817810400000000001']
Возможно, в токене отсутствуют необходимые права доступа (скоупы) для получения истории операций. Проверьте их в документации.	[]	[]
У меня вопрос по детскому вкладу. При оформлении указывал свидетельство I-МЮ 012345, но сейчас не вижу его в списке документов.	[(72, 83, 'Свидетельство о рождении')]	['I-МЮ 012345']
Да, в наших системах зафиксирован именно этот адрес. Вы хотите его изменить или подтвердить?	[]	[]
Сегодня утром я пытался перевести деньги, ввёл код 234567, но операция не прошла. Почему?	[(51, 57, 'Одноразовые коды')]	['234567']
Нет, данные EMV-чипа надежно защищены криптографией и не могут быть просто скопированы или прочитаны обычным устройством. Это обеспечивает высокий уровень безопасности.	[]	[]
На моей карте 4000111122223333 закончились деньги, но я не могу пополнить её через терминал. Почему?	[(14, 30, 'Номер карты')]	['4000111122223333']
Уточните, пожалуйста, номер карты. Возможно, вы получили карту другого типа или произошла ошибка при выпуске.	[]	[]
Доверенность, выданная в Польше, должна быть легализована или апостилирована для использования в российском банке. Уточните детали в отделении.	[(25, 31, 'Гражданство и названия стран')]	['Польше']
Подтверждение платежа можно получить в мобильном приложении, в разделе 'История операций', или заказать справку.	[]	[]
Мой перевод в Монголию был отклонен без объяснения причин. Почему это произошло?	[(14, 22, 'Гражданство и названия стран')]	['Монголию']
Понял вас. Какая у вас верная дата рождения? Мы проверим информацию и скорректируем ее.	[]	[]
Обычно достаточно даты рождения. Время указывается только при специальных запросах или в некоторых формах.	[]	[]
Перевод на 89001234567 не прошел вчера. Деньги списались, но не дошли. Можно проверить?	[(11, 22, 'Номер телефона')]	['89001234567']
Никогда не переходите по таким ссылкам и не вводите пароль. Это фишинг. Наш банк никогда не запрашивает пароли по почте.	[]	[]
У меня есть старый СНИЛС, который начинался на 111-222-333 44. Новый СНИЛС 630-983-490 65. Нужно ли сообщать банку об изменениях?	[(75, 89, 'СНИЛС клиента')]	['630-983-490 65']
Для граждан Ирана открытие бизнес-счета возможно при предоставлении полного пакета документов. Условия могут отличаться.	[(12, 17, 'Гражданство и названия стран')]	['Ирана']
Возможно, это касается других данных. Давайте проверим вашу регистрацию с 04.04.2014 и остальные персональные данные.	[(74, 84, 'Дата регистрации по месту жительства или пребывания')]	['04.04.2014']
Чат-бот не дает мне изменить дату регистрации в профиле. Моя прописка изменилась с 2017 года на 2023.	[(83, 92, 'Дата регистрации по месту жительства или пребывания'), (96, 100, 'Дата регистрации по месту жительства или пребывания')]	['2017 года', '2023']
Нет, банкоматы обычно не запрашивают СНИЛС для пополнения карты. Уточните, какой именно банкомат вы использовали.	[]	[]
Моя дата рождения 19 сентября 1989 года. При входе в мобильный банк просят ввести её для подтверждения.	[(18, 20, 'Дата рождения'), (21, 29, 'Дата рождения'), (30, 34, 'Дата рождения')]	['19', 'сентября', '1989']
Забыл пароль к интернет-банку. Он был что-то вроде ClientPwd#1. Как мне его восстановить?	[(51, 62, 'Пароли')]	['ClientPwd#1']
Проверьте наличие достаточных средств на счете и дату следующего платежа. Возможно, была техническая ошибка.	[]	[]
Я хочу оформить пенсионную карту. Нужен ли для этого СНИЛС 203-853-909 30?	[(59, 73, 'СНИЛС клиента')]	['203-853-909 30']
Приносим извинения за задержку. Уточните, пожалуйста, на какой адрес вы отправляли письма и номер обращения.	[]	[]
Добрый день. Хочу открыть расчётный счёт для ООО «СтройГрад». Наш ИНН 7703123456. Этого достаточно для начала?	[(70, 80, 'Сведения об ИНН')]	['7703123456']
Да, если срок 07/25 ещё не истёк, вы можете оплачивать покупки за рубежом. Убедитесь, что нет других ограничений.	[(14, 19, 'Дата окончания срока действия карты')]	['07/25']
Хочу отменить заявку на детскую карту, которую подавал вчера. Там было указано свидетельство о рождении XXIX-СГ 111333.	[(104, 118, 'Свидетельство о рождении')]	['XXIX-СГ 111333']
У меня ИП, ИНН 504200000046. Я получил сообщение о подозрительной активности. Что это значит?	[(15, 27, 'Сведения об ИНН')]	['504200000046']
Сменить кодовое слово можно в личном кабинете в разделе «Безопасность» или через отделение; новая фраза начнёт действовать сразу после подтверждения.	[]	[]
Я хочу оспорить операцию, но мне нужно указать имя держателя INNA KISELEVA. Где его взять?	[(61, 74, 'Имя держателя карты')]	['INNA KISELEVA']
Я хочу узнать, есть ли ограничения на переводы в Бразилию.	[(49, 57, 'Гражданство и названия стран')]	['Бразилию']
Я потерял телефон, на который приходил код 131313. Как мне теперь подтверждать операции?	[(43, 49, 'Одноразовые коды')]	['131313']
Хочу поменять ПИН 2468 на новый, но не могу найти эту опцию в банкомате. Где она находится?	[(18, 22, 'ПИН код')]	['2468']
Срочно измените пароль в личном кабинете. Также проверьте историю операций на предмет подозрительной активности.	[]	[]
У меня привязана карта к автоплатежу, срок действия до 04/26. Нужно ли мне обновлять данные после перевыпуска?	[(55, 60, 'Дата окончания срока действия карты')]	['04/26']
Для подтверждения по телефону требуются дополнительные данные. Мы не запрашиваем полную серию и номер паспорта.	[]	[]
Юридический адрес нашей компании изменился на 190000, Санкт-Петербург, Невский пр-т, д. 100. Как его обновить в вашем банке?	[(46, 91, 'Данные об организации/юридическом лице (ИНН, КПП, ОГРН, БИК, адреса, расчётный счёт)')]	['190000, Санкт-Петербург, Невский пр-т, д. 100']
Я заметил подозрительное списание на 13444 рублей с моей карты 4600 4824 1675 6287 вчера. Я не делал эту покупку.	[(63, 82, 'Номер карты')]	['4600 4824 1675 6287']
Хочу отменить платёж, но код 112233, который пришёл, не принимается системой. Почему?	[(29, 35, 'Одноразовые коды')]	['112233']
Ни один безопасный сайт для онлайн-покупок не запрашивает ПИН-код карты. Это мошенничество. Немедленно закройте страницу и заблокируйте свою карту.	[]	[]
Да, вы можете детально настроить типы уведомлений в разделе «Настройки безопасности» в личном кабинете.	[]	[]
Для обновления данных вам необходимо предоставить новое разрешение на работу 76 7890123 в любом отделении банка.	[(77, 87, 'Разрешение на работу / визу')]	['76 7890123']
Я ввел ПИН 2468 в банкомате другого банка, и он выдал ошибку. Моя карта в порядке?	[(11, 15, 'ПИН код')]	['2468']
Мой вид на жительство 83№4785123 скоро истекает. Нужно ли заранее уведомить банк об этом, чтобы не было проблем?	[(22, 32, 'Серия и номер вида на жительство')]	['83№4785123']
Мне нужно подтвердить адрес регистрации. Могу ли я это сделать с помощью водительского удостоверения 83 23 000028?	[(101, 113, 'Водительское удостоверение')]	['83 23 000028']
Для оформления кредитной карты необходим паспорт. Водительское удостоверение 1728493051 может быть дополнительным документом.	[(77, 87, 'Водительское удостоверение')]	['1728493051']
Можно ли использовать карту без CVV 116 для оплаты в обычных магазинах?	[(36, 39, 'CVV/CVC')]	['116']
В настоящее время у нас нет совместных программ лояльности с Банком Санкт-Петербург. Мы можем предложить наши собственные акции.	[(61, 83, 'Наименование банка')]	['Банком Санкт-Петербург']
Для открытия детского счёта вам понадобится ваш паспорт, свидетельство о рождении ребёнка и ваше разрешение на работу 85 1234567.	[(118, 128, 'Разрешение на работу / визу')]	['85 1234567']
Я запрашиваю выписку по счету, и для идентификации просят СНИЛС 000-111-222 01. Могу ли я его продиктовать?	[(64, 78, 'СНИЛС клиента')]	['000-111-222 01']
Я хочу получить справку, но мне сказали, что нужно обновить срок действия истекает 10 сентября 2024 года. Что мне делать дальше?	[(83, 104, 'Дата регистрации по месту жительства или пребывания')]	['10 сентября 2024 года']
Хочу оформить кредитную карту с бонусами на АЗС. У меня BMW X5 2022 года.	[(56, 62, 'Данные об автомобиле клиента'), (63, 67, 'Данные об автомобиле клиента')]	['BMW X5', '2022']
Мой паспорт выдан Отделом УФМС России по району Коптево г. Москвы. Это корректно для анкеты?	[(18, 65, 'Паспортные данные')]	['Отделом УФМС России по району Коптево г. Москвы']
Я не получил свою новую карту. Возможно, проблема с адресом: Россия, Свердловская обл., г. Нижний Тагил, ул. Пушкина, д. 100, кв. 10.	[(61, 67, 'Полный адрес'), (69, 86, 'Полный адрес'), (88, 103, 'Полный адрес'), (105, 116, 'Полный адрес'), (118, 124, 'Полный адрес'), (126, 132, 'Полный адрес')]	['Россия', 'Свердловская обл.', 'г. Нижний Тагил', 'ул. Пушкина', 'д. 100', 'кв. 10']
Я пытаюсь оформить кредит, но система отклоняет данные моей визы 83 2419765. В чем может быть причина?	[(65, 75, 'Разрешение на работу / визу')]	['83 2419765']
Да, перед поездкой в Исландию рекомендуется уведомить банк. Это поможет избежать блокировки карты из-за подозрительных операций.	[(21, 29, 'Гражданство и названия стран')]	['Исландию']
Вы можете временно заблокировать карту через мобильное приложение. Для полной блокировки и перевыпуска потребуется идентификация.	[]	[]
Смена тарифа не влияет на CVV 123. Проверьте лимиты или свяжитесь с технической поддержкой для диагностики.	[(30, 33, 'CVV/CVC')]	['123']
Нет, CVV 585 не сообщается по телефону и не хранится в системах банка. Он указан только на физической карте. Если его нет, карту нужно перевыпустить.	[(9, 12, 'CVV/CVC')]	['585']
"Все детали вашей карты OLEG ZAKHAROV доступны в мобильном приложении в разделе ""Информация о карте""."	[(23, 36, 'Имя держателя карты')]	['OLEG ZAKHAROV']
К сожалению, мы не можем предоставить вам кодовое слово Лазурь. Вы можете задать новое в отделении.	[(56, 62, 'Кодовые слова')]	['Лазурь']
Мы проверим информацию по вашему адресу Россия, Новосибирская обл., г. Новосибирск, ул. Гагарина, д. 25, корп. 2, оф. 3 и свяжемся с курьерской службой.	[(40, 46, 'Полный адрес'), (48, 66, 'Полный адрес'), (68, 82, 'Полный адрес'), (84, 96, 'Полный адрес'), (98, 103, 'Полный адрес'), (105, 112, 'Полный адрес'), (114, 119, 'Полный адрес')]	['Россия', 'Новосибирская обл.', 'г. Новосибирск', 'ул. Гагарина', 'д. 25', 'корп. 2', 'оф. 3']
Немедленно проверьте свою почту и историю входов. Если смена пароля произошла без вашего участия, мы заблокируем доступ и проведем расследование.	[]	[]
Для зарегистрировать учетную запись просят водительское удостоверение. Мой номер 11 02 590052. Можете помочь?	[(81, 93, 'Водительское удостоверение')]	['11 02 590052']
Для привязки номера телефона к карте ребенка необходимо присутствие родителя и оригинал свидетельства о рождении.	[]	[]
Проверьте правильность ввода всех цифр ОГРН. Если проблема сохранится, обратитесь в техническую поддержку банка.	[]	[]
Попробуйте перезайти в приложение или личный кабинет. Иногда требуется время для обновления информации в системе.	[]	[]
При попытке перевода через СБП мне предложили подтвердить имя PETER SIDOROV. Зачем?	[(62, 75, 'Имя держателя карты')]	['PETER SIDOROV']
"Я родился 31 декабря 1999 года. Система не дает мне зарегистрироваться, пишет ""некорректная дата""."	[(10, 12, 'Дата рождения'), (13, 20, 'Дата рождения'), (21, 25, 'Дата рождения')]	['31', 'декабря', '1999']
Это означает, что кардридер не смог корректно считать данные со второй дорожки магнитной полосы вашей карты. Попробуйте другой способ оплаты или терминал.	[]	[]
Спасибо за предоставленные данные. Я уже занимаюсь вашим вопросом, ожидайте ответа.	[]	[]
Документация для ключа 'developer_access_token_v5' доступна на нашем портале для разработчиков в разделе 'API Reference'. Я могу отправить вам прямую ссылку.	[(24, 49, 'API ключи')]	['developer_access_token_v5']
В 1976 году я родился, в 45 минут. Забыл месяц и день.	[(2, 6, 'Дата рождения'), (25, 27, 'Дата рождения')]	['1976', '45']
С карты Джафарова Камиля списались деньги за подписку, которую он не оформлял. Как это отменить?	[(8, 17, 'ФИО'), (18, 24, 'ФИО')]	['Джафарова', 'Камиля']
Мой месяц рождения — январь. Я не могу пройти верификацию по телефону, потому что оператор спрашивает только месяц.	[(21, 27, 'Дата рождения')]	['январь']
Спасибо за уточнение. Передаю информацию в соответствующий отдел для дальнейшей обработки.	[]	[]
Мне нужно привязать СНИЛС 454-676-898 60 к счету для получения пенсионных выплат.	[(26, 40, 'СНИЛС клиента')]	['454-676-898 60']
Мне нужно сбросить пароль для доступа к уведомлениям. Мой текущий — Notify_Pwd_!.	[(68, 80, 'Пароли')]	['Notify_Pwd_!']
При попытке открыть счет для подростка, свидетельство о рождении II-ЬЬ 234567 не проходит проверку.	[(65, 77, 'Свидетельство о рождении')]	['II-ЬЬ 234567']
Да, водительское удостоверение 02 91 000020 является одним из документов, подтверждающих владение счетом. Мы примем его для верификации вашей личности.	[(31, 43, 'Водительское удостоверение')]	['02 91 000020']
У меня вопрос по переводу через банкомат. Деньги не зачислились на Хасанова Марата.	[(67, 75, 'ФИО'), (76, 82, 'ФИО')]	['Хасанова', 'Марата']
Максимальная длина пароля обычно составляет 32 символа. Убедитесь, что он содержит различные типы символов.	[]	[]
Да, для восстановления доступа к личному кабинету требуется подтверждение вашей личности по СНИЛС.	[]	[]
Вчера я вводил ПИН 9876 при оплате в магазине, но терминал выдал ошибку. Карта активна.	[(19, 23, 'ПИН код')]	['9876']
Я потерял паспорт. Последние данные, которые я помню: выдан 12.02.2015 Отделом УФМС России по Московской области в городе Мытищи.	[(60, 70, 'Паспортные данные'), (71, 128, 'Паспортные данные')]	['12.02.2015', 'Отделом УФМС России по Московской области в городе Мытищи']
Не могу войти в интернет-банк, пишет, что кодовое слово Ветер неверно. Что делать?	[(56, 61, 'Кодовые слова')]	['Ветер']
Не могу восстановить доступ к личному кабинету. СМС-код не приходит на основной номер, который я указывал при регистрации, кажется, это 8 (909) 234-56-78.	[(136, 153, 'Номер телефона')]	['8 (909) 234-56-78']
Мы не рассылаем подарки по месяцу рождения. Возможно, это мошенники. Будьте бдительны.	[]	[]
Мой вид на жительство 82-4567890. Мне не приходит SMS-код для подтверждения операции. В чем дело?	[(22, 32, 'Серия и номер вида на жительство')]	['82-4567890']
При оформлении вклада, оператор попросил мой вид на жительство 83 № 0120123. Это обязательная процедура?	[(63, 75, 'Серия и номер вида на жительство')]	['83 № 0120123']
Я беспокоюсь о безопасности своего CVV 113. Как я могу его дополнительно защитить от кражи?	[(39, 42, 'CVV/CVC')]	['113']
У меня в личном кабинете указан старый загранпаспорт, который истек 05.05.2022. Как обновить?	[(68, 78, 'Паспортные данные')]	['05.05.2022']
Хочу узнать, какой номер привязан к моему СБП. Кажется, это был 8 (903) 123-45-67.	[(64, 81, 'Номер телефона')]	['8 (903) 123-45-67']
Моё разрешение на работу 91 9876543 было недавно продлено. Нужно ли это сообщать в банк?	[(25, 35, 'Разрешение на работу / визу')]	['91 9876543']
Получил новую карту, и на ней имя ALEKSEY PETROV написано с ошибкой. Там должно быть Aleksey Petrov.	[(34, 48, 'Имя держателя карты'), (85, 99, 'Имя держателя карты')]	['ALEKSEY PETROV', 'Aleksey Petrov']
Я случайно сообщил свой ПИН-код 7148 по телефону человеку, который представился сотрудником банка. Что мне делать?	[(32, 36, 'ПИН код')]	['7148']
Сегодня утром пытался войти в приложение, но кодовое слово «Тетрадь» не сработало. Что делать?	[(60, 67, 'Кодовые слова')]	['Тетрадь']
Могу ли я использовать CVV 147 для снятия наличных в банкомате?	[(27, 30, 'CVV/CVC')]	['147']
Загранпаспорт истекает 01 июля 2027 года. Могу ли я получить новый кредит, если срок действия скоро закончится?	[(23, 40, 'Паспортные данные')]	['01 июля 2027 года']
Мне нужно подтверждение даты регистрации для налоговой. Она у меня с 15 июля 2019 года.	[(67, 86, 'Дата регистрации по месту жительства или пребывания')]	['с 15 июля 2019 года']
Проверьте, активна ли карта и достаточно ли средств на счете. Имя на карте должно быть написано латиницей.	[]	[]
У меня Mitsubishi Outlander голубого цвета, госномер Н006НН06. Не могу привязать к карте для оплаты парковки.	[(7, 17, 'Данные об автомобиле клиента'), (18, 27, 'Данные об автомобиле клиента'), (28, 36, 'Данные об автомобиле клиента'), (53, 61, 'Данные об автомобиле клиента')]	['Mitsubishi', 'Outlander', 'голубого', 'Н006НН06']
Я родился 5 января 1978 года. Хочу изменить мой день рождения на 6 января. Как это сделать?	[(10, 11, 'Дата рождения'), (12, 18, 'Дата рождения'), (19, 23, 'Дата рождения'), (65, 66, 'Дата рождения'), (67, 73, 'Дата рождения')]	['5', 'января', '1978', '6', 'января']
Дата регистрации не является единственным критерием. Ваша кредитная история и доход также важны для одобрения.	[]	[]
Да, конечно! Для активации бонусов нам нужно подтвердить ваш статус водителя по номеру 0102 030405.	[(87, 98, 'Водительское удостоверение')]	['0102 030405']
Мне пришло сообщение, что мои данные устарели. Моя регистрация с 04.04.2014, ничего не менялось.	[(65, 75, 'Дата регистрации по месту жительства или пребывания')]	['04.04.2014']
При настройке автоплатежа убедитесь, что все реквизиты введены верно. Первый платеж пройдет в указанную дату.	[]	[]
При попытке добавить vadim.egorov@list.ru как дополнительный контактный адрес, система выдает ошибку. Что делать?	[(21, 41, 'Email')]	['vadim.egorov@list.ru']
Да, мы видим, что ваше место рождения зарегистрировано как «Белгород». Всё в порядке.	[(60, 68, 'Место рождения')]	['Белгород']
Я хочу поменять номер телефона в банке. Нужно ли снова указывать, что я родился в Сургуте?	[(82, 89, 'Место рождения')]	['Сургуте']
Подтверждаем, что ваше место рождения указано как «Курск».	[(51, 56, 'Место рождения')]	['Курск']
Зафиксировал ваше обращение по двойному списанию с карты 5111232345456767. Создал заявку на спорную операцию, ожидайте рассмотрения в течение 5 рабочих дней.	[(57, 73, 'Номер карты')]	['5111232345456767']
Да, выписку по кредиту можно заказать в личном кабинете на сайте или в мобильном приложении. Она будет доступна в формате PDF.	[]	[]
Почему я не могу войти в интернет-банк? Может быть, проблема с видом на жительство 831000028?	[(83, 92, 'Серия и номер вида на жительство')]	['831000028']
На мой СНИЛС 529-679-623 48 пришло уведомление о каком-то новом кредите. Я ничего не оформлял, это ошибка!	[(13, 27, 'СНИЛС клиента')]	['529-679-623 48']
Я не могу привязать карту VERONIKA GUSEVA к новому сервису. Ошибка 'неверное имя'.	[(26, 41, 'Имя держателя карты')]	['VERONIKA GUSEVA']
Могу ли я увеличить лимит по карте, предъявив временное удостоверение 102030405060? Мне это срочно нужно.	[(70, 82, 'Временное удостоверение личности')]	['102030405060']
Я хочу изменить номер для входа в интернет-банк на +79031234567. Как это повлияет на мои текущие настройки?	[(51, 63, 'Номер телефона')]	['+79031234567']
Укажите его в соответствующем поле, это важная информация для верификации ваших данных. Пожалуйста, предоставьте данные для проверки.	[]	[]
Это подозрительное сообщение. Банк никогда не просит переходить по ссылкам в СМС. Удалите его и заблокируйте отправителя.	[]	[]
Почему мне не приходит подтверждение о регистрации в новой акции на мой номер +79158026643?	[(78, 90, 'Номер телефона')]	['+79158026643']
Мне нужно получить информацию о состоянии моего вклада. У меня только временное удостоверение 990011223344.	[(94, 106, 'Временное удостоверение личности')]	['990011223344']
Вы не можете восстановить 9876543210fedcba9876543210fedcba9876543210fedcba9876543210fedcba, но я могу помочь вам сгенерировать новый, подтвердив вашу личность.	[(26, 90, 'API ключи')]	['9876543210fedcba9876543210fedcba9876543210fedcba9876543210fedcba']
Возможно, неверно введён номер документа. Попробуйте снова, строго по образцу в свидетельстве.	[]	[]
Вы можете настроить соответствующие разрешения для ключа в IAM в Google Cloud Console. Это позволит ограничить его функциональность.	[]	[]
У меня в паспорте написано, что я родился в Туле. Это нужно внести?	[(44, 48, 'Место рождения')]	['Туле']
Мой загранпаспорт истекает 31 января 2026 года. Нужно ли мне присылать вам новый?	[(27, 46, 'Паспортные данные')]	['31 января 2026 года']
Да, пожалуйста, обновите данные вашей визы 83 2419765 до её истечения, чтобы избежать блокировки операций.	[(43, 53, 'Разрешение на работу / визу')]	['83 2419765']
Забыл ПИН-код от карты 4567890123456789. Как я могу его восстановить или изменить?	[(23, 39, 'Номер карты')]	['4567890123456789']
Да, СНИЛС является ключевым идентификатором для всех налоговых документов. Он должен быть указан.	[]	[]
Я вышла замуж, и моя фамилия изменилась. На карте до сих пор указано ELENA SMIRNOVA. Мне нужно перевыпустить карту?	[(69, 83, 'Имя держателя карты')]	['ELENA SMIRNOVA']
"Обычно достаточно указать ""Саратов"". Причина отказа, скорее всего, в другом."	[(27, 34, 'Место рождения')]	['Саратов']
Наш сервис перестал получать данные из Google Cloud. Ключ AIzaSy_3-w-0-x-5-x-2-z-0-w-0-x-5-y-6-z-0-y-4-z-9-x-8-z-8-z-8-x-4-w-5-z-0-w-7-w-5-z не работает. Это очень срочно!	[(58, 140, 'API ключи')]	['AIzaSy_3-w-0-x-5-x-2-z-0-w-0-x-5-y-6-z-0-y-4-z-9-x-8-z-8-z-8-x-4-w-5-z-0-w-7-w-5-z']
Попробуйте восстановить пароль через форму на сайте или обратитесь в контактный центр.	[]	[]
Зайдите в раздел «Настройки» или «Профиль» в приложении, затем выберите «Сменить пароль» и следуйте инструкциям.	[]	[]
Отклонение JWT токена при переходе может быть связано с недостаточными правами или неверным форматом запроса. Проверьте документацию.	[]	[]
Настройки автоплатежей и связанный с ними пароль можно найти в разделе «Платежи и переводы» вашего личного кабинета.	[]	[]
Нет, дата регистрации не влияет на перевыпуск карты. Однако, обновите её после 29 февраля 2024 года.	[(79, 94, 'Дата регистрации по месту жительства или пребывания')]	['29 февраля 2024']
Не могу активировать новую карту. Звоню с номера +7 987 654 32 10, но система не узнает меня.	[(49, 65, 'Номер телефона')]	['+7 987 654 32 10']
Возможно, система безопасности блокирует отправку кода при изменении чувствительных данных. Обратитесь в отделение.	[]	[]
Возможно, ошибка в серии или номере. Проверьте внимательно и попробуйте ввести данные заново.	[]	[]
Добрый день. Хочу проверить статус заявки на кредит для ИП. Мой ИНН 270123456789.	[(68, 80, 'Сведения об ИНН')]	['270123456789']
Почему в моем профиле висит старая дата регистрации от 03.01.2010, если я давно перепрописался?	[(55, 65, 'Дата регистрации по месту жительства или пребывания')]	['03.01.2010']
Да, вы можете оформить виртуальную карту в мобильном приложении. Она автоматически привяжется к вашему основному номеру телефона, например, 8 (943) 789 01 23.	[(140, 157, 'Номер телефона')]	['8 (943) 789 01 23']
Для подключения услуги нам потребуется подтвердить номер 4837534579. Это займет пару минут.	[(57, 67, 'Водительское удостоверение')]	['4837534579']
После неудачной транзакции увидел сообщение с кодом EMV: 9F3406A1B2C3D4E5F6. Что это может быть за ошибка?	[(57, 75, 'Содержимое магнитной полосы')]	['9F3406A1B2C3D4E5F6']
Если ОГРН 1007421356789 не менялся, то обновлять его не требуется. Данные актуальны.	[(10, 23, 'Данные об организации/юридическом лице (ИНН, КПП, ОГРН, БИК, адреса, расчётный счёт)')]	['1007421356789']
Я хочу изменить кодовое слово Путь, но мне говорят, что оно уже используется. Это как?	[(30, 34, 'Кодовые слова')]	['Путь']
Я пытаюсь настроить интеграцию, но мне нужен новый API ключ. Старый API_LEGACY_001 уже недействителен.	[(68, 82, 'API ключи')]	['API_LEGACY_001']
Мне не пришёл возврат средств за покупку, оплаченную картой 5500 9876 5432 1098. Прошло уже 5 дней.	[(60, 79, 'Номер карты')]	['5500 9876 5432 1098']
Да, выписку по счёту вы можете получить независимо от статуса обновления разрешения 70 1234567.	[(84, 94, 'Разрешение на работу / визу')]	['70 1234567']
Я родился 29.09.1999, это была среда. При попытке регистрации в банкомате не проходит.	[(10, 20, 'Дата рождения'), (31, 36, 'Дата рождения')]	['29.09.1999', 'среда']
При попытке входа в онлайн-банк мне пишет, что данные вида на жительство 82 8889900 неверны. Почему?	[(73, 83, 'Серия и номер вида на жительство')]	['82 8889900']
Да, граждане Латвии, работающие в России, могут получать зарплату на карту. Потребуются паспорт и подтверждение трудоустройства.	[(13, 19, 'Гражданство и названия стран'), (34, 40, 'Гражданство и названия стран')]	['Латвии', 'России']
Вчера пытался снять деньги в банкомате, но карта 4890123456789012 была захвачена. Что теперь делать?	[(49, 65, 'Номер карты')]	['4890123456789012']
Пожалуйста, немедленно заблокируйте карту через мобильное приложение или по телефону горячей линии.	[]	[]
Мне нужно оформить справку о наличии счета. У меня временное удостоверение 22334455.	[(75, 83, 'Временное удостоверение личности')]	['22334455']
Не могу найти свой Subaru Forester 2017 года в списке для онлайн-страхования. В чем может быть причина такой проблемы?	[(19, 25, 'Данные об автомобиле клиента'), (26, 34, 'Данные об автомобиле клиента'), (35, 39, 'Данные об автомобиле клиента')]	['Subaru', 'Forester', '2017']
Да, ваша регистрация с 01.07.2023 соответствует требованиям. Можете смело подавать заявку на ипотеку.	[(23, 33, 'Дата регистрации по месту жительства или пребывания')]	['01.07.2023']
Для подтверждения операции без кодового слова, пожалуйста, посетите отделение с вашим временным удостоверением личности.	[]	[]
Мне нужна справка о наличии счета для получения кредита. Моё имя TATYANA GRIGORIEVA.	[(65, 83, 'Имя держателя карты')]	['TATYANA GRIGORIEVA']
При входе в личный кабинет с паролем MyOnlineBank@2023 система просит ввести дополнительный код из СМС. Почему?	[(37, 54, 'Пароли')]	['MyOnlineBank@2023']
Это может быть временная ошибка на стороне платежного шлюза. Попробуйте повторить операцию через некоторое время или использовать другую карту.	[]	[]
Я хочу снять крупную сумму наличных. У меня временное удостоверение 334455667788.	[(68, 80, 'Временное удостоверение личности')]	['334455667788']
Похоже, данные Track 1 не считались. Возможно, карта размагнитилась, попробуйте другую карту или способ оплаты.	[]	[]
Подскажите, пожалуйста, как правильно произносится кодовое слово Тополь, чтобы система его приняла?	[(65, 71, 'Кодовые слова')]	['Тополь']
Я изменил номер телефона в приложении. На kirill.smirnov@rambler.ru должно прийти подтверждение, но его нет.	[(42, 67, 'Email')]	['kirill.smirnov@rambler.ru']
Могу ли я изменить лимит на перевод через СБП для Султанова Тимура? Хочу увеличить его.	[(50, 59, 'ФИО'), (60, 66, 'ФИО')]	['Султанова', 'Тимура']
Попросите партнера проверить, не истек ли срок действия токена. Возможно, также изменился публичный ключ для его верификации.	[]	[]
Мне пришло уведомление, что срок действия моей карты истекает в ноябре. Карта до 11/24.	[(64, 70, 'Дата окончания срока действия карты'), (81, 86, 'Дата окончания срока действия карты')]	['ноябре', '11/24']
Мобильное приложение не дает сохранить данные, когда я указываю свой СНИЛС 444-555-666 77.	[(75, 89, 'СНИЛС клиента')]	['444-555-666 77']
Понял. Для оформления нового загранпаспорта вам нужно обратиться в МВД. Мы можем обновить информацию после его получения.	[]	[]
Хочу узнать, почему моя заявка на открытие сберегательного счета для внука была отклонена. Я указывал свидетельство о рождении X-ДМ 900102.	[(127, 138, 'Свидетельство о рождении')]	['X-ДМ 900102']
Хочу изменить контактный email для связи. Мой текущий адрес egor.smirnov@outlook.com.	[(60, 84, 'Email')]	['egor.smirnov@outlook.com']
Вероятно, ошибка при вводе. Обратитесь в отделение, чтобы обновить данные по паспорту.	[]	[]
Почему не отображаются все операции по счету Османова Заура в мобильном приложении?	[(45, 53, 'ФИО'), (54, 59, 'ФИО')]	['Османова', 'Заура']
Мы можем обновить адрес после вашей идентификации. Подготовьте, пожалуйста, паспорт.	[]	[]
"При заполнении анкеты для сына укажите ""Иркутск"" в поле ""место рождения"", как в его свидетельстве."	[(40, 47, 'Место рождения')]	['Иркутск']
Понял вас. Если карта заблокирована из-за неверного ввода ПИН, вы можете разблокировать её через мобильное приложение или обратиться в любое отделение банка.	[]	[]
Код подтверждения отправлен. Пожалуйста, проверьте ваш электронный ящик в ближайшее время.	[]	[]
Для обновления данных по ИНН 7708123456 и новым адресам г. Санкт-Петербург, ул. Гагарина, д. 45, 190000, г. Санкт-Петербург, ул. Гагарина, д. 45 необходимо подать заявление с документами.	[(29, 39, 'Данные об организации/юридическом лице (ИНН, КПП, ОГРН, БИК, адреса, расчётный счёт)'), (56, 95, 'Данные об организации/юридическом лице (ИНН, КПП, ОГРН, БИК, адреса, расчётный счёт)'), (97, 144, 'Данные об организации/юридическом лице (ИНН, КПП, ОГРН, БИК, адреса, расчётный счёт)')]	['7708123456', 'г. Санкт-Петербург, ул. Гагарина, д. 45', '190000, г. Санкт-Петербург, ул. Гагарина, д. 45']
Мы можем проверить историю отправки кодов. Уточните, пожалуйста, детали операции, чтобы мы могли найти отправку на 89031234567.	[(115, 126, 'Номер телефона')]	['89031234567']
Да, подтверждение данных является обязательным требованием для всех клиентов с видом на жительство.	[]	[]
Моя жена, Гульнара Нургалиева, не может активировать новую карту. Что ей делать?	[(10, 18, 'ФИО'), (19, 29, 'ФИО')]	['Гульнара', 'Нургалиева']
Реквизиты для пополнения счета 40702810121232324343 доступны в разделе «Мои счета» → «Реквизиты» в вашем мобильном приложении.	[(31, 51, 'Номер банковского счета')]	['40702810121232324343']
Моя виза 89 2345678 заканчивается через неделю. Могут ли мне отказать в переводе денег?	[(9, 19, 'Разрешение на работу / визу')]	['89 2345678']
Мое разрешение на работу 81 4564567 скоро заканчивается. Могут ли заблокировать мой счет?	[(25, 35, 'Разрешение на работу / визу')]	['81 4564567']
Проверяю причину отклонения платежа за парковку для автомобиля с госномером В333СВ33. Возможно, проблема с лимитами.	[(76, 84, 'Данные об автомобиле клиента')]	['В333СВ33']
Номер двигателя M274DE20AL-9876543 принят. Могу подсказать ближайшие аккредитованные центры для прохождения контроля.	[(16, 34, 'Данные об автомобиле клиента')]	['M274DE20AL-9876543']
Ввожу код 147258 для оплаты покупки в интернете, но он не проходит. Что я делаю не так?	[(10, 16, 'Одноразовые коды')]	['147258']
Я подозреваю, что кто-то узнал мой пароль MyAccount_P@ss. Что мне делать, чтобы защитить свои средства?	[(42, 56, 'Пароли')]	['MyAccount_P@ss']
Мы ценим ваше мнение. Вы можете оставить отзыв через форму обратной связи на сайте или в мобильном приложении.	[]	[]
Для иностранных граждан, помимо временной регистрации, требуется действующее разрешение на работу 34 4561789 для рассмотрения заявки.	[(98, 108, 'Разрешение на работу / визу')]	['34 4561789']
Да, для оформления пенсионной карты и привязки к пенсионным выплатам СНИЛС является обязательным документом. Без него невозможно корректно обрабатывать пенсионные начисления.	[]	[]
У меня проблемы с доступом к интернет-банку, и я не могу изменить email. Мой текущий адрес olga.pavlova@mail.ru.	[(91, 111, 'Email')]	['olga.pavlova@mail.ru']
Проверьте папку «Спам» в сообщениях. Если там нет, попробуйте перезапустить приложение и запросить код снова.	[]	[]
Хочу узнать, есть ли возможность отслеживать использование API ключа API_USAGE_TRACKING_KEY в реальном времени?	[(69, 91, 'API ключи')]	['API_USAGE_TRACKING_KEY']
Изменение номера телефона возможно в отделении банка. Принесите свой документ для подтверждения.	[]	[]
Отклонение операции СБП редко связано со сроком действия визы 97 8593402. Причины могут быть в лимитах или ошибке в реквизитах.	[(62, 72, 'Разрешение на работу / визу')]	['97 8593402']
Я родился 17 числа. В личном кабинете указано 7. Это ошибка.	[(10, 12, 'Дата рождения'), (46, 47, 'Дата рождения')]	['17', '7']
По ИНН 8601234567 обнаружил ошибку в реквизитах платежа. Помогу сформировать новый.	[(7, 17, 'Сведения об ИНН')]	['8601234567']
Для обновления данных документа необходимо обратиться в отделение банка или воспользоваться мобильным приложением.	[]	[]
Проверьте подпись токена и его срок действия. Возможно, ключ для подписи был изменен или токен просрочен.	[]	[]
Нужно срочно перевести деньги за границу, но система не пропускает из-за срок действия истекает 20 декабря 2024 года. Как мне поступить в этой ситуации?	[(96, 116, 'Дата регистрации по месту жительства или пребывания')]	['20 декабря 2024 года']
Для оспаривания транзакции, назовите кодовое слово. Я помню его как Лето.	[(68, 72, 'Кодовые слова')]	['Лето']
Пусть попробует восстановить доступ через форму 'Забыли пароль' или обратится в службу поддержки.	[]	[]
Я получил новую карту, но CVV 134 на ней отличается от старой. Это нормально?	[(30, 33, 'CVV/CVC')]	['134']
Если терминал не считывает Track 2, попробуйте вставить карту чипом. Это частая проблема с магнитной полосой.	[]	[]
Некоторые подарочные карты могут иметь CVV-код для онлайн-активации или использования. Обычно он указан на обратной стороне под защитным слоем.	[]	[]
Я проверю статус указанного вами ключа. Пожалуйста, подождите несколько минут, пока система обновит данные.	[]	[]
Если вы забыли ПИН-код, вы можете совершать онлайн-покупки без него. Для операций в магазинах потребуется перевыпуск карты.	[]	[]
Моя временная регистрация продлена до 15 сентября 2025 года. Куда мне отправить подтверждение?	[(38, 59, 'Дата регистрации по месту жительства или пребывания')]	['15 сентября 2025 года']
Да, для ИП по ИНН 503400000030 доступно открытие валютного счета. Заявку можно подать через личный кабинет.	[(18, 30, 'Сведения об ИНН')]	['503400000030']
Мне нужно быстро обновить данные, мой номер водительского удостоверения 78 90 123456. Можете помочь с этим вопросом?	[(72, 84, 'Водительское удостоверение')]	['78 90 123456']
"Мой пароль ""SecureBank@ccount"" для интернет-банка не подходит. Сброс не работает, письмо не приходит."	[(12, 29, 'Пароли')]	['SecureBank@ccount']
Я пытался оплатить покупку на иностранном сайте, но пишет, что срок действия карты 03/27 недействителен. Что делать?	[(83, 88, 'Дата окончания срока действия карты')]	['03/27']
Чтобы изменить адрес, перейдите в раздел «Настройки» в приложении и выберите «Мои данные».	[]	[]
Я пытаюсь перевести деньги через СБП, но Альфа-Банк не отображается в списке банков-получателей.	[(41, 51, 'Наименование банка')]	['Альфа-Банк']
Подтверждение о закрытии счета 40817810300000000000 можно запросить в отделении банка или через интернет-банк. Оно будет готово в течение нескольких дней.	[(31, 51, 'Номер банковского счета')]	['40817810300000000000']
На номер +7(910)4567890 пришло подозрительное сообщение от имени банка. Это мошенники?	[(9, 23, 'Номер телефона')]	['+7(910)4567890']
"Возможно, это место рождения. Мы можем добавить ""Липецк"" в вашу анкету."	[(49, 55, 'Место рождения')]	['Липецк']
Я потерял свою карту 4606789012345678 в командировке. Можно ли мне получить временную карту?	[(21, 37, 'Номер карты')]	['4606789012345678']
Уточните БИК вашего банка для перевода от иностранного партнёра. Мне нужен код 044525225.	[(79, 88, 'Данные об организации/юридическом лице (ИНН, КПП, ОГРН, БИК, адреса, расчётный счёт)')]	['044525225']
Мне нужно подтвердить, что моя регистрация действует до 10 августа. Можете прислать справку?	[(53, 66, 'Дата регистрации по месту жительства или пребывания')]	['до 10 августа']
Если вы забыли ПИН-код для входа в приложение, вы можете восстановить его через функцию 'Забыли пароль' или связаться с нами для помощи с идентификацией.	[]	[]
Это указывает на проблемы с чтением магнитной полосы. Попробуйте воспользоваться чипом, если он есть, или обратитесь в отделение для перевыпуска.	[]	[]
"Комиссия за перевод в Казахстан зависит от суммы и выбранного способа. Проверьте актуальные тарифы в разделе ""Переводы за границу""."	[(22, 31, 'Гражданство и названия стран')]	['Казахстан']
Убедитесь, что API ключ API_AUTOPAY_SERVICE_ID имеет необходимые права для выполнения автоматических платежей и активен.	[(24, 46, 'API ключи')]	['API_AUTOPAY_SERVICE_ID']
На банковских картах указываются только имя и фамилия держателя, отчество не печатается. Это стандартная практика.	[]	[]
При оформлении доверенности на третье лицо для банковских операций требуется СНИЛС 555-666-777 56 доверителя.	[(83, 97, 'СНИЛС клиента')]	['555-666-777 56']
Оформление электронной подписи возможно при наличии временного удостоверения. Обратитесь к менеджеру.	[]	[]
Я получил новый паспорт. Старый был выдан 20 августа 2008 года. Что мне делать?	[(42, 62, 'Паспортные данные')]	['20 августа 2008 года']
Уточните, пожалуйста, что именно было написано в уведомлении. Возможно, произошла техническая ошибка.	[]	[]
Я не могу получить код подтверждения операции на номер 89265554433, находясь за границей.	[(55, 66, 'Номер телефона')]	['89265554433']
Мне нужно подтверждение наличия средств на счете 40702810800000000001 для визы. Как его получить?	[(49, 69, 'Номер банковского счета')]	['40702810800000000001']
Возможно, произошёл технический сбой на стороне сервиса. Убедитесь, что все данные, включая дату 03/26, введены корректно.	[(97, 102, 'Дата окончания срока действия карты')]	['03/26']
Мне нужно получить выписку по счёту за год. Для этого обязательно кодовое слово «Лес»?	[(81, 84, 'Кодовые слова')]	['Лес']
Хочу проверить статус заявки на РКО. Наш ИНН 7711223344. Как я могу это сделать?	[(45, 55, 'Сведения об ИНН')]	['7711223344']
Отлично, VIN XWE00002130000000 и 2019 год выпуска учтены для продления страховки.	[(13, 30, 'Данные об автомобиле клиента'), (33, 37, 'Данные об автомобиле клиента')]	['XWE00002130000000', '2019']
"Возможно. Уточните, пожалуйста, актуальные данные. Мы обновим ""Свердловская область""."	[(63, 83, 'Место рождения')]	['Свердловская область']
Я хочу оформить семейную страховку. У меня виза 88 5678901, а у жены 88 1122334.	[(48, 58, 'Разрешение на работу / визу'), (69, 79, 'Разрешение на работу / визу')]	['88 5678901', '88 1122334']
В логе транзакции вижу фрагмент EMV-чипа 9F2608A1B2C3D4E5F67890, это нормально?	[(41, 63, 'Содержимое магнитной полосы')]	['9F2608A1B2C3D4E5F67890']
Это означает, что наши специалисты не смогли подтвердить данные по вашей заявке. Пожалуйста, свяжитесь с нами для уточнения.	[]	[]
Здравствуйте. Проверил, выписка была отправлена на указанный адрес. Посмотрите папку «Спам» или «Нежелательная почта».	[]	[]
На мой номер 8-905-111-22-33 пришло сообщение о смене тарифа, но я ничего не менял. Это ошибка?	[(13, 28, 'Номер телефона')]	['8-905-111-22-33']
Ни в коем случае не сообщайте этот код никому. Мы заблокируем операцию и проверим активность по вашему счёту.	[]	[]
Мне необходимо подтвердить данные для СБП. Мой вид на жительство 83.5678901. Как это сделать?	[(65, 75, 'Серия и номер вида на жительство')]	['83.5678901']
Мне нужно сделать SWIFT-перевод в Южную Корею. Какая информация нужна для перевода в Южную Корею?	[(34, 45, 'Гражданство и названия стран'), (85, 96, 'Гражданство и названия стран')]	['Южную Корею', 'Южную Корею']
Можно ли временно отключить запрос ПИН 0909 для мелких покупок?	[(39, 43, 'ПИН код')]	['0909']
Мне нужно установить пароль для доступа к выпискам по счету. Какой пароль использовать?	[]	[]
"Услугу ""Защита покупок"" для карты Захаровой Елены можно подключить в мобильном приложении."	[(34, 43, 'ФИО'), (44, 49, 'ФИО')]	['Захаровой', 'Елены']
Мне пришло уведомление от магазина о некой ошибке с EMV данными, там был указан 9F02060000000100. Это важно?	[(80, 96, 'Содержимое магнитной полосы')]	['9F02060000000100']
У меня дата рождения 22 апреля 1984 года. При попытке изменить личные данные, система выдает ошибку. Помогите.	[(21, 23, 'Дата рождения'), (24, 30, 'Дата рождения'), (31, 35, 'Дата рождения')]	['22', 'апреля', '1984']
Убедитесь, что вы используете правильный Client Secret для данного приложения. Также проверьте настройки перенаправления URI.	[]	[]
Мне пришло уведомление о продлении автостраховки, там указан мой номер водительского 05 92 000012. Это корректно?	[(85, 97, 'Водительское удостоверение')]	['05 92 000012']
Я уезжаю в командировку, а срок действия моей карты до 10/25. Успею ли я получить новую карту до отъезда?	[(55, 60, 'Дата окончания срока действия карты')]	['10/25']
При регистрации в программе бонусов для детей, свидетельство о рождении IV-ЮЮ 456789 не проходит.	[(72, 84, 'Свидетельство о рождении')]	['IV-ЮЮ 456789']
У меня был старый СНИЛС, а теперь новый 506-708-910 32. Нужно ли сообщать об этом банку, если я не пользуюсь его услугами активно?	[(40, 54, 'СНИЛС клиента')]	['506-708-910 32']
Для получения выписки мне нужен расчётный счёт 40702810000000001234. Подтвердите, пожалуйста, его номер.	[(47, 67, 'Данные об организации/юридическом лице (ИНН, КПП, ОГРН, БИК, адреса, расчётный счёт)')]	['40702810000000001234']
Мне нужно получить новый API ключ для моего мобильного приложения. Старый ключ 'pk_test_7890ghijk' истек вчера, и пользователи не могут совершать платежи.	[(80, 97, 'API ключи')]	['pk_test_7890ghijk']
Попробуйте запросить код через голосовое меню. Иногда это помогает при проблемах с SMS.	[]	[]
Какие меры безопасности предусмотрены для моей карты? Моё имя OLGA EGOROVA.	[(62, 74, 'Имя держателя карты')]	['OLGA EGOROVA']
У меня возник овердрафт по счету 40702810200000000192. Почему это произошло, ведь я не подключал услугу?	[(33, 53, 'Номер банковского счета')]	['40702810200000000192']
Убедитесь, что ваш номер телефона актуален в системе. Дата регистрации на это не влияет.	[]	[]
Подтверждение об изменении лимита должно прийти. Проверьте, пожалуйста, папку «Спам». Если письма нет, я могу повторно отправить его.	[]	[]
"Да, если в паспорте указан ""Нижний Тагил"", то этого достаточно."	[(28, 40, 'Место рождения')]	['Нижний Тагил']
Курьер не нашел мой дом. Адрес: город Самара, Октябрьский район, улица Ново-Садовая, дом 15, строение 6.	[(32, 44, 'Полный адрес'), (46, 63, 'Полный адрес'), (65, 83, 'Полный адрес'), (85, 91, 'Полный адрес'), (93, 103, 'Полный адрес')]	['город Самара', 'Октябрьский район', 'улица Ново-Садовая', 'дом 15', 'строение 6']
Мне всегда приходил СМС-код для подтверждения, а сегодня сайт запросил только CVV 765. 3D Secure не сработал?	[(82, 85, 'CVV/CVC')]	['765']
Откройте раздел «Настройки профиля», выберите «Контактные данные». Измените номер на +79158026643 и подтвердите операцию SMS-кодом.	[(85, 97, 'Номер телефона')]	['+79158026643']
Мой паспорт: 45 18 223344, выдан 08 марта 2021 года. Мне нужно подтвердить личность для открытия вклада.	[(13, 25, 'Паспортные данные'), (33, 51, 'Паспортные данные')]	['45 18 223344', '08 марта 2021 года']
При заполнении анкеты на кредит я указал дату регистрации 10 февраля 2020 года, но система выдаёт ошибку.	[(58, 78, 'Дата регистрации по месту жительства или пребывания')]	['10 февраля 2020 года']
Оформляю новую банковскую карту для сотрудника. Наша организация имеет ИНН 7709112233.	[(75, 85, 'Сведения об ИНН')]	['7709112233']
Выбор ПИН-кода 9090 допустим, но для максимальной безопасности рекомендуется использовать менее предсказуемые комбинации цифр.	[(15, 19, 'ПИН код')]	['9090']
Да, вы можете начать процесс онлайн, но для окончательного оформления потребуется визит в отделение с оригиналами документов.	[]	[]
Справку об остатке на счете 40817810800004543788 можно заказать в мобильном приложении или в отделении банка. Она будет готова в течение дня.	[(28, 48, 'Номер банковского счета')]	['40817810800004543788']
Для получения точной информации по депозиту, пожалуйста, укажите номер договора или дату открытия вклада.	[]	[]
Да, это EMV-тег, который указывает на код страны терминала. Он используется для обеспечения безопасности и правильной обработки транзакции.	[]	[]
Я хочу закрыть счет, но мне сказали, что нужно подтвердить разрешение 96 2342345. Зачем?	[(70, 80, 'Разрешение на работу / визу')]	['96 2342345']
Попробуйте сбросить пароль. Если не поможет, обратитесь в поддержку, сообщив номер 99887766.	[(83, 91, 'Водительское удостоверение')]	['99887766']
Я гражданин Беларуси, могу ли я открыть у вас дебетовую карту? Я сейчас проживаю в Москве по виду на жительство.	[(12, 20, 'Гражданство и названия стран')]	['Беларуси']
Заявка на карту с доставкой по указанному адресу принята. Срок доставки составляет от 3 до 5 рабочих дней.	[]	[]
Я пытаюсь перевести деньги другу, но его имя MARIA NIKITINA не находится в СБП. Это нормально?	[(45, 59, 'Имя держателя карты')]	['MARIA NIKITINA']
Мой загранпаспорт срок действия истекает 07 апреля 2024 года, могу ли я еще совершать валютные операции? Очень важно решить этот вопрос как можно скорее.	[(41, 60, 'Паспортные данные')]	['07 апреля 2024 года']
Хочу зарегистрировать свой Volkswagen Polo в мобильном приложении. Это модель 2019 года.	[(27, 37, 'Данные об автомобиле клиента'), (38, 42, 'Данные об автомобиле клиента'), (78, 82, 'Данные об автомобиле клиента')]	['Volkswagen', 'Polo', '2019']
Хочу экспортировать автомобиль. Номер кузова WDDGF84X20K987654. Какие документы нужны от банка?	[(45, 62, 'Данные об автомобиле клиента')]	['WDDGF84X20K987654']
Банкомат выдал ошибку чтения Track 2: 5213456789012345=24095011234567890123. Что это за код и почему он появился?	[(38, 75, 'Содержимое магнитной полосы')]	['5213456789012345=24095011234567890123']
Да, если клиент использовал наш сервис, возможно, проблема была с app_key_prod_QWERTYUIOPASDFGHJKLMNBVCXZ. Уточните детали платежа.	[(66, 105, 'API ключи')]	['app_key_prod_QWERTYUIOPASDFGHJKLMNBVCXZ']
Моя карта истекает 02/24. Я не хочу перевыпускать её. Как мне отказаться?	[(19, 24, 'Дата окончания срока действия карты')]	['02/24']
Да, это стандартная процедура для идентификации клиента и обеспечения безопасности ваших данных.	[]	[]
Моя карта была заблокирована во время поездки в ОАЭ. Как ее разблокировать?	[(48, 51, 'Гражданство и названия стран')]	['ОАЭ']
Если вы не помните старый пароль, выберите опцию «Забыли пароль» и пройдите процедуру восстановления через привязанный номер телефона.	[]	[]
У меня вопрос по подать жалобу. Мой водительский номер 83 49 617309. Можете посмотреть информацию?	[(55, 67, 'Водительское удостоверение')]	['83 49 617309']
"Наша компания ООО ""Омега"" переехала. Новый юридический адрес г. Санкт-Петербург, Невский пр-т, д. 50, лит. А, а почтовый 190000, г. Санкт-Петербург, Невский пр-т, д. 50, лит. А. Куда отправлять документы для обновления?"	[(61, 108, 'Данные об организации/юридическом лице (ИНН, КПП, ОГРН, БИК, адреса, расчётный счёт)'), (121, 176, 'Данные об организации/юридическом лице (ИНН, КПП, ОГРН, БИК, адреса, расчётный счёт)')]	['г. Санкт-Петербург, Невский пр-т, д. 50, лит. А', '190000, г. Санкт-Петербург, Невский пр-т, д. 50, лит. А']
Да, пожалуйста, предоставьте новый, неповрежденный дубликат вида на жительство для обновления наших записей.	[]	[]
Для перевода активов вам потребуется открыть брокерский счёт у нас. Мы предоставим все необходимые инструкции и формы.	[]	[]
Нет, в банкомате такая функция не предусмотрена. Вы можете узнать свой СНИЛС через портал Госуслуг или обратившись в Пенсионный фонд.	[]	[]
Моё место рождения Ульяновск. При попытке входа в личный кабинет через веб-версию, просят ввести место рождения. Это нормально?	[(19, 28, 'Место рождения')]	['Ульяновск']
Понятно. Старые терминалы могут быть чувствительны к износу магнитной полосы. Рекомендую обновить карту, чтобы избежать таких проблем в будущем.	[]	[]
Не могу подтвердить операцию по детской карте, просит данные свидетельства о рождении XXXIV-ЦИ 222333, но я не помню их.	[(86, 101, 'Свидетельство о рождении')]	['XXXIV-ЦИ 222333']
Для рассмотрения заявки на увеличение лимита нам потребуется обновить информацию о вашем разрешении на работу 25 5674890.	[(110, 120, 'Разрешение на работу / визу')]	['25 5674890']
Я хочу узнать, как часто можно менять кодовое слово Июль. Есть ли ограничения?	[(52, 56, 'Кодовые слова')]	['Июль']
Для полной идентификации нам нужен точный день. Пожалуйста, укажите полную дату рождения.	[]	[]
Я хочу узнать, сколько осталось платежей по автокредиту. Нужен ли для этого номер водительского 81 92 230415?	[(96, 108, 'Водительское удостоверение')]	['81 92 230415']
Подскажите, почему не могу зайти в онлайн-банк? У меня карта Тинькофф Банка.	[(61, 75, 'Наименование банка')]	['Тинькофф Банка']
Проверьте, не истек ли срок действия карты или нет ли ограничений на международные платежи. Уточните детали.	[]	[]
Оплата по QR-коду обычно не требует ввода CVV 474. Будьте осторожны, это может быть попытка мошенничества. Уточните информацию у продавца.	[(46, 49, 'CVV/CVC')]	['474']
