id,Prediction
0,[]
1,"[(106, 124, 'Номер телефона')]"
2,[]
3,"[(88, 93, 'Паспортные данные'), (102, 108, 'Паспортные данные')]"
4,"[(82, 94, 'Водительское удостоверение')]"
5,"[(51, 63, 'Временное удостоверение личности')]"
6,[]
7,"[(10, 24, 'СНИЛС клиента')]"
8,"[(57, 61, 'ПИН код')]"
9,"[(101, 155, 'Содержимое магнитной полосы')]"
10,[]
11,[]
12,"[(60, 69, 'Дата окончания срока действия карты')]"
13,"[(60, 79, 'Дата регистрации по месту жительства или пребывания')]"
14,[]
15,"[(65, 81, 'Номер карты')]"
16,"[(66, 83, 'Email')]"
17,[]
18,"[(45, 52, 'Место рождения'), (59, 69, 'Место рождения')]"
19,[]
20,[]
21,[]
22,"[(21, 41, 'Дата регистрации по месту жительства или пребывания')]"
23,[]
24,"[(56, 76, 'Данные об организации/юридическом лице (ИНН, КПП, ОГРН, БИК, адреса, расчётный счёт)'), (83, 92, 'Данные об организации/юридическом лице (ИНН, КПП, ОГРН, БИК, адреса, расчётный счёт)')]"
25,"[(12, 18, 'Одноразовые коды')]"
26,"[(32, 35, 'Данные об автомобиле клиента'), (36, 40, 'Данные об автомобиле клиента'), (51, 68, 'Данные об автомобиле клиента')]"
27,"[(86, 100, 'СНИЛС клиента')]"
28,[]
29,[]
30,[]
31,[]
32,"[(12, 22, 'Разрешение на работу / визу')]"
33,[]
34,[]
35,[]
36,"[(48, 59, 'Водительское удостоверение')]"
37,[]
38,[]
39,"[(39, 43, 'ПИН код')]"
40,[]
41,"[(58, 93, 'API ключи')]"
42,[]
43,"[(7, 13, 'Полный адрес')]"
44,"[(40, 46, 'Кодовые слова')]"
45,[]
46,"[(67, 79, 'Номер телефона')]"
47,[]
48,"[(59, 69, 'Разрешение на работу / визу')]"
49,[]
50,"[(81, 94, 'Место рождения')]"
51,"[(29, 42, 'Пароли')]"
52,[]
53,"[(56, 62, 'Дата окончания срока действия карты'), (104, 116, 'Дата окончания срока действия карты')]"
54,"[(15, 27, 'Сведения об ИНН')]"
55,[]
56,"[(20, 25, 'Гражданство и названия стран')]"
57,"[(19, 54, 'Место рождения')]"
58,[]
59,"[(42, 52, 'Данные об организации/юридическом лице (ИНН, КПП, ОГРН, БИК, адреса, расчётный счёт)')]"
60,[]
61,[]
62,[]
63,"[(95, 98, 'CVV/CVC')]"
64,[]
65,"[(33, 39, 'Одноразовые коды')]"
66,"[(24, 38, 'Пароли')]"
67,[]
68,"[(56, 68, 'Сведения об ИНН')]"
69,[]
70,"[(37, 42, 'Дата окончания срока действия карты')]"
71,"[(14, 24, 'Водительское удостоверение')]"
72,[]
73,"[(18, 25, 'Дата рождения'), (33, 38, 'Дата рождения')]"
74,"[(97, 107, 'Разрешение на работу / визу')]"
75,"[(68, 92, 'Email')]"
76,"[(27, 46, 'Номер карты')]"
77,[]
78,"[(63, 73, 'Временное удостоверение личности')]"
79,"[(96, 99, 'Номер телефона'), (99, 106, 'Водительское удостоверение')]"
80,"[(115, 118, 'Гражданство и названия стран')]"
81,"[(36, 46, 'Сведения об ИНН')]"
82,"[(76, 83, 'Паспортные данные')]"
83,[]
84,"[(83, 96, 'Свидетельство о рождении')]"
85,"[(76, 92, 'Имя держателя карты')]"
86,"[(103, 113, 'Разрешение на работу / визу')]"
87,[]
88,"[(54, 92, 'Данные об организации/юридическом лице (ИНН, КПП, ОГРН, БИК, адреса, расчётный счёт)')]"
89,"[(73, 87, 'СНИЛС клиента')]"
90,"[(124, 134, 'Разрешение на работу / визу')]"
91,"[(24, 29, 'Дата окончания срока действия карты')]"
92,"[(43, 67, 'API ключи')]"
93,"[(21, 32, 'Номер телефона')]"
94,"[(37, 51, 'Имя держателя карты')]"
95,"[(46, 69, 'Email')]"
96,"[(78, 86, 'ФИО'), (87, 92, 'ФИО')]"
97,[]
98,"[(55, 80, 'Email')]"
99,"[(73, 85, 'Водительское удостоверение')]"
100,"[(27, 33, 'Полный адрес'), (35, 50, 'Полный адрес'), (52, 69, 'Полный адрес'), (71, 82, 'Полный адрес'), (84, 89, 'Полный адрес'), (91, 98, 'Полный адрес'), (100, 105, 'Полный адрес')]"
101,"[(43, 48, 'Дата окончания срока действия карты')]"
102,[]
103,[]
104,"[(6, 24, 'API ключи')]"
105,[]
106,[]
107,[]
108,[]
109,[]
110,[]
111,"[(70, 90, 'Номер банковского счета')]"
112,"[(76, 85, 'Место рождения')]"
113,[]
114,[]
115,[]
116,"[(54, 60, 'Одноразовые коды')]"
117,"[(35, 55, 'Данные об организации/юридическом лице (ИНН, КПП, ОГРН, БИК, адреса, расчётный счёт)'), (78, 88, 'Данные об организации/юридическом лице (ИНН, КПП, ОГРН, БИК, адреса, расчётный счёт)'), (99, 108, 'Данные об организации/юридическом лице (ИНН, КПП, ОГРН, БИК, адреса, расчётный счёт)')]"
118,[]
119,"[(50, 60, 'Серия и номер вида на жительство')]"
120,[]
121,"[(49, 62, 'Наименование банка')]"
122,"[(13, 25, 'Сведения об ИНН')]"
123,"[(20, 29, 'Данные об организации/юридическом лице (ИНН, КПП, ОГРН, БИК, адреса, расчётный счёт)'), (53, 88, 'Данные об организации/юридическом лице (ИНН, КПП, ОГРН, БИК, адреса, расчётный счёт)')]"
124,"[(117, 128, 'Номер телефона')]"
125,[]
126,[]
127,[]
128,"[(58, 70, 'Временное удостоверение личности')]"
129,"[(9, 15, 'Гражданство и названия стран')]"
130,"[(24, 26, 'Паспортные данные'), (33, 40, 'Паспортные данные'), (48, 67, 'Паспортные данные'), (92, 111, 'Паспортные данные')]"
131,[]
132,"[(70, 80, 'Временное удостоверение личности')]"
133,"[(38, 60, 'API ключи')]"
134,[]
135,"[(61, 80, 'API ключи')]"
136,[]
137,[]
138,"[(7, 17, 'Сведения об ИНН')]"
139,"[(70, 75, 'Дата окончания срока действия карты')]"
140,"[(18, 22, 'Кодовые слова')]"
141,"[(29, 33, 'ПИН код')]"
142,"[(34, 38, 'ПИН код')]"
143,[]
144,"[(36, 55, 'Дата регистрации по месту жительства или пребывания')]"
145,[]
146,"[(76, 86, 'Дата рождения')]"
147,"[(22, 31, 'Серия и номер вида на жительство')]"
148,"[(48, 64, 'Номер карты')]"
149,"[(46, 65, 'Номер карты')]"
150,"[(66, 72, 'Данные об автомобиле клиента'), (73, 78, 'Данные об автомобиле клиента'), (79, 83, 'Данные об автомобиле клиента')]"
151,"[(43, 54, 'Пароли')]"
152,"[(19, 35, 'Место рождения')]"
153,"[(71, 85, 'Гражданство и названия стран')]"
154,"[(54, 72, 'API ключи')]"
155,"[(62, 68, 'Гражданство и названия стран')]"
156,[]
157,"[(20, 40, 'Дата регистрации по месту жительства или пребывания')]"
158,[]
159,"[(10, 24, 'СНИЛС клиента')]"
160,"[(80, 83, 'CVV/CVC')]"
161,"[(75, 95, 'Номер банковского счета')]"
162,"[(49, 60, 'Полный адрес'), (62, 75, 'Полный адрес'), (77, 83, 'Полный адрес'), (85, 97, 'Полный адрес')]"
163,"[(28, 38, 'Сведения об ИНН')]"
164,"[(33, 45, 'Сведения об ИНН')]"
165,[]
166,"[(39, 54, 'Место рождения')]"
167,"[(80, 86, 'Кодовые слова')]"
168,[]
169,[]
170,"[(32, 38, 'Одноразовые коды')]"
171,[]
172,"[(77, 93, 'Свидетельство о рождении')]"
173,[]
174,"[(59, 75, 'Имя держателя карты')]"
175,"[(49, 66, 'Данные об автомобиле клиента')]"
176,"[(29, 41, 'Сведения об ИНН')]"
177,[]
178,[]
179,"[(68, 78, 'Временное удостоверение личности')]"
180,"[(13, 37, 'API ключи')]"
181,[]
182,"[(24, 70, 'Данные об организации/юридическом лице (ИНН, КПП, ОГРН, БИК, адреса, расчётный счёт)')]"
183,"[(67, 75, 'Временное удостоверение личности')]"
184,"[(53, 65, 'Сведения об ИНН')]"
185,"[(126, 138, 'Водительское удостоверение')]"
186,[]
187,"[(38, 75, 'Содержимое магнитной полосы')]"
188,"[(28, 42, 'СНИЛС клиента')]"
189,"[(37, 62, 'API ключи')]"
190,"[(51, 61, 'Данные об организации/юридическом лице (ИНН, КПП, ОГРН, БИК, адреса, расчётный счёт)'), (82, 95, 'Данные об организации/юридическом лице (ИНН, КПП, ОГРН, БИК, адреса, расчётный счёт)')]"
191,"[(69, 75, 'Полный адрес'), (77, 94, 'Полный адрес'), (96, 114, 'Полный адрес'), (116, 123, 'Полный адрес'), (125, 133, 'Полный адрес')]"
192,"[(53, 63, 'Разрешение на работу / визу')]"
193,"[(82, 86, 'ПИН код')]"
194,"[(26, 36, 'Водительское удостоверение')]"
195,"[(39, 59, 'Номер банковского счета')]"
196,"[(30, 41, 'Номер телефона')]"
197,"[(75, 77, 'Дата рождения')]"
198,[]
199,"[(84, 107, 'API ключи')]"
200,"[(17, 21, 'Дата рождения')]"
201,"[(78, 90, 'Сведения об ИНН')]"
202,"[(54, 55, 'Дата регистрации по месту жительства или пребывания'), (56, 66, 'Дата регистрации по месту жительства или пребывания')]"
203,[]
204,"[(35, 45, 'Разрешение на работу / визу')]"
205,"[(89, 101, 'Свидетельство о рождении')]"
206,"[(45, 52, 'ФИО'), (53, 58, 'ФИО')]"
207,"[(89, 95, 'Дата регистрации по месту жительства или пребывания')]"
208,[]
209,"[(24, 34, 'Наименование банка')]"
210,"[(51, 60, 'Место рождения')]"
211,"[(44, 100, 'Паспортные данные')]"
212,"[(80, 95, 'Номер телефона')]"
213,"[(21, 31, 'Гражданство и названия стран')]"
214,"[(26, 52, 'Email')]"
215,"[(91, 95, 'Номер телефона')]"
216,"[(13, 23, 'Гражданство и названия стран')]"
217,[]
218,[]
219,"[(73, 77, 'Кодовые слова')]"
220,"[(57, 73, 'Номер карты')]"
221,"[(29, 39, 'Водительское удостоверение')]"
222,"[(46, 65, 'Номер карты')]"
223,[]
224,"[(62, 71, 'Наименование банка')]"
225,"[(43, 63, 'Номер банковского счета')]"
226,"[(27, 30, 'CVV/CVC')]"
227,[]
228,"[(21, 26, 'Дата окончания срока действия карты')]"
229,"[(76, 84, 'Место рождения')]"
230,"[(14, 20, 'Одноразовые коды')]"
231,"[(54, 72, 'Номер телефона')]"
232,"[(89, 92, 'CVV/CVC')]"
233,"[(13, 18, 'Гражданство и названия стран')]"
234,"[(128, 141, 'Свидетельство о рождении')]"
235,"[(42, 46, 'Данные об автомобиле клиента'), (47, 53, 'Данные об автомобиле клиента'), (54, 58, 'Данные об автомобиле клиента')]"
236,[]
237,"[(45, 54, 'Полный адрес'), (56, 68, 'Полный адрес'), (70, 76, 'Полный адрес')]"
238,"[(67, 73, 'Кодовые слова')]"
239,"[(70, 75, 'Дата окончания срока действия карты')]"
240,"[(11, 17, 'Одноразовые коды')]"
241,"[(92, 143, 'Содержимое магнитной полосы')]"
242,[]
243,"[(30, 65, 'API ключи')]"
244,"[(44, 58, 'Имя держателя карты')]"
245,[]
246,"[(34, 49, 'Имя держателя карты')]"
247,[]
248,"[(27, 37, 'Гражданство и названия стран')]"
249,"[(61, 81, 'Полный адрес'), (83, 101, 'Полный адрес'), (103, 115, 'Полный адрес'), (117, 123, 'Полный адрес'), (125, 136, 'Полный адрес')]"
250,"[(85, 96, 'Номер телефона')]"
251,"[(47, 67, 'Номер банковского счета')]"
252,[]
253,"[(20, 30, 'Дата регистрации по месту жительства или пребывания')]"
254,[]
255,"[(78, 87, 'Данные об организации/юридическом лице (ИНН, КПП, ОГРН, БИК, адреса, расчётный счёт)')]"
256,[]
257,"[(82, 91, 'Место рождения')]"
258,"[(18, 35, 'Данные об автомобиле клиента')]"
259,"[(50, 70, 'Номер банковского счета')]"
260,[]
261,[]
262,"[(21, 31, 'Сведения об ИНН')]"
263,[]
264,"[(67, 76, 'Серия и номер вида на жительство')]"
265,[]
266,"[(93, 107, 'Свидетельство о рождении')]"
267,"[(26, 36, 'Водительское удостоверение')]"
268,"[(74, 77, 'Номер телефона')]"
269,[]
270,"[(77, 87, 'Временное удостоверение личности')]"
271,"[(80, 89, 'Серия и номер вида на жительство')]"
272,"[(28, 33, 'Дата окончания срока действия карты')]"
273,"[(22, 32, 'Разрешение на работу / визу')]"
274,"[(37, 43, 'Гражданство и названия стран')]"
275,"[(24, 44, 'Номер банковского счета')]"
276,"[(13, 23, 'Дата регистрации по месту жительства или пребывания')]"
277,[]
278,"[(51, 103, 'Данные об организации/юридическом лице (ИНН, КПП, ОГРН, БИК, адреса, расчётный счёт)')]"
279,"[(38, 46, 'Содержимое магнитной полосы')]"
280,[]
281,[]
282,"[(16, 55, 'API ключи')]"
283,"[(15, 25, 'Сведения об ИНН')]"
284,[]
285,"[(57, 66, 'Наименование банка')]"
286,[]
287,"[(8, 11, 'CVV/CVC')]"
288,"[(58, 68, 'Водительское удостоверение')]"
289,"[(30, 70, 'API ключи')]"
290,"[(70, 83, 'Полный адрес'), (85, 96, 'Полный адрес'), (98, 110, 'Полный адрес'), (112, 114, 'Полный адрес'), (116, 124, 'Полный адрес')]"
291,[]
292,[]
293,"[(78, 96, 'Дата регистрации по месту жительства или пребывания')]"
294,"[(62, 72, 'Временное удостоверение личности')]"
295,[]
296,"[(12, 22, 'Сведения об ИНН')]"
297,"[(80, 96, 'Номер телефона')]"
298,[]
299,"[(66, 70, 'ПИН код')]"
300,[]
301,"[(28, 35, 'Кодовые слова')]"
302,[]
303,"[(35, 45, 'Дата регистрации по месту жительства или пребывания')]"
304,"[(47, 57, 'Разрешение на работу / визу')]"
305,"[(50, 75, 'API ключи')]"
306,"[(43, 48, 'Место рождения')]"
307,"[(43, 60, 'Номер телефона')]"
308,"[(47, 59, 'Дата окончания срока действия карты')]"
309,"[(107, 117, 'Разрешение на работу / визу')]"
310,"[(10, 14, 'ПИН код')]"
311,"[(48, 58, 'Пароли')]"
312,[]
313,"[(36, 48, 'Сведения об ИНН')]"
314,"[(11, 37, 'API ключи')]"
315,"[(53, 63, 'Сведения об ИНН')]"
316,"[(71, 93, 'Содержимое магнитной полосы')]"
317,[]
318,[]
319,[]
320,[]
321,"[(97, 106, 'Данные об организации/юридическом лице (ИНН, КПП, ОГРН, БИК, адреса, расчётный счёт)')]"
322,"[(41, 55, 'СНИЛС клиента')]"
323,"[(40, 46, 'Одноразовые коды')]"
324,"[(59, 69, 'Содержимое магнитной полосы')]"
325,"[(93, 107, 'Свидетельство о рождении')]"
326,"[(61, 120, 'API ключи')]"
327,[]
328,[]
329,"[(55, 65, 'Сведения об ИНН')]"
330,"[(81, 89, 'Место рождения')]"
331,"[(8, 12, 'ПИН код')]"
332,"[(31, 40, 'Гражданство и названия стран'), (54, 60, 'Гражданство и названия стран')]"
333,[]
334,"[(108, 118, 'Временное удостоверение личности')]"
335,[]
336,"[(54, 74, 'Номер банковского счета')]"
337,"[(28, 42, 'СНИЛС клиента')]"
338,"[(32, 35, 'Данные об автомобиле клиента'), (36, 38, 'Данные об автомобиле клиента')]"
339,[]
340,"[(19, 31, 'Сведения об ИНН')]"
341,"[(104, 114, 'Разрешение на работу / визу')]"
342,[]
343,"[(96, 113, 'Номер телефона')]"
344,"[(212, 226, 'Номер телефона')]"
345,"[(14, 18, 'ПИН код')]"
346,"[(57, 77, 'Номер банковского счета')]"
347,"[(78, 89, 'Номер телефона')]"
348,"[(78, 98, 'Номер банковского счета')]"
349,"[(18, 22, 'ПИН код')]"
350,"[(12, 24, 'Пароли')]"
351,"[(59, 80, 'Email')]"
352,[]
353,"[(23, 41, 'Пароли')]"
354,"[(8, 20, 'Сведения об ИНН')]"
355,"[(35, 40, 'Дата окончания срока действия карты')]"
356,"[(16, 36, 'Номер банковского счета')]"
357,[]
358,[]
359,[]
360,"[(17, 20, 'CVV/CVC')]"
361,"[(33, 43, 'Пароли')]"
362,"[(106, 116, 'Разрешение на работу / визу')]"
363,"[(60, 66, 'Место рождения')]"
364,"[(39, 51, 'Номер телефона')]"
365,[]
366,[]
367,[]
368,"[(46, 56, 'Данные об организации/юридическом лице (ИНН, КПП, ОГРН, БИК, адреса, расчётный счёт)')]"
369,[]
370,[]
371,"[(47, 57, 'Дата регистрации по месту жительства или пребывания')]"
372,"[(19, 25, 'Кодовые слова')]"
373,[]
374,"[(94, 104, 'Разрешение на работу / визу')]"
375,"[(37, 43, 'Одноразовые коды')]"
376,"[(15, 19, 'ПИН код')]"
377,[]
378,"[(21, 26, 'Дата окончания срока действия карты')]"
379,[]
380,[]
381,[]
382,"[(19, 50, 'Место рождения')]"
383,"[(89, 99, 'Разрешение на работу / визу')]"
384,"[(47, 57, 'Сведения об ИНН')]"
385,[]
386,"[(66, 72, 'Кодовые слова')]"
387,"[(120, 132, 'Номер телефона')]"
388,"[(20, 26, 'Полный адрес'), (36, 54, 'Полный адрес'), (56, 74, 'Полный адрес'), (76, 88, 'Полный адрес'), (90, 95, 'Полный адрес')]"
389,[]
390,"[(21, 32, 'Место рождения')]"
391,"[(66, 76, 'Разрешение на работу / визу')]"
392,"[(88, 100, 'Временное удостоверение личности')]"
393,"[(54, 74, 'Номер банковского счета')]"
394,"[(80, 93, 'Свидетельство о рождении')]"
395,"[(70, 80, 'Номер телефона'), (84, 94, 'Номер телефона')]"
396,[]
397,"[(100, 110, 'Разрешение на работу / визу')]"
398,"[(9, 12, 'CVV/CVC')]"
399,"[(86, 98, 'Временное удостоверение личности')]"
400,"[(87, 101, 'Свидетельство о рождении')]"
401,"[(62, 74, 'Водительское удостоверение')]"
402,"[(34, 48, 'СНИЛС клиента')]"
403,[]
404,"[(43, 59, 'Имя держателя карты')]"
405,[]
406,"[(29, 41, 'Гражданство и названия стран')]"
407,"[(44, 54, 'Сведения об ИНН')]"
408,"[(49, 59, 'Разрешение на работу / визу')]"
409,"[(53, 62, 'Место рождения'), (68, 72, 'Место рождения')]"
410,"[(46, 55, 'Наименование банка')]"
411,"[(44, 64, 'Полный адрес'), (66, 84, 'Полный адрес'), (86, 101, 'Полный адрес'), (103, 109, 'Полный адрес'), (111, 121, 'Полный адрес')]"
412,"[(53, 90, 'Содержимое магнитной полосы')]"
413,"[(33, 38, 'Дата окончания срока действия карты')]"
414,[]
415,"[(15, 25, 'Разрешение на работу / визу')]"
416,"[(72, 82, 'Разрешение на работу / визу')]"
417,"[(45, 57, 'Номер телефона')]"
418,"[(100, 105, 'Дата окончания срока действия карты')]"
419,"[(12, 18, 'Одноразовые коды')]"
420,[]
421,"[(33, 42, 'Полный адрес'), (44, 61, 'Полный адрес'), (63, 78, 'Полный адрес'), (80, 86, 'Полный адрес'), (88, 96, 'Полный адрес')]"
422,"[(45, 57, 'Свидетельство о рождении')]"
423,[]
424,"[(62, 72, 'Разрешение на работу / визу')]"
425,[]
426,"[(72, 92, 'Номер банковского счета')]"
427,"[(44, 56, 'Временное удостоверение личности')]"
428,"[(4, 8, 'Данные об автомобиле клиента'), (9, 11, 'Данные об автомобиле клиента'), (12, 16, 'Данные об автомобиле клиента')]"
429,"[(74, 128, 'Содержимое магнитной полосы')]"
430,"[(9, 20, 'Гражданство и названия стран')]"
431,"[(13, 30, 'Данные об автомобиле клиента')]"
432,"[(38, 48, 'Дата регистрации по месту жительства или пребывания')]"
433,[]
434,"[(107, 119, 'Водительское удостоверение')]"
435,"[(18, 28, 'Дата рождения')]"
436,"[(28, 48, 'Данные об организации/юридическом лице (ИНН, КПП, ОГРН, БИК, адреса, расчётный счёт)')]"
437,"[(21, 26, 'Дата окончания срока действия карты')]"
438,"[(44, 54, 'Дата регистрации по месту жительства или пребывания')]"
439,"[(50, 60, 'Данные об организации/юридическом лице (ИНН, КПП, ОГРН, БИК, адреса, расчётный счёт)')]"
440,"[(130, 148, 'Номер телефона')]"
441,[]
442,[]
443,"[(50, 68, 'Наименование банка')]"
444,"[(11, 15, 'ПИН код')]"
445,"[(90, 99, 'Место рождения')]"
446,[]
447,"[(76, 86, 'Временное удостоверение личности')]"
448,"[(69, 79, 'Разрешение на работу / визу')]"
449,"[(11, 15, 'ПИН код')]"
450,"[(51, 63, 'Сведения об ИНН')]"
451,[]
452,[]
453,"[(12, 22, 'Разрешение на работу / визу')]"
454,"[(21, 27, 'Одноразовые коды'), (30, 36, 'Одноразовые коды')]"
455,"[(70, 85, 'Пароли')]"
456,"[(40, 50, 'Дата регистрации по месту жительства или пребывания')]"
457,"[(74, 88, 'СНИЛС клиента')]"
458,"[(30, 45, 'Имя держателя карты')]"
459,[]
460,"[(31, 41, 'Сведения об ИНН')]"
461,[]
462,"[(30, 39, 'Гражданство и названия стран')]"
463,[]
464,"[(73, 83, 'Серия и номер вида на жительство')]"
465,"[(26, 33, 'ФИО'), (34, 39, 'ФИО')]"
466,"[(22, 32, 'Дата регистрации по месту жительства или пребывания')]"
467,[]
468,"[(21, 249, 'API ключи')]"
469,[]
470,"[(23, 33, 'Сведения об ИНН')]"
471,[]
472,"[(45, 80, 'API ключи')]"
473,"[(89, 97, 'Содержимое магнитной полосы')]"
474,[]
475,"[(70, 79, 'Наименование банка')]"
476,"[(54, 59, 'Дата окончания срока действия карты')]"
477,[]
478,"[(61, 76, 'Полный адрес'), (78, 102, 'Полный адрес'), (104, 110, 'Полный адрес'), (112, 122, 'Полный адрес')]"
479,"[(13, 24, 'Гражданство и названия стран')]"
480,"[(22, 39, 'Данные об автомобиле клиента'), (44, 48, 'Данные об автомобиле клиента'), (49, 54, 'Данные об автомобиле клиента')]"
481,[]
482,[]
483,[]
484,[]
485,[]
486,"[(74, 84, 'Серия и номер вида на жительство')]"
487,"[(20, 26, 'Кодовые слова')]"
488,[]
489,"[(38, 58, 'Паспортные данные')]"
490,"[(41, 44, 'CVV/CVC')]"
491,"[(38, 49, 'Данные об автомобиле клиента'), (58, 75, 'Данные об автомобиле клиента'), (80, 85, 'Данные об автомобиле клиента'), (86, 91, 'Данные об автомобиле клиента')]"
492,[]
493,"[(18, 24, 'Кодовые слова')]"
494,"[(35, 50, 'Пароли')]"
495,"[(66, 75, 'Наименование банка')]"
496,"[(83, 93, 'Разрешение на работу / визу')]"
497,"[(40, 50, 'Данные об организации/юридическом лице (ИНН, КПП, ОГРН, БИК, адреса, расчётный счёт)')]"
498,"[(78, 91, 'Данные об организации/юридическом лице (ИНН, КПП, ОГРН, БИК, адреса, расчётный счёт)')]"
499,"[(52, 62, 'Серия и номер вида на жительство')]"
500,"[(116, 124, 'Временное удостоверение личности')]"
501,[]
502,"[(17, 21, 'Дата рождения')]"
503,"[(36, 52, 'Номер карты')]"
504,"[(76, 86, 'Сведения об ИНН')]"
505,"[(80, 107, 'Email')]"
506,"[(118, 143, 'Email')]"
507,"[(81, 91, 'Временное удостоверение личности')]"
508,[]
509,"[(76, 88, 'Водительское удостоверение')]"
510,"[(12, 19, 'Дата рождения'), (21, 23, 'Дата рождения'), (60, 67, 'Дата рождения')]"
511,"[(13, 22, 'Гражданство и названия стран')]"
512,[]
513,[]
514,[]
515,[]
516,"[(79, 89, 'Водительское удостоверение')]"
517,"[(69, 82, 'Имя держателя карты')]"
518,[]
519,[]
520,[]
521,"[(38, 54, 'Номер карты')]"
522,"[(49, 64, 'Номер телефона')]"
523,[]
524,[]
525,[]
526,"[(19, 25, 'Место рождения')]"
527,[]
528,"[(21, 32, 'Гражданство и названия стран')]"
529,"[(22, 33, 'Номер телефона')]"
530,"[(66, 74, 'ФИО'), (75, 79, 'ФИО')]"
531,"[(19, 22, 'CVV/CVC')]"
532,"[(11, 15, 'Данные об автомобиле клиента'), (26, 43, 'Данные об автомобиле клиента')]"
533,"[(98, 103, 'Дата окончания срока действия карты')]"
534,"[(53, 60, 'Паспортные данные')]"
535,"[(65, 118, 'Содержимое магнитной полосы')]"
536,[]
537,[]
538,[]
539,"[(73, 84, 'Паспортные данные')]"
540,"[(34, 44, 'Данные об организации/юридическом лице (ИНН, КПП, ОГРН, БИК, адреса, расчётный счёт)'), (82, 102, 'Данные об организации/юридическом лице (ИНН, КПП, ОГРН, БИК, адреса, расчётный счёт)')]"
541,"[(78, 156, 'API ключи')]"
542,[]
543,[]
544,"[(17, 21, 'Дата рождения')]"
545,[]
546,"[(124, 136, 'Email')]"
547,"[(47, 57, 'Дата регистрации по месту жительства или пребывания')]"
548,[]
549,"[(44, 58, 'СНИЛС клиента')]"
550,"[(50, 60, 'Дата регистрации по месту жительства или пребывания')]"
551,"[(21, 35, 'Наименование банка')]"
552,"[(45, 52, 'Гражданство и названия стран')]"
553,"[(41, 47, 'Одноразовые коды')]"
554,"[(97, 109, 'Свидетельство о рождении')]"
555,[]
556,[]
557,"[(17, 21, 'Дата рождения')]"
558,"[(83, 89, 'Кодовые слова')]"
559,"[(34, 38, 'ПИН код')]"
560,[]
561,"[(42, 52, 'Разрешение на работу / визу')]"
562,"[(14, 27, 'Наименование банка')]"
563,"[(12, 17, 'Гражданство и названия стран'), (73, 79, 'Гражданство и названия стран')]"
564,[]
565,"[(69, 72, 'CVV/CVC')]"
566,"[(24, 33, 'Данные об организации/юридическом лице (ИНН, КПП, ОГРН, БИК, адреса, расчётный счёт)'), (68, 112, 'Данные об организации/юридическом лице (ИНН, КПП, ОГРН, БИК, адреса, расчётный счёт)')]"
567,[]
568,"[(70, 88, 'Паспортные данные'), (97, 148, 'Паспортные данные')]"
569,"[(76, 88, 'Номер телефона')]"
570,"[(68, 82, 'СНИЛС клиента')]"
571,"[(40, 46, 'Данные об автомобиле клиента'), (71, 80, 'Данные об автомобиле клиента')]"
572,"[(34, 56, 'API ключи')]"
573,"[(47, 52, 'Дата окончания срока действия карты')]"
574,"[(22, 32, 'Серия и номер вида на жительство')]"
575,"[(64, 67, 'CVV/CVC')]"
576,"[(12, 18, 'ФИО'), (19, 28, 'ФИО')]"
577,"[(21, 30, 'Дата окончания срока действия карты')]"
578,"[(90, 100, 'Серия и номер вида на жительство')]"
579,"[(17, 39, 'Дата регистрации по месту жительства или пребывания')]"
580,"[(49, 63, 'СНИЛС клиента')]"
581,"[(81, 93, 'Водительское удостоверение')]"
582,[]
583,"[(60, 74, 'СНИЛС клиента')]"
584,[]
585,[]
586,"[(44, 57, 'Данные об автомобиле клиента')]"
587,[]
588,"[(48, 52, 'ПИН код')]"
589,"[(86, 96, 'Временное удостоверение личности')]"
590,"[(10, 26, 'Номер карты')]"
591,[]
592,"[(85, 95, 'Временное удостоверение личности')]"
593,"[(60, 69, 'ФИО'), (70, 76, 'ФИО')]"
594,[]
595,"[(78, 93, 'Email')]"
596,"[(37, 67, 'Данные об организации/юридическом лице (ИНН, КПП, ОГРН, БИК, адреса, расчётный счёт)')]"
597,[]
598,"[(54, 57, 'CVV/CVC')]"
599,[]
600,[]
601,[]
602,[]
603,"[(15, 24, 'Гражданство и названия стран')]"
604,"[(90, 95, 'Дата окончания срока действия карты')]"
605,"[(60, 77, 'Данные об автомобиле клиента')]"
606,"[(68, 122, 'API ключи')]"
607,"[(158, 176, 'Номер телефона')]"
608,"[(58, 61, 'CVV/CVC')]"
609,"[(95, 107, 'Водительское удостоверение')]"
610,[]
611,"[(47, 57, 'Данные об организации/юридическом лице (ИНН, КПП, ОГРН, БИК, адреса, расчётный счёт)')]"
612,"[(31, 50, 'API ключи')]"
613,[]
614,"[(20, 23, 'CVV/CVC')]"
615,[]
616,"[(49, 60, 'Данные об автомобиле клиента'), (75, 92, 'Данные об автомобиле клиента')]"
617,[]
618,[]
619,"[(91, 97, 'Кодовые слова')]"
620,[]
621,"[(46, 52, 'Место рождения')]"
622,"[(52, 57, 'Кодовые слова')]"
623,"[(80, 98, 'API ключи')]"
624,[]
625,"[(61, 78, 'Данные об автомобиле клиента')]"
626,[]
627,"[(2, 6, 'Дата рождения'), (29, 31, 'Дата рождения')]"
628,[]
629,[]
630,[]
631,[]
632,"[(19, 30, 'Место рождения')]"
633,"[(51, 70, 'Номер карты')]"
634,"[(41, 59, 'Содержимое магнитной полосы')]"
635,[]
636,"[(77, 87, 'Временное удостоверение личности')]"
637,"[(76, 87, 'Водительское удостоверение')]"
638,[]
639,[]
640,"[(18, 38, 'Номер банковского счета')]"
641,"[(28, 40, 'Сведения об ИНН')]"
642,"[(32, 96, 'API ключи')]"
643,[]
644,[]
645,"[(82, 97, 'Свидетельство о рождении')]"
646,"[(96, 99, 'CVV/CVC')]"
647,"[(53, 78, 'API ключи')]"
648,"[(20, 37, 'Наименование банка')]"
649,"[(46, 62, 'Номер карты')]"
650,[]
651,[]
652,"[(52, 60, 'ФИО'), (61, 67, 'ФИО')]"
653,"[(12, 15, 'Гражданство и названия стран')]"
654,[]
655,"[(47, 53, 'Кодовые слова')]"
656,"[(56, 78, 'Email')]"
657,"[(85, 88, 'Наименование банка')]"
658,[]
659,"[(13, 20, 'Гражданство и названия стран')]"
660,"[(33, 43, 'Разрешение на работу / визу')]"
661,"[(53, 61, 'Место рождения'), (80, 98, 'Место рождения')]"
662,"[(65, 76, 'Водительское удостоверение')]"
663,"[(93, 105, 'Водительское удостоверение')]"
664,"[(20, 30, 'Дата регистрации по месту жительства или пребывания')]"
665,[]
666,"[(18, 67, 'Паспортные данные')]"
667,[]
668,"[(114, 117, 'Дата рождения')]"
669,[]
670,"[(51, 61, 'Серия и номер вида на жительство')]"
671,[]
672,[]
673,"[(53, 58, 'Дата окончания срока действия карты')]"
674,[]
675,"[(62, 65, 'CVV/CVC')]"
676,"[(24, 34, 'Паспортные данные'), (85, 95, 'Паспортные данные')]"
677,"[(13, 22, 'Гражданство и названия стран'), (61, 67, 'Гражданство и названия стран')]"
678,[]
679,"[(114, 125, 'Свидетельство о рождении')]"
680,"[(66, 70, 'ПИН код')]"
681,[]
682,[]
683,"[(13, 19, 'Одноразовые коды')]"
684,"[(10, 12, 'Дата рождения'), (13, 20, 'Дата рождения'), (21, 25, 'Дата рождения')]"
685,"[(4, 7, 'CVV/CVC')]"
686,[]
687,[]
688,"[(4, 9, 'Данные об автомобиле клиента'), (10, 14, 'Данные об автомобиле клиента'), (15, 19, 'Данные об автомобиле клиента')]"
689,"[(59, 77, 'Имя держателя карты')]"
690,"[(66, 72, 'ФИО'), (73, 83, 'ФИО')]"
691,[]
692,"[(8, 14, 'Одноразовые коды')]"
693,"[(10, 29, 'Номер карты')]"
694,"[(87, 97, 'Данные об организации/юридическом лице (ИНН, КПП, ОГРН, БИК, адреса, расчётный счёт)')]"
695,"[(60, 63, 'CVV/CVC')]"
696,"[(58, 67, 'Место рождения')]"
697,"[(41, 50, 'ФИО'), (51, 58, 'ФИО')]"
698,"[(51, 71, 'Номер банковского счета')]"
699,"[(33, 43, 'Серия и номер вида на жительство')]"
700,"[(77, 87, 'Разрешение на работу / визу')]"
701,[]
702,"[(22, 32, 'Серия и номер вида на жительство')]"
703,[]
704,[]
705,"[(51, 63, 'Номер телефона')]"
706,"[(99, 105, 'Гражданство и названия стран')]"
707,[]
708,"[(109, 119, 'Разрешение на работу / визу')]"
709,[]
710,"[(63, 117, 'Содержимое магнитной полосы')]"
711,"[(11, 17, 'Одноразовые коды')]"
712,"[(16, 34, 'API ключи')]"
713,"[(70, 82, 'Водительское удостоверение')]"
714,"[(61, 89, 'Email')]"
715,[]
716,"[(61, 134, 'API ключи')]"
717,"[(13, 16, 'CVV/CVC')]"
718,"[(18, 38, 'Паспортные данные'), (39, 96, 'Паспортные данные')]"
719,"[(102, 118, 'Свидетельство о рождении')]"
720,[]
721,"[(50, 61, 'Дата окончания срока действия карты')]"
722,"[(65, 75, 'Водительское удостоверение')]"
723,"[(41, 62, 'API ключи')]"
724,"[(33, 45, 'Номер телефона')]"
725,"[(29, 33, 'ПИН код')]"
726,"[(39, 51, 'Сведения об ИНН')]"
727,"[(12, 19, 'Дата рождения')]"
728,[]
729,"[(100, 112, 'Водительское удостоверение')]"
730,"[(46, 58, 'Сведения об ИНН')]"
731,[]
732,[]
733,"[(58, 68, 'Разрешение на работу / визу')]"
734,"[(75, 85, 'Дата регистрации по месту жительства или пребывания')]"
735,[]
736,"[(14, 31, 'Данные об автомобиле клиента')]"
737,[]
738,"[(116, 136, 'Номер банковского счета')]"
739,[]
740,[]
741,"[(11, 35, 'API ключи')]"
742,[]
743,"[(49, 61, 'Водительское удостоверение')]"
744,[]
745,"[(58, 70, 'Пароли')]"
746,"[(23, 68, 'API ключи')]"
747,[]
748,"[(23, 40, 'Номер телефона')]"
749,"[(32, 52, 'Номер банковского счета')]"
750,[]
751,[]
752,"[(41, 53, 'Сведения об ИНН')]"
753,[]
754,"[(110, 162, 'Содержимое магнитной полосы')]"
755,[]
756,[]
757,"[(18, 25, 'Кодовые слова')]"
758,"[(44, 68, 'API ключи')]"
759,"[(41, 47, 'Одноразовые коды')]"
760,"[(39, 53, 'Место рождения')]"
761,"[(64, 76, 'Временное удостоверение личности')]"
762,"[(84, 95, 'Номер телефона')]"
763,"[(62, 78, 'Содержимое магнитной полосы')]"
764,"[(19, 25, 'Одноразовые коды')]"
765,"[(27, 47, 'Номер банковского счета')]"
766,"[(44, 49, 'Данные об автомобиле клиента'), (50, 54, 'Данные об автомобиле клиента'), (66, 83, 'Данные об автомобиле клиента')]"
767,[]
768,[]
769,"[(63, 73, 'Серия и номер вида на жительство')]"
770,"[(30, 39, 'ФИО'), (40, 44, 'ФИО')]"
771,"[(69, 74, 'Дата окончания срока действия карты')]"
772,"[(38, 58, 'Номер банковского счета')]"
773,[]
774,"[(60, 77, 'Данные об автомобиле клиента')]"
775,[]
776,[]
777,"[(121, 126, 'Дата окончания срока действия карты')]"
778,"[(15, 24, 'Пароли')]"
779,"[(72, 82, 'Разрешение на работу / визу')]"
780,[]
781,"[(15, 25, 'Разрешение на работу / визу')]"
782,"[(121, 138, 'Номер телефона')]"
783,"[(38, 50, 'Паспортные данные'), (58, 68, 'Паспортные данные')]"
784,"[(70, 82, 'Временное удостоверение личности')]"
785,[]
786,"[(41, 61, 'Номер банковского счета')]"
787,"[(79, 89, 'Разрешение на работу / визу')]"
788,"[(78, 89, 'Свидетельство о рождении')]"
789,"[(60, 76, 'Email')]"
790,"[(68, 71, 'CVV/CVC')]"
791,"[(80, 88, 'Временное удостоверение личности')]"
792,"[(31, 51, 'Номер банковского счета')]"
793,"[(88, 98, 'Разрешение на работу / визу')]"
794,"[(39, 58, 'Номер карты')]"
795,"[(67, 82, 'Наименование банка')]"
796,"[(41, 47, 'Одноразовые коды')]"
797,"[(10, 12, 'Дата рождения'), (13, 19, 'Дата рождения'), (20, 24, 'Дата рождения')]"
798,"[(86, 96, 'Сведения об ИНН')]"
799,"[(69, 89, 'Номер банковского счета')]"
800,"[(68, 81, 'Данные об организации/юридическом лице (ИНН, КПП, ОГРН, БИК, адреса, расчётный счёт)'), (88, 97, 'Данные об организации/юридическом лице (ИНН, КПП, ОГРН, БИК, адреса, расчётный счёт)')]"
801,"[(71, 81, 'Сведения об ИНН')]"
802,"[(50, 62, 'Сведения об ИНН')]"
803,"[(43, 63, 'Данные об организации/юридическом лице (ИНН, КПП, ОГРН, БИК, адреса, расчётный счёт)'), (92, 104, 'Данные об организации/юридическом лице (ИНН, КПП, ОГРН, БИК, адреса, расчётный счёт)')]"
804,"[(25, 42, 'Номер телефона')]"
805,"[(47, 57, 'Разрешение на работу / визу')]"
806,"[(76, 84, 'Дата окончания срока действия карты')]"
807,[]
808,"[(65, 75, 'Разрешение на работу / визу')]"
809,"[(101, 113, 'Водительское удостоверение')]"
810,"[(62, 66, 'Место рождения')]"
811,"[(33, 43, 'Сведения об ИНН')]"
812,"[(45, 56, 'Номер телефона')]"
813,[]
814,"[(68, 148, 'API ключи')]"
815,"[(69, 74, 'Место рождения')]"
816,"[(148, 163, 'Номер телефона')]"
817,[]
818,[]
819,[]
820,"[(49, 59, 'Данные об организации/юридическом лице (ИНН, КПП, ОГРН, БИК, адреса, расчётный счёт)'), (90, 103, 'Данные об организации/юридическом лице (ИНН, КПП, ОГРН, БИК, адреса, расчётный счёт)'), (110, 119, 'Данные об организации/юридическом лице (ИНН, КПП, ОГРН, БИК, адреса, расчётный счёт)')]"
821,"[(22, 43, 'Дата регистрации по месту жительства или пребывания')]"
822,"[(42, 62, 'Номер банковского счета')]"
823,"[(70, 78, 'Временное удостоверение личности')]"
824,"[(74, 80, 'Кодовые слова')]"
825,"[(16, 36, 'Дата регистрации по месту жительства или пребывания')]"
826,"[(10, 25, 'Имя держателя карты')]"
827,[]
828,"[(20, 30, 'Дата регистрации по месту жительства или пребывания')]"
829,"[(28, 47, 'Полный адрес'), (49, 64, 'Полный адрес'), (66, 87, 'Полный адрес'), (89, 95, 'Полный адрес'), (97, 105, 'Полный адрес')]"
830,"[(10, 27, 'Наименование банка')]"
831,"[(91, 103, 'Дата окончания срока действия карты')]"
832,"[(12, 24, 'Пароли')]"
833,"[(31, 37, 'Гражданство и названия стран')]"
834,[]
835,"[(62, 72, 'Сведения об ИНН')]"
836,"[(68, 73, 'Дата окончания срока действия карты')]"
837,"[(4, 159, 'API ключи')]"
838,[]
839,"[(15, 27, 'Сведения об ИНН')]"
840,"[(58, 63, 'Место рождения')]"
841,[]
842,"[(71, 74, 'CVV/CVC')]"
843,[]
844,"[(31, 51, 'Паспортные данные')]"
845,"[(61, 64, 'CVV/CVC')]"
846,"[(95, 110, 'Свидетельство о рождении')]"
847,[]
848,"[(11, 34, 'API ключи')]"
849,"[(61, 67, 'Полный адрес'), (69, 87, 'Полный адрес'), (89, 96, 'Полный адрес'), (98, 109, 'Полный адрес'), (111, 116, 'Полный адрес'), (118, 125, 'Полный адрес')]"
850,"[(28, 33, 'Дата окончания срока действия карты')]"
851,"[(31, 45, 'СНИЛС клиента')]"
852,[]
853,"[(33, 56, 'API ключи')]"
854,[]
855,"[(49, 65, 'Номер карты')]"
856,"[(72, 88, 'Дата регистрации по месту жительства или пребывания')]"
857,"[(37, 47, 'Дата регистрации по месту жительства или пребывания')]"
858,[]
859,[]
860,"[(11, 32, 'API ключи')]"
861,[]
862,[]
863,[]
864,"[(19, 38, 'Номер карты')]"
865,[]
866,[]
867,"[(48, 55, 'Гражданство и названия стран')]"
868,"[(13, 235, 'API ключи')]"
869,"[(12, 20, 'Гражданство и названия стран')]"
870,"[(81, 83, 'Дата рождения'), (87, 91, 'Дата рождения')]"
871,"[(35, 40, 'Дата окончания срока действия карты')]"
872,"[(35, 55, 'Данные об организации/юридическом лице (ИНН, КПП, ОГРН, БИК, адреса, расчётный счёт)'), (78, 88, 'Данные об организации/юридическом лице (ИНН, КПП, ОГРН, БИК, адреса, расчётный счёт)'), (99, 108, 'Данные об организации/юридическом лице (ИНН, КПП, ОГРН, БИК, адреса, расчётный счёт)')]"
873,"[(40, 50, 'Серия и номер вида на жительство')]"
874,"[(91, 118, 'Email')]"
875,[]
876,"[(29, 32, 'CVV/CVC')]"
877,[]
878,[]
879,"[(73, 83, 'Серия и номер вида на жительство')]"
880,"[(32, 45, 'Данные об автомобиле клиента'), (46, 53, 'Данные об автомобиле клиента')]"
881,"[(57, 106, 'Содержимое магнитной полосы')]"
882,"[(82, 94, 'Свидетельство о рождении')]"
883,"[(31, 54, 'API ключи')]"
884,"[(10, 12, 'Дата рождения'), (13, 17, 'Дата рождения'), (18, 22, 'Дата рождения')]"
885,[]
886,"[(53, 57, 'ПИН код')]"
887,"[(92, 105, 'Имя держателя карты')]"
888,"[(24, 31, 'Данные об автомобиле клиента')]"
889,[]
890,"[(82, 85, 'Гражданство и названия стран')]"
891,"[(22, 32, 'Водительское удостоверение')]"
892,"[(14, 36, 'API ключи')]"
893,"[(73, 77, 'Кодовые слова')]"
894,[]
895,[]
896,[]
897,"[(61, 69, 'Место рождения')]"
898,[]
899,"[(58, 73, 'Имя держателя карты')]"
900,[]
901,"[(17, 31, 'СНИЛС клиента')]"
902,[]
903,[]
904,"[(18, 38, 'Данные об организации/юридическом лице (ИНН, КПП, ОГРН, БИК, адреса, расчётный счёт)')]"
905,"[(60, 70, 'Место рождения')]"
906,"[(71, 79, 'Место рождения')]"
907,"[(42, 45, 'CVV/CVC')]"
908,[]
909,"[(118, 139, 'Email')]"
910,[]
911,[]
912,"[(99, 109, 'Временное удостоверение личности')]"
913,"[(38, 48, 'Разрешение на работу / визу')]"
914,"[(54, 59, 'Дата окончания срока действия карты')]"
915,[]
916,"[(96, 110, 'СНИЛС клиента')]"
917,[]
918,[]
919,"[(73, 77, 'Кодовые слова')]"
920,"[(62, 77, 'Имя держателя карты')]"
921,"[(63, 71, 'Временное удостоверение личности')]"
922,[]
923,"[(14, 26, 'Сведения об ИНН')]"
924,"[(40, 56, 'Номер карты')]"
925,"[(30, 36, 'Полный адрес'), (38, 52, 'Полный адрес'), (54, 63, 'Полный адрес'), (65, 75, 'Полный адрес'), (77, 82, 'Полный адрес'), (84, 90, 'Полный адрес')]"
926,[]
927,[]
928,"[(64, 78, 'Полный адрес'), (80, 90, 'Полный адрес'), (92, 104, 'Полный адрес'), (106, 108, 'Полный адрес'), (110, 118, 'Полный адрес')]"
929,"[(55, 77, 'API ключи')]"
930,[]
931,"[(21, 26, 'Гражданство и названия стран')]"
932,"[(79, 82, 'CVV/CVC')]"
933,"[(48, 110, 'API ключи')]"
934,[]
935,[]
936,[]
937,"[(20, 29, 'Гражданство и названия стран')]"
938,"[(72, 125, 'API ключи')]"
939,"[(73, 88, 'API ключи')]"
940,"[(97, 101, 'Паспортные данные'), (108, 114, 'Паспортные данные'), (122, 142, 'Паспортные данные'), (151, 195, 'Паспортные данные')]"
941,"[(26, 38, 'Наименование банка')]"
942,[]
943,[]
944,[]
945,"[(73, 78, 'Паспортные данные'), (86, 92, 'Паспортные данные'), (100, 110, 'Паспортные данные')]"
946,"[(22, 44, 'API ключи')]"
947,[]
948,[]
949,"[(14, 26, 'Гражданство и названия стран')]"
950,[]
951,[]
952,"[(40, 57, 'Номер телефона')]"
953,"[(10, 12, 'Дата рождения'), (13, 21, 'Дата рождения'), (22, 26, 'Дата рождения')]"
954,"[(147, 151, 'ПИН код')]"
955,[]
956,"[(28, 33, 'Место рождения')]"
957,"[(42, 52, 'Разрешение на работу / визу')]"
958,"[(12, 25, 'Место рождения')]"
959,"[(11, 13, 'Дата рождения')]"
960,"[(15, 20, 'Данные об автомобиле клиента')]"
961,[]
962,"[(15, 21, 'Данные об автомобиле клиента'), (32, 41, 'Данные об автомобиле клиента')]"
963,"[(78, 92, 'Свидетельство о рождении')]"
964,"[(9, 19, 'Разрешение на работу / визу')]"
965,"[(13, 27, 'Наименование банка')]"
966,[]
967,"[(64, 67, 'CVV/CVC')]"
968,"[(141, 144, 'CVV/CVC')]"
969,"[(25, 29, 'ПИН код')]"
970,"[(99, 109, 'Временное удостоверение личности')]"
971,"[(49, 61, 'Сведения об ИНН')]"
972,"[(26, 29, 'Наименование банка')]"
973,"[(59, 76, 'Email')]"
974,"[(49, 57, 'Временное удостоверение личности')]"
975,[]
976,[]
977,"[(19, 25, 'Одноразовые коды')]"
978,"[(24, 29, 'Гражданство и названия стран')]"
979,"[(27, 47, 'Паспортные данные')]"
980,"[(108, 128, 'Номер банковского счета')]"
981,"[(31, 49, 'Имя держателя карты')]"
982,"[(59, 291, 'API ключи')]"
983,"[(43, 53, 'Сведения об ИНН')]"
984,"[(19, 25, 'Полный адрес'), (27, 45, 'Полный адрес'), (47, 54, 'Полный адрес'), (56, 67, 'Полный адрес'), (69, 74, 'Полный адрес'), (76, 83, 'Полный адрес')]"
985,"[(81, 98, 'Дата регистрации по месту жительства или пребывания')]"
986,"[(97, 150, 'Содержимое магнитной полосы')]"
987,[]
988,"[(80, 101, 'Email')]"
989,"[(46, 65, 'API ключи')]"
990,"[(62, 102, 'API ключи')]"
991,"[(76, 86, 'Водительское удостоверение')]"
992,"[(25, 42, 'Данные об автомобиле клиента')]"
993,"[(2, 10, 'Гражданство и названия стран')]"
994,"[(33, 57, 'API ключи')]"
995,[]
996,"[(74, 84, 'Водительское удостоверение')]"
997,[]
998,"[(85, 104, 'Номер карты')]"
999,"[(80, 91, 'Свидетельство о рождении')]"
1000,[]
1001,"[(12, 20, 'Гражданство и названия стран')]"
1002,[]
1003,"[(60, 74, 'СНИЛС клиента')]"
1004,"[(60, 76, 'Номер телефона')]"
1005,[]
1006,"[(81, 94, 'Свидетельство о рождении')]"
1007,"[(50, 77, 'Email')]"
1008,"[(64, 72, 'ФИО'), (73, 82, 'ФИО')]"
1009,[]
1010,[]
1011,"[(72, 88, 'Номер телефона')]"
1012,"[(100, 110, 'Водительское удостоверение')]"
1013,"[(36, 49, 'Имя держателя карты')]"
1014,"[(45, 53, 'ФИО'), (54, 61, 'ФИО')]"
1015,[]
1016,"[(51, 68, 'Дата окончания срока действия карты')]"
1017,[]
1018,[]
1019,[]
1020,[]
1021,[]
1022,"[(50, 67, 'Имя держателя карты')]"
1023,"[(14, 24, 'Разрешение на работу / визу')]"
1024,"[(69, 81, 'Сведения об ИНН')]"
1025,"[(22, 32, 'Сведения об ИНН')]"
1026,"[(48, 63, 'Номер телефона')]"
1027,"[(25, 35, 'Серия и номер вида на жительство')]"
1028,"[(48, 58, 'Дата регистрации по месту жительства или пребывания')]"
1029,"[(70, 80, 'Разрешение на работу / визу')]"
1030,"[(16, 22, 'Одноразовые коды')]"
1031,[]
1032,[]
1033,"[(75, 85, 'Сведения об ИНН')]"
1034,"[(16, 55, 'API ключи')]"
1035,"[(109, 119, 'Разрешение на работу / визу')]"
1036,"[(54, 74, 'Номер банковского счета')]"
1037,[]
1038,"[(58, 68, 'Дата регистрации по месту жительства или пребывания')]"
1039,[]
1040,"[(86, 122, 'Содержимое магнитной полосы')]"
1041,"[(60, 74, 'Имя держателя карты')]"
1042,"[(56, 73, 'Номер телефона')]"
1043,[]
1044,"[(45, 61, 'Номер карты')]"
1045,"[(72, 78, 'Кодовые слова')]"
1046,[]
1047,"[(66, 82, 'Номер карты')]"
1048,"[(44, 58, 'СНИЛС клиента')]"
1049,"[(33, 46, 'Дата окончания срока действия карты')]"
1050,[]
1051,"[(37, 51, 'СНИЛС клиента')]"
1052,"[(92, 104, 'Водительское удостоверение')]"
1053,"[(43, 47, 'ПИН код')]"
1054,"[(25, 35, 'Дата регистрации по месту жительства или пребывания')]"
1055,"[(77, 97, 'Email')]"
1056,"[(28, 33, 'Дата окончания срока действия карты')]"
1057,"[(60, 76, 'Номер телефона')]"
1058,"[(69, 81, 'Водительское удостоверение')]"
1059,"[(11, 20, 'Пароли')]"
1060,"[(87, 106, 'Дата регистрации по месту жительства или пребывания')]"
1061,"[(70, 79, 'ФИО'), (80, 85, 'ФИО')]"
1062,[]
1063,"[(75, 84, 'Место рождения')]"
1064,"[(25, 27, 'Паспортные данные'), (28, 35, 'Паспортные данные'), (43, 61, 'Паспортные данные'), (80, 98, 'Паспортные данные')]"
1065,"[(50, 60, 'Водительское удостоверение')]"
1066,"[(61, 78, 'Данные об автомобиле клиента')]"
1067,"[(76, 87, 'Гражданство и названия стран')]"
1068,[]
1069,[]
1070,"[(41, 57, 'Email')]"
1071,[]
1072,"[(60, 69, 'Серия и номер вида на жительство')]"
1073,"[(45, 68, 'API ключи')]"
1074,"[(25, 65, 'API ключи')]"
1075,"[(36, 42, 'Кодовые слова')]"
1076,"[(49, 69, 'Номер банковского счета')]"
1077,"[(43, 117, 'API ключи')]"
1078,"[(38, 68, 'Данные об организации/юридическом лице (ИНН, КПП, ОГРН, БИК, адреса, расчётный счёт)')]"
1079,[]
1080,"[(69, 79, 'Дата регистрации по месту жительства или пребывания')]"
1081,"[(57, 63, 'Одноразовые коды')]"
1082,"[(82, 87, 'Дата окончания срока действия карты')]"
1083,"[(18, 38, 'Номер банковского счета')]"
1084,"[(79, 91, 'Водительское удостоверение')]"
1085,[]
1086,"[(63, 72, 'Пароли')]"
1087,"[(39, 42, 'Полный адрес'), (44, 61, 'Полный адрес'), (63, 79, 'Полный адрес'), (81, 88, 'Полный адрес'), (90, 98, 'Полный адрес')]"
1088,[]
1089,"[(82, 92, 'Временное удостоверение личности')]"
1090,"[(10, 42, 'API ключи')]"
1091,[]
1092,"[(84, 94, 'Серия и номер вида на жительство')]"
1093,"[(71, 96, 'API ключи')]"
1094,[]
1095,"[(45, 51, 'Кодовые слова')]"
1096,"[(66, 84, 'Email')]"
1097,"[(90, 103, 'Свидетельство о рождении')]"
1098,"[(19, 25, 'Одноразовые коды')]"
1099,"[(20, 36, 'Место рождения'), (54, 59, 'Место рождения')]"
1100,"[(45, 48, 'CVV/CVC')]"
1101,[]
1102,"[(64, 67, 'ФИО'), (68, 73, 'ФИО')]"
1103,[]
1104,"[(25, 32, 'Данные об автомобиле клиента'), (33, 40, 'Данные об автомобиле клиента'), (54, 62, 'Данные об автомобиле клиента')]"
1105,"[(52, 62, 'Дата рождения')]"
1106,"[(27, 37, 'Гражданство и названия стран')]"
1107,"[(96, 107, 'Водительское удостоверение')]"
1108,"[(84, 96, 'Дата окончания срока действия карты')]"
1109,[]
1110,"[(58, 78, 'Номер банковского счета')]"
1111,"[(49, 65, 'Номер карты')]"
1112,"[(73, 126, 'API ключи')]"
1113,"[(33, 43, 'Серия и номер вида на жительство')]"
1114,"[(122, 132, 'Водительское удостоверение')]"
1115,"[(12, 55, 'API ключи')]"
1116,"[(51, 129, 'API ключи')]"
1117,[]
1118,"[(44, 50, 'Гражданство и названия стран'), (103, 109, 'Гражданство и названия стран')]"
1119,"[(5, 18, 'Данные об организации/юридическом лице (ИНН, КПП, ОГРН, БИК, адреса, расчётный счёт)')]"
1120,[]
1121,[]
1122,"[(45, 59, 'Email')]"
1123,"[(47, 67, 'Данные об организации/юридическом лице (ИНН, КПП, ОГРН, БИК, адреса, расчётный счёт)'), (94, 103, 'Данные об организации/юридическом лице (ИНН, КПП, ОГРН, БИК, адреса, расчётный счёт)')]"
1124,[]
1125,[]
1126,[]
1127,"[(12, 22, 'Разрешение на работу / визу')]"
1128,"[(14, 24, 'Паспортные данные'), (26, 67, 'Паспортные данные')]"
1129,"[(18, 24, 'Кодовые слова')]"
1130,[]
1131,"[(46, 56, 'Разрешение на работу / визу')]"
1132,[]
1133,"[(82, 96, 'СНИЛС клиента')]"
1134,"[(57, 77, 'Данные об организации/юридическом лице (ИНН, КПП, ОГРН, БИК, адреса, расчётный счёт)')]"
1135,[]
1136,"[(35, 39, 'ПИН код')]"
1137,"[(83, 99, 'Номер карты')]"
1138,"[(39, 60, 'API ключи')]"
1139,[]
1140,"[(15, 30, 'API ключи')]"
1141,"[(80, 95, 'Номер телефона')]"
1142,[]
1143,"[(21, 31, 'Сведения об ИНН')]"
1144,"[(20, 29, 'Данные об автомобиле клиента'), (32, 40, 'Данные об автомобиле клиента')]"
1145,[]
1146,[]
1147,"[(6, 16, 'Дата регистрации по месту жительства или пребывания')]"
1148,"[(101, 133, 'Паспортные данные')]"
1149,[]
1150,"[(58, 68, 'Серия и номер вида на жительство')]"
1151,"[(72, 86, 'Свидетельство о рождении')]"
1152,[]
1153,"[(21, 30, 'Место рождения')]"
1154,"[(48, 56, 'ФИО'), (57, 64, 'ФИО')]"
1155,[]
1156,[]
1157,"[(52, 62, 'Разрешение на работу / визу')]"
1158,"[(15, 24, 'Гражданство и названия стран')]"
1159,"[(11, 22, 'Номер телефона')]"
1160,"[(4, 8, 'Данные об автомобиле клиента'), (9, 14, 'Данные об автомобиле клиента'), (15, 26, 'Данные об автомобиле клиента'), (43, 51, 'Данные об автомобиле клиента')]"
1161,"[(53, 76, 'Полный адрес'), (78, 87, 'Полный адрес'), (89, 101, 'Полный адрес'), (103, 108, 'Полный адрес')]"
1162,"[(101, 109, 'Место рождения')]"
1163,[]
1164,"[(81, 91, 'Разрешение на работу / визу')]"
1165,"[(42, 58, 'Номер карты')]"
1166,[]
1167,"[(81, 91, 'Разрешение на работу / визу')]"
1168,"[(63, 66, 'CVV/CVC')]"
1169,"[(29, 33, 'Паспортные данные'), (40, 46, 'Паспортные данные')]"
1170,"[(12, 20, 'Гражданство и названия стран')]"
1171,"[(12, 24, 'Сведения об ИНН')]"
1172,"[(16, 33, 'Данные об автомобиле клиента'), (47, 51, 'Данные об автомобиле клиента')]"
1173,"[(94, 114, 'Номер банковского счета')]"
1174,[]
1175,[]
1176,[]
1177,"[(29, 33, 'Паспортные данные'), (40, 46, 'Паспортные данные')]"
1178,"[(58, 75, 'Имя держателя карты')]"
1179,[]
1180,[]
1181,"[(83, 86, 'Номер телефона')]"
1182,"[(55, 64, 'ФИО'), (65, 71, 'ФИО')]"
1183,"[(81, 91, 'ФИО'), (92, 98, 'ФИО')]"
1184,[]
1185,"[(68, 79, 'Свидетельство о рождении')]"
1186,[]
1187,[]
1188,"[(52, 69, 'Имя держателя карты')]"
1189,[]
1190,"[(10, 12, 'Дата рождения'), (13, 17, 'Дата рождения')]"
1191,[]
1192,"[(26, 36, 'Дата регистрации по месту жительства или пребывания')]"
1193,[]
1194,"[(36, 45, 'ФИО'), (46, 51, 'ФИО')]"
1195,[]
1196,[]
1197,[]
1198,[]
1199,"[(85, 90, 'Гражданство и названия стран')]"
1200,[]
1201,"[(24, 29, 'Дата окончания срока действия карты')]"
1202,"[(25, 35, 'Разрешение на работу / визу')]"
1203,"[(38, 60, 'Дата регистрации по месту жительства или пребывания')]"
1204,"[(85, 95, 'Временное удостоверение личности')]"
1205,[]
1206,"[(49, 133, 'API ключи')]"
1207,[]
1208,"[(18, 20, 'Дата рождения'), (21, 28, 'Дата рождения'), (44, 46, 'Дата рождения')]"
1209,"[(21, 30, 'Место рождения'), (55, 71, 'Место рождения')]"
1210,"[(83, 95, 'Дата окончания срока действия карты')]"
1211,"[(36, 47, 'Номер телефона')]"
1212,"[(80, 90, 'Разрешение на работу / визу')]"
1213,[]
1214,"[(55, 58, 'CVV/CVC')]"
1215,"[(60, 72, 'Водительское удостоверение')]"
1216,"[(56, 77, 'API ключи')]"
1217,[]
1218,[]
1219,[]
1220,[]
1221,"[(54, 69, 'Свидетельство о рождении')]"
1222,"[(62, 99, 'Содержимое магнитной полосы')]"
1223,[]
1224,[]
1225,[]
1226,[]
1227,[]
1228,"[(96, 106, 'Разрешение на работу / визу')]"
1229,[]
1230,"[(22, 32, 'Серия и номер вида на жительство')]"
1231,[]
1232,[]
1233,[]
1234,[]
1235,"[(53, 67, 'СНИЛС клиента')]"
1236,[]
1237,"[(67, 69, 'Дата рождения')]"
1238,"[(56, 61, 'Дата окончания срока действия карты')]"
1239,"[(78, 90, 'Временное удостоверение личности')]"
1240,"[(44, 56, 'Временное удостоверение личности')]"
1241,"[(34, 51, 'Номер телефона')]"
1242,"[(110, 120, 'Разрешение на работу / визу')]"
1243,"[(32, 49, 'Номер телефона')]"
1244,[]
1245,"[(13, 16, 'ФИО'), (17, 23, 'ФИО')]"
1246,[]
1247,[]
1248,"[(10, 24, 'Наименование банка')]"
1249,[]
1250,"[(67, 107, 'API ключи')]"
1251,[]
1252,"[(42, 52, 'Разрешение на работу / визу')]"
1253,[]
1254,"[(41, 47, 'Одноразовые коды')]"
1255,[]
1256,"[(44, 80, 'API ключи')]"
1257,"[(63, 84, 'Email')]"
1258,"[(65, 81, 'Свидетельство о рождении')]"
1259,[]
1260,"[(44, 66, 'Email')]"
1261,[]
1262,"[(32, 38, 'Кодовые слова')]"
1263,"[(37, 67, 'Данные об организации/юридическом лице (ИНН, КПП, ОГРН, БИК, адреса, расчётный счёт)')]"
1264,"[(28, 63, 'API ключи')]"
1265,[]
1266,[]
1267,[]
1268,[]
1269,"[(59, 69, 'Сведения об ИНН')]"
1270,[]
1271,"[(12, 19, 'Гражданство и названия стран'), (44, 50, 'Гражданство и названия стран')]"
1272,"[(86, 89, 'CVV/CVC')]"
1273,"[(31, 40, 'Данные об организации/юридическом лице (ИНН, КПП, ОГРН, БИК, адреса, расчётный счёт)')]"
1274,"[(63, 72, 'Место рождения')]"
1275,"[(35, 38, 'Кодовые слова')]"
1276,"[(18, 25, 'Гражданство и названия стран'), (41, 47, 'Гражданство и названия стран')]"
1277,[]
1278,"[(31, 36, 'Дата окончания срока действия карты')]"
1279,"[(41, 44, 'CVV/CVC')]"
1280,[]
1281,[]
1282,"[(32, 52, 'Номер банковского счета')]"
1283,"[(58, 68, 'Водительское удостоверение')]"
1284,[]
1285,[]
1286,"[(76, 86, 'Водительское удостоверение')]"
1287,"[(40, 46, 'Полный адрес'), (48, 54, 'Полный адрес'), (56, 70, 'Полный адрес'), (72, 81, 'Полный адрес'), (83, 93, 'Полный адрес'), (95, 100, 'Полный адрес'), (102, 107, 'Полный адрес')]"
1288,"[(11, 23, 'Номер телефона')]"
1289,"[(38, 45, 'ФИО'), (46, 51, 'ФИО')]"
1290,"[(42, 47, 'Дата окончания срока действия карты')]"
1291,"[(74, 84, 'Сведения об ИНН')]"
1292,"[(15, 27, 'Сведения об ИНН')]"
1293,"[(49, 55, 'Одноразовые коды')]"
1294,[]
1295,"[(28, 41, 'Данные об организации/юридическом лице (ИНН, КПП, ОГРН, БИК, адреса, расчётный счёт)')]"
1296,"[(55, 92, 'Содержимое магнитной полосы'), (95, 149, 'Содержимое магнитной полосы')]"
1297,[]
1298,"[(25, 29, 'Место рождения')]"
1299,"[(40, 46, 'Одноразовые коды')]"
1300,"[(83, 103, 'Номер банковского счета')]"
1301,"[(10, 24, 'Имя держателя карты')]"
1302,[]
1303,"[(26, 32, 'Кодовые слова')]"
1304,"[(79, 89, 'Водительское удостоверение')]"
1305,"[(84, 88, 'Кодовые слова')]"
1306,"[(95, 107, 'Водительское удостоверение')]"
1307,"[(37, 51, 'Пароли')]"
1308,[]
1309,"[(26, 39, 'Наименование банка')]"
1310,"[(44, 54, 'Имя держателя карты')]"
1311,"[(71, 83, 'Сведения об ИНН')]"
1312,"[(19, 30, 'Номер телефона'), (34, 45, 'Номер телефона')]"
1313,"[(22, 29, 'Паспортные данные')]"
1314,"[(47, 52, 'Дата окончания срока действия карты')]"
1315,"[(45, 53, 'Наименование банка')]"
1316,"[(37, 53, 'Номер карты')]"
1317,[]
1318,"[(52, 98, 'API ключи')]"
1319,"[(120, 133, 'Свидетельство о рождении')]"
1320,"[(33, 40, 'Данные об автомобиле клиента'), (41, 47, 'Данные об автомобиле клиента'), (48, 52, 'Данные об автомобиле клиента')]"
1321,"[(94, 106, 'Водительское удостоверение')]"
1322,"[(49, 67, 'Содержимое магнитной полосы')]"
1323,"[(28, 33, 'Дата окончания срока действия карты')]"
1324,"[(27, 74, 'Данные об организации/юридическом лице (ИНН, КПП, ОГРН, БИК, адреса, расчётный счёт)')]"
1325,"[(63, 72, 'Данные об организации/юридическом лице (ИНН, КПП, ОГРН, БИК, адреса, расчётный счёт)')]"
1326,"[(55, 65, 'Сведения об ИНН')]"
1327,"[(31, 39, 'Пароли')]"
1328,"[(36, 42, 'Одноразовые коды')]"
1329,"[(71, 81, 'Временное удостоверение личности')]"
1330,"[(87, 99, 'Пароли')]"
1331,[]
1332,"[(48, 58, 'Временное удостоверение личности')]"
1333,"[(61, 73, 'Полный адрес'), (75, 82, 'Полный адрес'), (84, 92, 'Полный адрес')]"
1334,"[(57, 77, 'Полный адрес'), (79, 91, 'Полный адрес'), (93, 110, 'Полный адрес'), (112, 125, 'Полный адрес'), (127, 132, 'Полный адрес'), (134, 145, 'Полный адрес')]"
1335,"[(75, 86, 'Номер телефона')]"
1336,"[(36, 48, 'Данные об автомобиле клиента')]"
1337,"[(51, 61, 'Данные об организации/юридическом лице (ИНН, КПП, ОГРН, БИК, адреса, расчётный счёт)'), (82, 95, 'Данные об организации/юридическом лице (ИНН, КПП, ОГРН, БИК, адреса, расчётный счёт)')]"
1338,[]
1339,[]
1340,"[(36, 56, 'Полный адрес'), (58, 72, 'Полный адрес'), (74, 98, 'Полный адрес'), (100, 102, 'Полный адрес'), (104, 112, 'Полный адрес')]"
1341,"[(37, 52, 'Наименование банка')]"
1342,"[(11, 14, 'CVV/CVC')]"
1343,"[(47, 61, 'СНИЛС клиента')]"
1344,[]
1345,"[(53, 73, 'Номер банковского счета')]"
1346,[]
1347,"[(63, 72, 'Место рождения')]"
1348,"[(44, 48, 'ПИН код')]"
1349,[]
1350,[]
1351,"[(38, 43, 'Кодовые слова')]"
1352,[]
1353,"[(25, 35, 'Разрешение на работу / визу')]"
1354,"[(13, 23, 'ФИО'), (24, 32, 'ФИО')]"
1355,[]
1356,"[(65, 81, 'Номер карты')]"
1357,[]
1358,"[(56, 71, 'Полный адрес'), (73, 89, 'Полный адрес'), (91, 97, 'Полный адрес'), (99, 107, 'Полный адрес')]"
1359,"[(24, 35, 'Номер телефона')]"
1360,[]
1361,[]
1362,"[(66, 84, 'Email')]"
1363,"[(31, 34, 'CVV/CVC')]"
1364,"[(8, 15, 'Гражданство и названия стран'), (59, 67, 'Гражданство и названия стран')]"
1365,[]
1366,"[(56, 71, 'Полный адрес'), (73, 89, 'Полный адрес'), (91, 94, 'Полный адрес'), (96, 104, 'Полный адрес'), (106, 113, 'Полный адрес')]"
1367,[]
1368,"[(67, 77, 'Разрешение на работу / визу')]"
1369,"[(61, 73, 'Место рождения'), (102, 110, 'Место рождения')]"
1370,"[(18, 28, 'Дата рождения')]"
1371,"[(91, 97, 'Одноразовые коды')]"
1372,[]
1373,"[(53, 63, 'Данные об автомобиле клиента'), (64, 70, 'Данные об автомобиле клиента'), (71, 75, 'Данные об автомобиле клиента'), (87, 104, 'Данные об автомобиле клиента')]"
1374,"[(79, 87, 'Место рождения')]"
1375,"[(37, 40, 'CVV/CVC')]"
1376,"[(73, 83, 'Серия и номер вида на жительство')]"
1377,[]
1378,"[(58, 68, 'Водительское удостоверение')]"
1379,"[(53, 127, 'API ключи')]"
1380,"[(21, 33, 'Дата окончания срока действия карты')]"
1381,"[(43, 55, 'Сведения об ИНН')]"
1382,"[(31, 51, 'Номер банковского счета')]"
1383,"[(30, 40, 'Разрешение на работу / визу')]"
1384,[]
1385,"[(18, 82, 'Паспортные данные')]"
1386,"[(47, 62, 'Полный адрес'), (64, 81, 'Полный адрес'), (83, 97, 'Полный адрес'), (99, 105, 'Полный адрес'), (107, 117, 'Полный адрес')]"
1387,[]
1388,"[(73, 84, 'Пароли')]"
1389,[]
1390,"[(12, 21, 'Место рождения')]"
1391,"[(57, 69, 'Сведения об ИНН')]"
1392,"[(38, 57, 'Номер карты')]"
1393,[]
1394,[]
1395,[]
1396,"[(65, 75, 'Водительское удостоверение')]"
1397,"[(50, 53, 'Гражданство и названия стран')]"
1398,[]
1399,[]
1400,"[(76, 88, 'Свидетельство о рождении')]"
1401,"[(51, 68, 'Полный адрес'), (70, 82, 'Полный адрес'), (84, 100, 'Полный адрес'), (102, 109, 'Полный адрес'), (111, 119, 'Полный адрес')]"
1402,[]
1403,"[(12, 15, 'Гражданство и названия стран')]"
1404,"[(34, 44, 'Разрешение на работу / визу')]"
1405,"[(25, 35, 'Пароли')]"
1406,"[(5, 14, 'Место рождения')]"
1407,[]
1408,"[(103, 115, 'Водительское удостоверение')]"
1409,[]
1410,"[(24, 28, 'ПИН код')]"
1411,[]
1412,[]
1413,"[(85, 99, 'Наименование банка')]"
1414,"[(8, 11, 'Данные об автомобиле клиента'), (12, 15, 'Данные об автомобиле клиента'), (16, 24, 'Данные об автомобиле клиента')]"
1415,"[(60, 66, 'Кодовые слова')]"
1416,"[(35, 55, 'Данные об организации/юридическом лице (ИНН, КПП, ОГРН, БИК, адреса, расчётный счёт)'), (78, 88, 'Данные об организации/юридическом лице (ИНН, КПП, ОГРН, БИК, адреса, расчётный счёт)'), (99, 108, 'Данные об организации/юридическом лице (ИНН, КПП, ОГРН, БИК, адреса, расчётный счёт)')]"
1417,[]
1418,[]
1419,"[(72, 142, 'API ключи')]"
1420,"[(52, 57, 'Гражданство и названия стран'), (71, 77, 'Гражданство и названия стран')]"
1421,[]
1422,"[(48, 54, 'Одноразовые коды')]"
1423,"[(18, 26, 'Кодовые слова')]"
1424,[]
1425,"[(16, 38, 'API ключи')]"
1426,"[(47, 50, 'CVV/CVC')]"
1427,"[(14, 24, 'Сведения об ИНН')]"
1428,"[(23, 27, 'Паспортные данные'), (38, 44, 'Паспортные данные')]"
1429,[]
1430,"[(34, 38, 'ПИН код')]"
1431,"[(42, 61, 'Номер карты')]"
1432,[]
1433,[]
1434,"[(35, 48, 'Данные об организации/юридическом лице (ИНН, КПП, ОГРН, БИК, адреса, расчётный счёт)')]"
1435,"[(72, 82, 'Разрешение на работу / визу')]"
1436,[]
1437,"[(60, 64, 'ПИН код')]"
1438,"[(44, 54, 'Водительское удостоверение')]"
1439,[]
1440,"[(98, 108, 'Водительское удостоверение')]"
1441,[]
1442,[]
1443,"[(14, 24, 'Водительское удостоверение')]"
1444,"[(37, 43, 'Гражданство и названия стран')]"
1445,"[(45, 59, 'Наименование банка')]"
1446,[]
1447,"[(4, 6, 'Дата рождения'), (7, 13, 'Дата рождения'), (14, 18, 'Дата рождения')]"
1448,[]
1449,"[(75, 89, 'СНИЛС клиента')]"
1450,"[(65, 85, 'Email')]"
1451,"[(106, 121, 'Имя держателя карты')]"
1452,"[(34, 42, 'Место рождения')]"
1453,[]
1454,[]
1455,"[(16, 20, 'ПИН код')]"
1456,"[(50, 69, 'Дата регистрации по месту жительства или пребывания')]"
1457,"[(78, 83, 'Кодовые слова')]"
1458,"[(38, 48, 'Дата регистрации по месту жительства или пребывания')]"
1459,"[(52, 56, 'ПИН код')]"
1460,"[(70, 80, 'Временное удостоверение личности')]"
1461,[]
1462,"[(63, 82, 'Номер карты')]"
1463,[]
1464,[]
1465,"[(77, 89, 'Свидетельство о рождении')]"
1466,"[(68, 89, 'API ключи')]"
1467,[]
1468,"[(23, 27, 'ПИН код')]"
1469,[]
1470,"[(27, 41, 'Место рождения')]"
1471,"[(55, 79, 'API ключи')]"
1472,"[(62, 67, 'Дата окончания срока действия карты')]"
1473,"[(20, 32, 'Временное удостоверение личности')]"
1474,[]
1475,[]
1476,[]
1477,"[(43, 61, 'Дата окончания срока действия карты')]"
1478,[]
1479,"[(13, 27, 'СНИЛС клиента')]"
1480,"[(22, 46, 'API ключи')]"
1481,[]
1482,"[(115, 120, 'Дата окончания срока действия карты')]"
1483,[]
1484,"[(89, 102, 'Свидетельство о рождении')]"
1485,[]
1486,"[(49, 59, 'Дата окончания срока действия карты')]"
1487,"[(18, 19, 'Дата рождения'), (20, 27, 'Дата рождения'), (28, 32, 'Дата рождения')]"
1488,"[(56, 59, 'CVV/CVC')]"
1489,"[(12, 23, 'Гражданство и названия стран')]"
1490,"[(27, 37, 'Дата регистрации по месту жительства или пребывания')]"
1491,"[(52, 65, 'Наименование банка')]"
1492,[]
1493,"[(45, 59, 'СНИЛС клиента')]"
1494,"[(12, 14, 'Дата рождения'), (21, 23, 'Дата рождения')]"
1495,[]
1496,"[(68, 84, 'Имя держателя карты')]"
1497,"[(89, 101, 'Номер телефона')]"
1498,[]
1499,"[(57, 97, 'API ключи')]"
1500,"[(73, 83, 'Серия и номер вида на жительство')]"
1501,"[(11, 29, 'Дата регистрации по месту жительства или пребывания')]"
1502,"[(38, 56, 'Номер телефона'), (107, 111, 'Номер телефона')]"
1503,"[(29, 40, 'Водительское удостоверение')]"
1504,"[(64, 76, 'Серия и номер вида на жительство')]"
1505,[]
1506,[]
1507,"[(28, 34, 'Гражданство и названия стран'), (37, 45, 'Гражданство и названия стран'), (98, 106, 'Гражданство и названия стран')]"
1508,"[(11, 21, 'Разрешение на работу / визу')]"
1509,"[(73, 305, 'API ключи')]"
1510,"[(67, 79, 'Свидетельство о рождении')]"
1511,"[(67, 82, 'Номер телефона')]"
1512,"[(65, 75, 'Разрешение на работу / визу')]"
1513,"[(79, 93, 'СНИЛС клиента')]"
1514,"[(57, 69, 'Имя держателя карты')]"
1515,"[(54, 65, 'Водительское удостоверение')]"
1516,[]
1517,[]
1518,"[(32, 35, 'Гражданство и названия стран')]"
1519,"[(22, 32, 'Серия и номер вида на жительство')]"
1520,[]
1521,"[(68, 88, 'Номер банковского счета')]"
1522,"[(39, 107, 'API ключи')]"
1523,"[(71, 127, 'Содержимое магнитной полосы')]"
1524,"[(57, 63, 'Полный адрес'), (65, 77, 'Полный адрес'), (79, 91, 'Полный адрес'), (93, 99, 'Полный адрес'), (101, 111, 'Полный адрес')]"
1525,"[(66, 84, 'Номер телефона')]"
1526,[]
1527,"[(80, 87, 'Паспортные данные')]"
1528,[]
1529,[]
1530,"[(91, 101, 'Временное удостоверение личности')]"
1531,"[(64, 84, 'Номер банковского счета')]"
1532,[]
1533,"[(56, 67, 'Паспортные данные'), (75, 96, 'Паспортные данные')]"
1534,"[(32, 42, 'Дата рождения'), (45, 47, 'Дата рождения'), (48, 50, 'Дата рождения')]"
1535,[]
1536,"[(40, 46, 'Полный адрес'), (48, 63, 'Полный адрес'), (65, 82, 'Полный адрес'), (84, 95, 'Полный адрес'), (97, 102, 'Полный адрес'), (104, 110, 'Полный адрес')]"
1537,"[(18, 30, 'Сведения об ИНН')]"
1538,[]
1539,[]
1540,"[(36, 48, 'Дата регистрации по месту жительства или пребывания')]"
1541,"[(46, 51, 'Паспортные данные'), (59, 65, 'Паспортные данные'), (73, 122, 'Паспортные данные'), (128, 135, 'Паспортные данные')]"
1542,[]
1543,"[(52, 64, 'Водительское удостоверение')]"
1544,"[(20, 24, 'Паспортные данные'), (31, 37, 'Паспортные данные'), (56, 66, 'Паспортные данные')]"
1545,[]
1546,"[(83, 120, 'Содержимое магнитной полосы')]"
1547,"[(19, 25, 'Одноразовые коды'), (38, 53, 'Наименование банка')]"
1548,"[(30, 48, 'Дата регистрации по месту жительства или пребывания')]"
1549,[]
1550,"[(11, 17, 'Одноразовые коды')]"
1551,[]
1552,"[(34, 46, 'Номер телефона')]"
1553,"[(42, 52, 'Данные об организации/юридическом лице (ИНН, КПП, ОГРН, БИК, адреса, расчётный счёт)')]"
1554,"[(106, 116, 'Разрешение на работу / визу')]"
1555,[]
1556,[]
1557,[]
1558,"[(57, 61, 'Кодовые слова')]"
1559,"[(23, 29, 'Одноразовые коды')]"
1560,[]
1561,[]
1562,"[(26, 35, 'Пароли')]"
1563,"[(12, 24, 'Пароли')]"
1564,[]
1565,"[(82, 94, 'Временное удостоверение личности')]"
1566,[]
1567,[]
1568,"[(61, 74, 'Имя держателя карты')]"
1569,"[(55, 67, 'Сведения об ИНН')]"
1570,[]
1571,"[(50, 56, 'Полный адрес'), (58, 67, 'Полный адрес'), (69, 91, 'Полный адрес'), (93, 99, 'Полный адрес'), (101, 108, 'Полный адрес')]"
1572,[]
1573,"[(15, 27, 'Сведения об ИНН')]"
1574,"[(33, 48, 'Данные об автомобиле клиента')]"
1575,[]
1576,[]
1577,"[(12, 27, 'Пароли')]"
1578,"[(10, 22, 'Данные об организации/юридическом лице (ИНН, КПП, ОГРН, БИК, адреса, расчётный счёт)')]"
1579,[]
1580,"[(36, 45, 'Данные об организации/юридическом лице (ИНН, КПП, ОГРН, БИК, адреса, расчётный счёт)')]"
1581,"[(37, 45, 'Наименование банка')]"
1582,"[(17, 21, 'Дата рождения')]"
1583,[]
1584,[]
1585,[]
1586,[]
1587,"[(61, 114, 'API ключи')]"
1588,"[(31, 40, 'Данные об организации/юридическом лице (ИНН, КПП, ОГРН, БИК, адреса, расчётный счёт)')]"
1589,"[(45, 59, 'СНИЛС клиента')]"
1590,"[(70, 83, 'Пароли')]"
1591,"[(85, 104, 'Номер карты')]"
1592,"[(44, 53, 'Гражданство и названия стран'), (89, 98, 'Гражданство и названия стран')]"
1593,"[(41, 51, 'Временное удостоверение личности')]"
1594,"[(80, 134, 'Содержимое магнитной полосы')]"
1595,[]
1596,[]
1597,"[(62, 72, 'Сведения об ИНН')]"
1598,"[(55, 65, 'Сведения об ИНН')]"
1599,"[(47, 57, 'Данные об организации/юридическом лице (ИНН, КПП, ОГРН, БИК, адреса, расчётный счёт)'), (65, 78, 'Данные об организации/юридическом лице (ИНН, КПП, ОГРН, БИК, адреса, расчётный счёт)')]"
1600,[]
1601,"[(59, 80, 'Email')]"
1602,"[(82, 87, 'Дата окончания срока действия карты')]"
1603,"[(13, 25, 'Гражданство и названия стран')]"
1604,"[(20, 40, 'Номер банковского счета')]"
1605,"[(84, 99, 'Пароли')]"
1606,"[(53, 57, 'ПИН код')]"
1607,"[(13, 30, 'Данные об автомобиле клиента')]"
1608,[]
1609,"[(55, 63, 'Гражданство и названия стран')]"
1610,[]
1611,"[(58, 62, 'ПИН код')]"
1612,"[(66, 77, 'Наименование банка')]"
1613,[]
1614,"[(27, 31, 'ПИН код')]"
1615,"[(12, 19, 'Гражданство и названия стран')]"
1616,[]
1617,"[(56, 80, 'Email')]"
1618,[]
1619,"[(33, 37, 'ПИН код')]"
1620,"[(11, 17, 'Одноразовые коды')]"
1621,"[(71, 81, 'Разрешение на работу / визу')]"
1622,"[(54, 57, 'CVV/CVC')]"
1623,"[(118, 132, 'Свидетельство о рождении')]"
1624,"[(89, 103, 'Свидетельство о рождении')]"
1625,[]
1626,"[(49, 60, 'Номер телефона')]"
1627,"[(71, 74, 'CVV/CVC')]"
1628,"[(80, 86, 'Гражданство и названия стран')]"
1629,"[(28, 40, 'Номер телефона')]"
1630,"[(95, 106, 'Свидетельство о рождении')]"
1631,[]
1632,[]
1633,"[(97, 108, 'Водительское удостоверение')]"
1634,"[(15, 21, 'Одноразовые коды')]"
1635,"[(73, 91, 'Содержимое магнитной полосы')]"
1636,"[(70, 84, 'Наименование банка')]"
1637,"[(109, 117, 'Наименование банка')]"
1638,[]
1639,"[(22, 27, 'Данные об автомобиле клиента'), (28, 35, 'Данные об автомобиле клиента'), (37, 42, 'Данные об автомобиле клиента'), (59, 67, 'Данные об автомобиле клиента')]"
1640,"[(57, 141, 'API ключи')]"
1641,"[(30, 33, 'CVV/CVC')]"
1642,[]
1643,[]
1644,[]
1645,"[(125, 137, 'Номер телефона')]"
1646,"[(63, 80, 'Полный адрес'), (82, 94, 'Полный адрес'), (96, 112, 'Полный адрес'), (114, 120, 'Полный адрес'), (122, 133, 'Полный адрес')]"
1647,[]
1648,"[(55, 61, 'Полный адрес'), (63, 78, 'Полный адрес'), (80, 91, 'Полный адрес'), (93, 104, 'Полный адрес'), (106, 111, 'Полный адрес'), (113, 119, 'Полный адрес'), (121, 127, 'Полный адрес')]"
1649,"[(4, 16, 'Сведения об ИНН')]"
1650,"[(93, 104, 'Имя держателя карты')]"
1651,"[(19, 23, 'Место рождения')]"
1652,"[(26, 34, 'Дата окончания срока действия карты')]"
1653,"[(45, 54, 'Данные об организации/юридическом лице (ИНН, КПП, ОГРН, БИК, адреса, расчётный счёт)')]"
1654,"[(54, 67, 'Данные об организации/юридическом лице (ИНН, КПП, ОГРН, БИК, адреса, расчётный счёт)'), (74, 83, 'Данные об организации/юридическом лице (ИНН, КПП, ОГРН, БИК, адреса, расчётный счёт)')]"
1655,[]
1656,[]
1657,"[(94, 99, 'Дата окончания срока действия карты')]"
1658,"[(17, 21, 'Дата рождения')]"
1659,"[(68, 80, 'Место рождения'), (89, 93, 'Место рождения')]"
1660,"[(113, 123, 'Разрешение на работу / визу')]"
1661,[]
1662,"[(22, 32, 'Серия и номер вида на жительство')]"
1663,"[(29, 48, 'Номер карты')]"
1664,"[(69, 91, 'Email')]"
1665,"[(78, 94, 'Имя держателя карты')]"
1666,"[(11, 20, 'Пароли')]"
1667,[]
1668,[]
1669,"[(76, 113, 'Содержимое магнитной полосы')]"
1670,[]
1671,[]
1672,"[(17, 38, 'API ключи')]"
1673,[]
1674,"[(123, 140, 'Номер телефона')]"
1675,"[(12, 23, 'Место рождения')]"
1676,"[(61, 84, 'API ключи')]"
1677,"[(29, 39, 'Место рождения'), (64, 72, 'Место рождения')]"
1678,"[(83, 89, 'Место рождения')]"
1679,"[(15, 20, 'Данные об автомобиле клиента'), (31, 39, 'Данные об автомобиле клиента')]"
1680,[]
1681,"[(22, 32, 'Серия и номер вида на жительство')]"
1682,[]
1683,[]
1684,"[(20, 40, 'Дата регистрации по месту жительства или пребывания')]"
1685,"[(12, 19, 'Дата рождения'), (21, 22, 'Дата рождения'), (23, 26, 'Дата рождения'), (27, 31, 'Дата рождения')]"
1686,[]
1687,"[(102, 107, 'Дата окончания срока действия карты')]"
1688,[]
1689,"[(30, 36, 'Кодовые слова')]"
1690,"[(110, 130, 'Номер банковского счета')]"
1691,"[(77, 87, 'Разрешение на работу / визу')]"
1692,"[(77, 81, 'Паспортные данные'), (91, 97, 'Паспортные данные')]"
1693,[]
1694,"[(14, 33, 'Паспортные данные'), (34, 71, 'Паспортные данные'), (91, 98, 'Паспортные данные')]"
1695,"[(57, 62, 'Дата окончания срока действия карты')]"
1696,[]
1697,"[(41, 51, 'Дата регистрации по месту жительства или пребывания')]"
1698,"[(59, 64, 'Дата окончания срока действия карты')]"
1699,[]
1700,"[(48, 58, 'Разрешение на работу / визу')]"
1701,"[(111, 121, 'Разрешение на работу / визу')]"
1702,"[(14, 24, 'Сведения об ИНН')]"
1703,"[(49, 70, 'API ключи')]"
1704,"[(12, 19, 'Дата рождения'), (20, 24, 'Дата рождения')]"
1705,[]
1706,[]
1707,"[(11, 27, 'Номер карты')]"
1708,"[(53, 70, 'Полный адрес'), (72, 93, 'Полный адрес'), (95, 107, 'Полный адрес'), (109, 114, 'Полный адрес'), (116, 124, 'Полный адрес')]"
1709,"[(17, 22, 'Гражданство и названия стран')]"
1710,"[(74, 92, 'Пароли')]"
1711,"[(95, 106, 'Паспортные данные')]"
1712,"[(18, 38, 'Паспортные данные'), (61, 68, 'Паспортные данные')]"
1713,"[(88, 102, 'Свидетельство о рождении')]"
1714,"[(43, 65, 'API ключи')]"
1715,"[(84, 92, 'Данные об автомобиле клиента')]"
1716,"[(60, 97, 'Содержимое магнитной полосы')]"
1717,"[(38, 50, 'Дата окончания срока действия карты')]"
1718,[]
1719,[]
1720,"[(41, 61, 'Паспортные данные')]"
1721,[]
1722,"[(21, 28, 'Гражданство и названия стран')]"
1723,"[(87, 107, 'Дата регистрации по месту жительства или пребывания')]"
1724,"[(70, 107, 'Содержимое магнитной полосы')]"
1725,"[(31, 47, 'Наименование банка')]"
1726,"[(37, 49, 'Сведения об ИНН')]"
1727,[]
1728,[]
1729,"[(82, 87, 'Дата окончания срока действия карты')]"
1730,"[(28, 33, 'Дата окончания срока действия карты')]"
1731,[]
1732,"[(65, 78, 'Имя держателя карты')]"
1733,"[(95, 103, 'Водительское удостоверение')]"
1734,"[(75, 93, 'Полный адрес'), (95, 115, 'Полный адрес'), (117, 138, 'Полный адрес'), (140, 142, 'Полный адрес')]"
1735,"[(55, 65, 'Номер телефона')]"
1736,[]
1737,[]
1738,"[(80, 94, 'Пароли')]"
1739,[]
1740,[]
1741,[]
1742,"[(27, 47, 'Номер банковского счета')]"
1743,"[(4, 7, 'CVV/CVC')]"
1744,"[(36, 46, 'Серия и номер вида на жительство')]"
1745,"[(82, 102, 'Номер банковского счета')]"
1746,"[(27, 32, 'Кодовые слова')]"
1747,"[(52, 56, 'ПИН код')]"
1748,"[(38, 44, 'Одноразовые коды')]"
1749,[]
1750,"[(54, 62, 'Одноразовые коды')]"
1751,[]
1752,"[(112, 122, 'Водительское удостоверение')]"
1753,"[(115, 126, 'Номер телефона')]"
1754,[]
1755,"[(56, 62, 'Одноразовые коды')]"
1756,"[(54, 66, 'Временное удостоверение личности')]"
1757,"[(58, 64, 'Одноразовые коды')]"
1758,"[(55, 67, 'Сведения об ИНН')]"
1759,"[(72, 76, 'ПИН код')]"
1760,"[(76, 88, 'Водительское удостоверение')]"
1761,"[(42, 61, 'Номер карты')]"
1762,"[(55, 74, 'Email')]"
1763,"[(30, 50, 'Данные об организации/юридическом лице (ИНН, КПП, ОГРН, БИК, адреса, расчётный счёт)')]"
1764,"[(75, 83, 'Временное удостоверение личности')]"
1765,"[(11, 20, 'Пароли')]"
1766,"[(69, 76, 'Место рождения'), (85, 95, 'Место рождения')]"
1767,"[(53, 63, 'Сведения об ИНН')]"
1768,"[(50, 70, 'Имя держателя карты')]"
1769,[]
1770,[]
1771,[]
1772,"[(30, 50, 'Номер банковского счета')]"
1773,[]
1774,[]
1775,"[(80, 92, 'Сведения об ИНН')]"
1776,[]
1777,[]
1778,"[(64, 69, 'Место рождения')]"
1779,"[(72, 78, 'Кодовые слова')]"
1780,"[(63, 71, 'Гражданство и названия стран')]"
1781,"[(23, 29, 'Одноразовые коды')]"
1782,"[(56, 68, 'Свидетельство о рождении')]"
1783,"[(63, 73, 'Содержимое магнитной полосы')]"
1784,"[(94, 114, 'Номер банковского счета')]"
1785,"[(14, 20, 'Одноразовые коды')]"
1786,"[(21, 31, 'Содержимое магнитной полосы')]"
1787,"[(28, 38, 'Разрешение на работу / визу')]"
1788,"[(19, 30, 'Пароли')]"
1789,"[(15, 25, 'Пароли')]"
1790,"[(44, 54, 'Номер телефона')]"
1791,[]
1792,"[(11, 21, 'Пароли')]"
1793,"[(56, 68, 'Сведения об ИНН')]"
1794,"[(55, 81, 'API ключи')]"
1795,[]
1796,[]
1797,"[(69, 79, 'Серия и номер вида на жительство')]"
1798,"[(83, 95, 'Водительское удостоверение')]"
1799,"[(40, 56, 'Номер карты'), (84, 88, 'Имя держателя карты')]"
1800,[]
1801,"[(107, 119, 'Водительское удостоверение')]"
1802,"[(44, 55, 'Водительское удостоверение')]"
1803,"[(38, 58, 'Данные об организации/юридическом лице (ИНН, КПП, ОГРН, БИК, адреса, расчётный счёт)')]"
1804,[]
1805,[]
1806,"[(12, 18, 'Гражданство и названия стран')]"
1807,[]
1808,"[(16, 26, 'Сведения об ИНН')]"
1809,"[(28, 38, 'Разрешение на работу / визу')]"
1810,"[(59, 70, 'Номер телефона')]"
1811,[]
1812,[]
1813,[]
1814,"[(56, 70, 'Наименование банка')]"
1815,"[(21, 32, 'Наименование банка')]"
1816,"[(99, 110, 'Наименование банка')]"
1817,"[(87, 88, 'Дата регистрации по месту жительства или пребывания'), (89, 107, 'Дата регистрации по месту жительства или пребывания')]"
1818,[]
1819,[]
1820,"[(57, 71, 'Наименование банка')]"
1821,"[(73, 76, 'CVV/CVC')]"
1822,"[(20, 36, 'Место рождения')]"
1823,[]
1824,[]
1825,"[(56, 68, 'Наименование банка')]"
1826,[]
1827,"[(8, 18, 'Сведения об ИНН')]"
1828,"[(92, 107, 'Номер телефона')]"
1829,"[(47, 63, 'Номер карты')]"
1830,"[(93, 99, 'Место рождения')]"
1831,"[(27, 35, 'Наименование банка')]"
1832,"[(76, 80, 'ПИН код')]"
1833,"[(12, 17, 'Дата окончания срока действия карты')]"
1834,"[(96, 106, 'Разрешение на работу / визу')]"
1835,[]
1836,"[(51, 63, 'Имя держателя карты')]"
1837,[]
1838,"[(59, 91, 'Данные об организации/юридическом лице (ИНН, КПП, ОГРН, БИК, адреса, расчётный счёт)'), (104, 144, 'Данные об организации/юридическом лице (ИНН, КПП, ОГРН, БИК, адреса, расчётный счёт)')]"
1839,"[(39, 51, 'Номер телефона')]"
1840,"[(32, 36, 'ПИН код')]"
1841,[]
1842,[]
1843,"[(10, 14, 'ПИН код')]"
1844,"[(16, 31, 'Имя держателя карты')]"
1845,"[(12, 22, 'Разрешение на работу / визу')]"
1846,[]
1847,"[(48, 62, 'СНИЛС клиента')]"
1848,[]
1849,"[(75, 113, 'API ключи')]"
1850,"[(70, 84, 'СНИЛС клиента')]"
1851,[]
1852,[]
1853,[]
1854,"[(56, 59, 'Полный адрес'), (61, 77, 'Полный адрес'), (79, 86, 'Полный адрес'), (88, 96, 'Полный адрес')]"
1855,[]
1856,"[(66, 67, 'Дата рождения'), (68, 74, 'Дата рождения'), (75, 79, 'Дата рождения')]"
1857,"[(60, 74, 'Имя держателя карты')]"
1858,"[(13, 16, 'Гражданство и названия стран')]"
1859,[]
1860,"[(9, 12, 'Гражданство и названия стран')]"
1861,[]
1862,"[(13, 22, 'Гражданство и названия стран')]"
1863,[]
1864,"[(12, 17, 'Дата рождения')]"
1865,"[(18, 24, 'Кодовые слова')]"
1866,[]
1867,"[(93, 105, 'Свидетельство о рождении')]"
1868,"[(82, 106, 'Email')]"
1869,[]
1870,"[(77, 84, 'Кодовые слова')]"
1871,[]
1872,[]
1873,"[(93, 106, 'Свидетельство о рождении')]"
1874,[]
1875,"[(62, 101, 'API ключи')]"
1876,[]
1877,"[(77, 97, 'Номер банковского счета')]"
1878,"[(95, 105, 'Разрешение на работу / визу')]"
1879,"[(59, 70, 'Свидетельство о рождении')]"
1880,"[(71, 90, 'Email')]"
1881,"[(46, 57, 'Место рождения'), (67, 76, 'Место рождения')]"
1882,"[(46, 65, 'Место рождения')]"
1883,"[(19, 28, 'Данные об организации/юридическом лице (ИНН, КПП, ОГРН, БИК, адреса, расчётный счёт)'), (36, 46, 'Данные об организации/юридическом лице (ИНН, КПП, ОГРН, БИК, адреса, расчётный счёт)')]"
1884,"[(81, 93, 'Свидетельство о рождении')]"
1885,"[(40, 51, 'ФИО'), (52, 59, 'ФИО')]"
1886,"[(49, 54, 'Данные об автомобиле клиента'), (55, 62, 'Данные об автомобиле клиента'), (63, 67, 'Данные об автомобиле клиента'), (79, 96, 'Данные об автомобиле клиента')]"
1887,"[(24, 34, 'Временное удостоверение личности')]"
1888,"[(76, 113, 'Содержимое магнитной полосы')]"
1889,"[(20, 30, 'Дата регистрации по месту жительства или пребывания')]"
1890,[]
1891,[]
1892,"[(69, 120, 'Содержимое магнитной полосы')]"
1893,"[(47, 64, 'API ключи')]"
1894,"[(50, 59, 'Данные об организации/юридическом лице (ИНН, КПП, ОГРН, БИК, адреса, расчётный счёт)')]"
1895,"[(88, 99, 'Водительское удостоверение')]"
1896,"[(121, 138, 'Номер телефона')]"
1897,"[(89, 101, 'Водительское удостоверение')]"
1898,"[(53, 67, 'Место рождения')]"
1899,[]
1900,"[(63, 73, 'Разрешение на работу / визу')]"
1901,"[(45, 57, 'Сведения об ИНН')]"
1902,"[(11, 14, 'CVV/CVC')]"
1903,[]
1904,"[(12, 17, 'Гражданство и названия стран')]"
1905,[]
1906,"[(88, 91, 'CVV/CVC')]"
1907,[]
1908,[]
1909,"[(64, 78, 'Дата окончания срока действия карты')]"
1910,"[(75, 91, 'Пароли')]"
1911,[]
1912,"[(47, 53, 'Гражданство и названия стран')]"
1913,"[(60, 63, 'CVV/CVC')]"
1914,"[(15, 50, 'API ключи')]"
1915,[]
1916,"[(69, 83, 'СНИЛС клиента')]"
1917,"[(68, 218, 'API ключи')]"
1918,"[(65, 80, 'Имя держателя карты')]"
1919,"[(71, 77, 'Место рождения')]"
1920,[]
1921,"[(25, 45, 'Номер банковского счета')]"
1922,"[(10, 12, 'Дата рождения'), (13, 16, 'Дата рождения'), (17, 21, 'Дата рождения'), (29, 31, 'Дата рождения'), (32, 34, 'Дата рождения')]"
1923,"[(35, 39, 'ПИН код')]"
1924,"[(50, 62, 'Номер телефона')]"
1925,"[(29, 34, 'Гражданство и названия стран')]"
1926,[]
1927,"[(57, 60, 'CVV/CVC')]"
1928,"[(41, 44, 'CVV/CVC')]"
1929,[]
1930,[]
1931,[]
1932,"[(61, 80, 'Email')]"
1933,[]
1934,"[(72, 82, 'Сведения об ИНН')]"
1935,"[(10, 12, 'Дата рождения'), (13, 20, 'Дата рождения')]"
1936,"[(16, 29, 'Данные об автомобиле клиента'), (44, 61, 'Данные об автомобиле клиента'), (67, 73, 'Данные об автомобиле клиента'), (74, 79, 'Данные об автомобиле клиента')]"
1937,"[(88, 92, 'Кодовые слова')]"
1938,"[(35, 45, 'Пароли')]"
1939,"[(89, 101, 'Водительское удостоверение')]"
1940,[]
1941,"[(59, 75, 'Имя держателя карты')]"
1942,[]
1943,[]
1944,"[(47, 66, 'Номер карты')]"
1945,"[(69, 81, 'Временное удостоверение личности')]"
1946,[]
1947,"[(47, 51, 'ПИН код')]"
1948,"[(41, 45, 'Кодовые слова')]"
1949,"[(37, 45, 'ФИО'), (46, 51, 'ФИО')]"
1950,"[(32, 48, 'Содержимое магнитной полосы')]"
1951,[]
1952,"[(86, 139, 'Содержимое магнитной полосы')]"
1953,"[(63, 74, 'Водительское удостоверение')]"
1954,"[(72, 85, 'Свидетельство о рождении')]"
1955,[]
1956,"[(77, 82, 'Дата окончания срока действия карты')]"
1957,[]
1958,"[(12, 23, 'Дата рождения'), (25, 27, 'Дата рождения'), (28, 34, 'Дата рождения'), (35, 39, 'Дата рождения')]"
1959,"[(2, 7, 'Дата рождения'), (8, 12, 'Дата рождения')]"
1960,"[(63, 67, 'ПИН код')]"
1961,"[(85, 97, 'Временное удостоверение личности')]"
1962,[]
1963,[]
1964,"[(75, 155, 'API ключи')]"
1965,"[(76, 80, 'ПИН код')]"
1966,"[(78, 83, 'Дата окончания срока действия карты')]"
1967,"[(80, 120, 'API ключи')]"
1968,[]
1969,"[(42, 45, 'CVV/CVC')]"
1970,[]
1971,"[(81, 133, 'Содержимое магнитной полосы')]"
1972,"[(63, 72, 'Полный адрес'), (74, 89, 'Полный адрес'), (91, 106, 'Полный адрес'), (108, 114, 'Полный адрес'), (116, 126, 'Полный адрес')]"
1973,[]
1974,[]
1975,"[(33, 44, 'Номер телефона')]"
1976,"[(50, 55, 'Место рождения')]"
1977,"[(70, 90, 'Номер банковского счета')]"
1978,"[(50, 60, 'Сведения об ИНН')]"
1979,[]
1980,"[(29, 39, 'Разрешение на работу / визу')]"
1981,"[(44, 109, 'API ключи')]"
1982,"[(106, 123, 'Свидетельство о рождении')]"
1983,"[(93, 106, 'Имя держателя карты')]"
1984,[]
1985,"[(52, 72, 'Номер банковского счета')]"
1986,"[(10, 15, 'ФИО'), (16, 24, 'ФИО')]"
1987,"[(69, 123, 'Содержимое магнитной полосы')]"
1988,"[(82, 88, 'Гражданство и названия стран')]"
1989,"[(22, 28, 'Кодовые слова')]"
1990,"[(85, 95, 'Номер телефона')]"
1991,"[(25, 37, 'Сведения об ИНН')]"
1992,"[(72, 82, 'Дата регистрации по месту жительства или пребывания')]"
1993,[]
1994,"[(52, 92, 'API ключи')]"
1995,"[(57, 67, 'Разрешение на работу / визу')]"
1996,[]
1997,[]
1998,"[(65, 79, 'СНИЛС клиента')]"
1999,"[(102, 111, 'Временное удостоверение личности')]"
2000,[]
2001,[]
2002,"[(43, 49, 'Гражданство и названия стран'), (80, 86, 'Гражданство и названия стран')]"
2003,[]
2004,"[(90, 102, 'Водительское удостоверение')]"
2005,"[(66, 70, 'Паспортные данные'), (77, 83, 'Паспортные данные'), (91, 110, 'Паспортные данные'), (133, 140, 'Паспортные данные')]"
2006,[]
2007,"[(26, 36, 'Номер телефона')]"
2008,"[(62, 109, 'Данные об организации/юридическом лице (ИНН, КПП, ОГРН, БИК, адреса, расчётный счёт)')]"
2009,[]
2010,[]
2011,"[(41, 54, 'Полный адрес'), (56, 71, 'Полный адрес'), (73, 96, 'Полный адрес'), (98, 105, 'Полный адрес'), (107, 117, 'Полный адрес')]"
2012,"[(45, 100, 'Паспортные данные'), (106, 113, 'Паспортные данные')]"
2013,"[(55, 75, 'Номер банковского счета')]"
2014,"[(4, 5, 'Дата рождения'), (6, 10, 'Дата рождения'), (11, 15, 'Дата рождения')]"
2015,"[(33, 47, 'СНИЛС клиента')]"
2016,[]
2017,"[(76, 94, 'Номер телефона')]"
2018,"[(104, 114, 'Временное удостоверение личности')]"
2019,"[(140, 150, 'Разрешение на работу / визу')]"
2020,"[(91, 105, 'Свидетельство о рождении')]"
2021,"[(18, 25, 'ФИО'), (26, 31, 'ФИО')]"
2022,[]
2023,"[(47, 57, 'Водительское удостоверение')]"
2024,"[(11, 17, 'Одноразовые коды')]"
2025,"[(84, 92, 'Временное удостоверение личности')]"
2026,"[(76, 86, 'Разрешение на работу / визу')]"
2027,[]
2028,"[(10, 24, 'СНИЛС клиента')]"
2029,[]
2030,[]
2031,"[(25, 35, 'Разрешение на работу / визу')]"
2032,"[(50, 278, 'API ключи')]"
2033,[]
2034,"[(75, 81, 'Кодовые слова')]"
2035,[]
2036,"[(14, 33, 'API ключи')]"
2037,[]
2038,"[(12, 19, 'Гражданство и названия стран')]"
2039,[]
2040,"[(91, 103, 'Водительское удостоверение')]"
2041,"[(21, 31, 'Разрешение на работу / визу')]"
2042,[]
2043,"[(106, 112, 'Гражданство и названия стран'), (115, 124, 'Гражданство и названия стран')]"
2044,[]
2045,[]
2046,"[(35, 40, 'Дата окончания срока действия карты')]"
2047,[]
2048,[]
2049,[]
2050,"[(53, 65, 'Место рождения')]"
2051,"[(74, 85, 'Водительское удостоверение')]"
2052,[]
2053,"[(23, 27, 'ПИН код')]"
2054,"[(61, 85, 'Email')]"
2055,"[(68, 124, 'Содержимое магнитной полосы')]"
2056,"[(14, 19, 'Дата окончания срока действия карты')]"
2057,"[(86, 98, 'Водительское удостоверение')]"
2058,"[(22, 32, 'Сведения об ИНН')]"
2059,"[(107, 119, 'Водительское удостоверение')]"
2060,[]
2061,[]
2062,"[(61, 75, 'Имя держателя карты')]"
2063,"[(19, 26, 'Гражданство и названия стран'), (30, 32, 'Гражданство и названия стран')]"
2064,"[(41, 49, 'Полный адрес'), (51, 66, 'Полный адрес'), (68, 74, 'Полный адрес'), (76, 84, 'Полный адрес')]"
2065,"[(90, 174, 'API ключи')]"
2066,"[(36, 50, 'СНИЛС клиента')]"
2067,"[(21, 41, 'Дата регистрации по месту жительства или пребывания')]"
2068,"[(32, 41, 'Гражданство и названия стран')]"
2069,"[(62, 72, 'Сведения об ИНН')]"
2070,"[(41, 54, 'Данные об организации/юридическом лице (ИНН, КПП, ОГРН, БИК, адреса, расчётный счёт)')]"
2071,"[(16, 36, 'Номер банковского счета')]"
2072,"[(79, 89, 'Разрешение на работу / визу')]"
2073,"[(96, 116, 'Номер банковского счета')]"
2074,"[(32, 35, 'CVV/CVC')]"
2075,"[(52, 57, 'Дата окончания срока действия карты')]"
2076,"[(9, 22, 'Данные об организации/юридическом лице (ИНН, КПП, ОГРН, БИК, адреса, расчётный счёт)')]"
2077,[]
2078,"[(75, 85, 'Разрешение на работу / визу')]"
2079,"[(27, 37, 'Дата регистрации по месту жительства или пребывания')]"
2080,"[(46, 69, 'API ключи')]"
2081,[]
2082,"[(89, 99, 'Водительское удостоверение')]"
2083,"[(40, 50, 'Дата рождения')]"
2084,[]
2085,[]
2086,"[(95, 119, 'Email')]"
2087,[]
2088,[]
2089,"[(34, 42, 'Данные об автомобиле клиента'), (67, 75, 'Данные об автомобиле клиента')]"
2090,"[(71, 76, 'Дата окончания срока действия карты')]"
2091,"[(113, 116, 'CVV/CVC')]"
2092,"[(26, 36, 'Данные об организации/юридическом лице (ИНН, КПП, ОГРН, БИК, адреса, расчётный счёт)'), (43, 52, 'Данные об организации/юридическом лице (ИНН, КПП, ОГРН, БИК, адреса, расчётный счёт)')]"
2093,"[(78, 82, 'ПИН код')]"
2094,"[(74, 160, 'API ключи')]"
2095,[]
2096,"[(35, 42, 'Паспортные данные')]"
2097,"[(51, 54, 'CVV/CVC')]"
2098,"[(45, 54, 'Место рождения')]"
2099,"[(9, 22, 'Номер телефона')]"
2100,"[(60, 66, 'Место рождения')]"
2101,"[(68, 82, 'Свидетельство о рождении')]"
2102,"[(40, 45, 'Дата окончания срока действия карты')]"
2103,"[(42, 54, 'Номер телефона')]"
2104,"[(74, 78, 'Кодовые слова')]"
2105,[]
2106,"[(61, 66, 'Дата окончания срока действия карты')]"
2107,[]
2108,"[(62, 72, 'Разрешение на работу / визу')]"
2109,[]
2110,[]
2111,"[(121, 131, 'Разрешение на работу / визу')]"
2112,"[(85, 95, 'Разрешение на работу / визу')]"
2113,[]
2114,"[(50, 56, 'Одноразовые коды')]"
2115,"[(54, 107, 'Содержимое магнитной полосы')]"
2116,"[(77, 95, 'Полный адрес'), (97, 117, 'Полный адрес'), (119, 140, 'Полный адрес'), (142, 148, 'Полный адрес'), (150, 160, 'Полный адрес')]"
2117,"[(61, 81, 'Номер банковского счета')]"
2118,"[(70, 80, 'Дата регистрации по месту жительства или пребывания')]"
2119,"[(82, 87, 'Дата окончания срока действия карты')]"
2120,"[(87, 97, 'Временное удостоверение личности')]"
2121,[]
2122,"[(19, 27, 'Гражданство и названия стран')]"
2123,"[(19, 29, 'Сведения об ИНН')]"
2124,[]
2125,"[(107, 118, 'Наименование банка')]"
2126,"[(23, 100, 'API ключи')]"
2127,"[(59, 73, 'Имя держателя карты')]"
2128,"[(55, 61, 'Гражданство и названия стран')]"
2129,"[(18, 28, 'Дата рождения')]"
2130,[]
2131,[]
2132,"[(41, 61, 'Номер банковского счета')]"
2133,"[(90, 102, 'Водительское удостоверение')]"
2134,"[(10, 14, 'ПИН код')]"
2135,"[(72, 92, 'Дата регистрации по месту жительства или пребывания')]"
2136,"[(51, 61, 'Сведения об ИНН')]"
2137,"[(18, 38, 'Номер банковского счета')]"
2138,[]
2139,[]
2140,"[(105, 120, 'Наименование банка')]"
2141,"[(58, 75, 'Данные об автомобиле клиента')]"
2142,"[(48, 65, 'Имя держателя карты')]"
2143,"[(52, 63, 'Номер телефона')]"
2144,"[(119, 124, 'Дата окончания срока действия карты')]"
2145,"[(32, 43, 'Свидетельство о рождении')]"
2146,[]
2147,[]
2148,"[(61, 119, 'Содержимое магнитной полосы')]"
2149,"[(67, 84, 'Полный адрес'), (86, 104, 'Полный адрес'), (106, 113, 'Полный адрес'), (115, 127, 'Полный адрес')]"
2150,[]
2151,"[(86, 96, 'Сведения об ИНН')]"
2152,"[(78, 88, 'Водительское удостоверение')]"
2153,"[(17, 34, 'Данные об автомобиле клиента')]"
2154,"[(9, 29, 'Номер банковского счета')]"
2155,"[(18, 28, 'Дата рождения')]"
2156,"[(60, 69, 'Данные об автомобиле клиента')]"
2157,"[(70, 76, 'Полный адрес'), (78, 96, 'Полный адрес'), (98, 108, 'Полный адрес'), (110, 122, 'Полный адрес'), (124, 129, 'Полный адрес'), (131, 138, 'Полный адрес'), (140, 146, 'Полный адрес')]"
2158,"[(62, 72, 'Водительское удостоверение')]"
2159,"[(44, 64, 'Номер банковского счета')]"
2160,"[(53, 215, 'API ключи')]"
2161,"[(61, 67, 'Полный адрес'), (69, 75, 'Полный адрес'), (77, 91, 'Полный адрес'), (93, 102, 'Полный адрес'), (104, 114, 'Полный адрес'), (116, 121, 'Полный адрес'), (123, 128, 'Полный адрес')]"
2162,"[(12, 24, 'Сведения об ИНН')]"
2163,"[(13, 31, 'Номер телефона')]"
2164,"[(51, 60, 'Место рождения')]"
2165,"[(80, 91, 'Паспортные данные'), (99, 117, 'Паспортные данные'), (140, 147, 'Паспортные данные')]"
2166,"[(12, 18, 'Одноразовые коды')]"
2167,[]
2168,[]
2169,[]
2170,"[(18, 20, 'Дата рождения'), (21, 28, 'Дата рождения'), (29, 33, 'Дата рождения')]"
2171,[]
2172,"[(30, 36, 'Кодовые слова')]"
2173,"[(111, 122, 'Номер телефона')]"
2174,[]
2175,"[(45, 55, 'Разрешение на работу / визу')]"
2176,"[(53, 68, 'Номер телефона')]"
2177,[]
2178,"[(56, 71, 'Дата окончания срока действия карты')]"
2179,"[(75, 89, 'СНИЛС клиента')]"
2180,"[(59, 72, 'Имя держателя карты')]"
2181,"[(84, 96, 'Временное удостоверение личности')]"
2182,"[(35, 45, 'Дата регистрации по месту жительства или пребывания')]"
2183,[]
2184,[]
2185,[]
2186,[]
2187,[]
2188,"[(19, 29, 'Сведения об ИНН')]"
2189,"[(43, 57, 'Гражданство и названия стран')]"
2190,"[(28, 84, 'API ключи')]"
2191,"[(69, 157, 'API ключи')]"
2192,"[(31, 43, 'Водительское удостоверение')]"
2193,[]
2194,"[(28, 32, 'Кодовые слова')]"
2195,"[(48, 88, 'API ключи')]"
2196,[]
2197,[]
2198,"[(39, 45, 'Одноразовые коды')]"
2199,"[(63, 73, 'Сведения об ИНН')]"
2200,[]
2201,"[(10, 25, 'Имя держателя карты')]"
2202,"[(20, 30, 'Дата регистрации по месту жительства или пребывания')]"
2203,[]
2204,"[(19, 25, 'Полный адрес'), (27, 42, 'Полный адрес'), (44, 55, 'Полный адрес'), (57, 67, 'Полный адрес'), (69, 75, 'Полный адрес'), (77, 84, 'Полный адрес')]"
2205,[]
2206,[]
2207,[]
2208,"[(8, 11, 'CVV/CVC')]"
2209,[]
2210,[]
2211,"[(14, 19, 'Гражданство и названия стран')]"
2212,"[(11, 27, 'Номер карты')]"
2213,"[(71, 74, 'CVV/CVC')]"
2214,"[(101, 117, 'Имя держателя карты')]"
2215,"[(68, 73, 'Место рождения'), (82, 88, 'Место рождения')]"
2216,[]
2217,[]
2218,"[(13, 19, 'Гражданство и названия стран')]"
2219,[]
2220,"[(116, 126, 'Разрешение на работу / визу')]"
2221,"[(9, 17, 'Гражданство и названия стран')]"
2222,"[(77, 99, 'Содержимое магнитной полосы')]"
2223,"[(43, 63, 'Номер банковского счета')]"
2224,[]
2225,"[(30, 33, 'Наименование банка')]"
2226,"[(79, 89, 'Водительское удостоверение')]"
2227,"[(36, 73, 'Данные об организации/юридическом лице (ИНН, КПП, ОГРН, БИК, адреса, расчётный счёт)')]"
2228,"[(57, 69, 'Свидетельство о рождении')]"
2229,"[(60, 76, 'Имя держателя карты')]"
2230,[]
2231,"[(53, 65, 'Сведения об ИНН')]"
2232,[]
2233,[]
2234,[]
2235,"[(81, 96, 'Номер телефона')]"
2236,[]
2237,"[(75, 95, 'Номер банковского счета')]"
2238,"[(51, 71, 'Номер банковского счета')]"
2239,"[(24, 37, 'Пароли')]"
2240,"[(49, 74, 'Email')]"
2241,[]
2242,"[(59, 71, 'Сведения об ИНН')]"
2243,"[(91, 102, 'Номер телефона')]"
2244,"[(37, 67, 'Данные об организации/юридическом лице (ИНН, КПП, ОГРН, БИК, адреса, расчётный счёт)')]"
2245,[]
2246,"[(59, 65, 'Одноразовые коды')]"
2247,[]
2248,[]
2249,"[(57, 67, 'Разрешение на работу / визу')]"
2250,"[(40, 44, 'Кодовые слова')]"
2251,"[(45, 50, 'Дата окончания срока действия карты')]"
2252,"[(81, 94, 'Пароли')]"
2253,"[(29, 33, 'ПИН код')]"
2254,"[(35, 74, 'Данные об организации/юридическом лице (ИНН, КПП, ОГРН, БИК, адреса, расчётный счёт)'), (96, 143, 'Данные об организации/юридическом лице (ИНН, КПП, ОГРН, БИК, адреса, расчётный счёт)')]"
2255,[]
2256,"[(42, 62, 'Номер банковского счета')]"
2257,"[(48, 63, 'Имя держателя карты')]"
2258,"[(57, 63, 'Полный адрес'), (65, 78, 'Полный адрес'), (80, 86, 'Полный адрес'), (88, 98, 'Полный адрес')]"
2259,[]
2260,"[(92, 106, 'Свидетельство о рождении')]"
2261,"[(74, 81, 'Гражданство и названия стран')]"
2262,"[(10, 18, 'Наименование банка')]"
2263,"[(8, 21, 'Данные об организации/юридическом лице (ИНН, КПП, ОГРН, БИК, адреса, расчётный счёт)')]"
2264,"[(70, 74, 'Паспортные данные'), (81, 87, 'Паспортные данные')]"
2265,[]
2266,"[(15, 24, 'ФИО'), (25, 32, 'ФИО')]"
2267,[]
2268,"[(51, 63, 'Сведения об ИНН')]"
2269,[]
2270,"[(22, 26, 'ПИН код')]"
2271,"[(4, 5, 'Дата рождения'), (6, 10, 'Дата рождения'), (11, 15, 'Дата рождения')]"
2272,[]
2273,[]
2274,[]
2275,"[(145, 148, 'CVV/CVC')]"
2276,"[(70, 83, 'Свидетельство о рождении')]"
2277,[]
2278,"[(87, 99, 'Временное удостоверение личности')]"
2279,[]
2280,"[(93, 130, 'Содержимое магнитной полосы')]"
2281,"[(23, 32, 'Гражданство и названия стран'), (47, 53, 'Гражданство и названия стран'), (112, 118, 'Гражданство и названия стран')]"
2282,"[(49, 55, 'Полный адрес'), (57, 72, 'Полный адрес'), (74, 83, 'Полный адрес'), (85, 100, 'Полный адрес'), (102, 114, 'Полный адрес'), (116, 121, 'Полный адрес'), (123, 130, 'Полный адрес'), (132, 138, 'Полный адрес')]"
2283,"[(53, 65, 'Наименование банка')]"
2284,"[(19, 29, 'Место рождения')]"
2285,"[(54, 62, 'Данные об автомобиле клиента'), (80, 92, 'Данные об автомобиле клиента')]"
2286,[]
2287,"[(58, 78, 'Номер банковского счета')]"
2288,"[(15, 18, 'CVV/CVC')]"
2289,"[(22, 31, 'Данные об организации/юридическом лице (ИНН, КПП, ОГРН, БИК, адреса, расчётный счёт)')]"
2290,"[(51, 65, 'СНИЛС клиента')]"
2291,"[(20, 28, 'Место рождения'), (59, 66, 'Место рождения'), (73, 92, 'Место рождения')]"
2292,[]
2293,"[(29, 44, 'Имя держателя карты')]"
2294,"[(12, 24, 'Сведения об ИНН')]"
2295,"[(14, 24, 'Сведения об ИНН')]"
2296,[]
2297,[]
2298,"[(49, 69, 'Содержимое магнитной полосы')]"
2299,[]
2300,"[(50, 58, 'Гражданство и названия стран'), (92, 98, 'Гражданство и названия стран')]"
2301,"[(30, 50, 'Номер банковского счета')]"
2302,"[(46, 48, 'Дата регистрации по месту жительства или пребывания'), (49, 68, 'Дата регистрации по месту жительства или пребывания')]"
2303,"[(62, 72, 'ФИО'), (73, 78, 'ФИО')]"
2304,"[(62, 75, 'Пароли')]"
2305,[]
2306,"[(87, 133, 'API ключи')]"
2307,"[(54, 63, 'Данные об организации/юридическом лице (ИНН, КПП, ОГРН, БИК, адреса, расчётный счёт)')]"
2308,"[(40, 48, 'ФИО'), (49, 56, 'ФИО')]"
2309,[]
2310,"[(33, 37, 'ПИН код')]"
2311,"[(40, 51, 'Номер телефона')]"
2312,[]
2313,[]
2314,[]
2315,"[(26, 36, 'Водительское удостоверение')]"
2316,"[(71, 82, 'Номер телефона')]"
2317,"[(47, 59, 'Номер телефона')]"
2318,"[(56, 93, 'Содержимое магнитной полосы')]"
2319,"[(57, 63, 'Полный адрес'), (65, 83, 'Полный адрес'), (85, 96, 'Полный адрес'), (98, 117, 'Полный адрес'), (119, 124, 'Полный адрес'), (126, 133, 'Полный адрес')]"
2320,"[(85, 97, 'Водительское удостоверение')]"
2321,"[(15, 24, 'Пароли')]"
2322,"[(15, 21, 'Одноразовые коды')]"
2323,[]
2324,"[(35, 40, 'Кодовые слова')]"
2325,[]
2326,"[(45, 51, 'Полный адрес'), (53, 68, 'Полный адрес'), (70, 87, 'Полный адрес'), (89, 100, 'Полный адрес'), (102, 107, 'Полный адрес'), (109, 116, 'Полный адрес'), (118, 123, 'Полный адрес')]"
2327,"[(48, 60, 'Имя держателя карты')]"
2328,"[(59, 65, 'Место рождения')]"
2329,[]
2330,[]
2331,"[(69, 81, 'Сведения об ИНН')]"
2332,"[(6, 30, 'API ключи')]"
2333,"[(36, 40, 'Наименование банка')]"
2334,"[(54, 57, 'CVV/CVC')]"
2335,"[(67, 73, 'Гражданство и названия стран')]"
2336,"[(55, 67, 'Номер телефона')]"
2337,[]
2338,"[(47, 61, 'Наименование банка')]"
2339,[]
2340,"[(12, 21, 'Гражданство и названия стран'), (33, 39, 'Гражданство и названия стран'), (91, 97, 'Гражданство и названия стран')]"
2341,"[(22, 25, 'CVV/CVC')]"
2342,"[(32, 42, 'Данные об организации/юридическом лице (ИНН, КПП, ОГРН, БИК, адреса, расчётный счёт)'), (80, 100, 'Данные об организации/юридическом лице (ИНН, КПП, ОГРН, БИК, адреса, расчётный счёт)')]"
2343,"[(43, 45, 'Дата рождения'), (46, 53, 'Дата регистрации по месту жительства или пребывания')]"
2344,[]
2345,[]
2346,"[(18, 34, 'Дата рождения'), (37, 39, 'Дата рождения')]"
2347,"[(90, 99, 'Серия и номер вида на жительство')]"
2348,"[(27, 38, 'Гражданство и названия стран')]"
2349,"[(71, 86, 'Полный адрес'), (88, 105, 'Полный адрес'), (107, 121, 'Полный адрес'), (123, 130, 'Полный адрес'), (132, 139, 'Полный адрес')]"
2350,"[(67, 102, 'API ключи')]"
2351,[]
2352,"[(50, 279, 'API ключи')]"
2353,"[(25, 29, 'ПИН код')]"
2354,"[(12, 22, 'Разрешение на работу / визу')]"
2355,"[(44, 54, 'Пароли')]"
2356,"[(19, 25, 'Место рождения')]"
2357,"[(56, 66, 'Сведения об ИНН')]"
2358,"[(8, 17, 'Данные об организации/юридическом лице (ИНН, КПП, ОГРН, БИК, адреса, расчётный счёт)')]"
2359,"[(47, 58, 'Имя держателя карты')]"
2360,"[(93, 103, 'Временное удостоверение личности')]"
2361,"[(12, 23, 'Дата рождения')]"
2362,"[(48, 52, 'Данные об автомобиле клиента'), (64, 81, 'Данные об автомобиле клиента')]"
2363,"[(70, 80, 'Дата регистрации по месту жительства или пребывания')]"
2364,"[(90, 106, 'Свидетельство о рождении')]"
2365,"[(12, 17, 'Дата рождения'), (30, 32, 'Дата рождения'), (33, 35, 'Дата рождения')]"
2366,"[(70, 92, 'Email')]"
2367,"[(99, 111, 'Водительское удостоверение')]"
2368,"[(105, 116, 'Номер телефона')]"
2369,"[(10, 12, 'Дата рождения'), (13, 16, 'Дата рождения'), (45, 51, 'Дата рождения')]"
2370,[]
2371,[]
2372,[]
2373,"[(45, 61, 'Номер карты')]"
2374,[]
2375,"[(37, 47, 'Дата регистрации по месту жительства или пребывания')]"
2376,"[(77, 87, 'Водительское удостоверение')]"
2377,"[(124, 140, 'Номер телефона')]"
2378,"[(66, 84, 'Имя держателя карты')]"
2379,[]
2380,"[(53, 62, 'Место рождения')]"
2381,"[(104, 115, 'Наименование банка')]"
2382,"[(72, 84, 'Водительское удостоверение')]"
2383,[]
2384,"[(42, 53, 'Наименование банка')]"
2385,"[(82, 132, 'Содержимое магнитной полосы')]"
2386,[]
2387,"[(75, 87, 'Водительское удостоверение')]"
2388,"[(57, 69, 'Сведения об ИНН')]"
2389,"[(12, 25, 'Место рождения'), (72, 76, 'Место рождения')]"
2390,[]
2391,"[(25, 35, 'Разрешение на работу / визу')]"
2392,"[(51, 87, 'API ключи')]"
2393,[]
2394,"[(11, 17, 'Одноразовые коды')]"
2395,"[(20, 25, 'Гражданство и названия стран')]"
2396,"[(65, 75, 'Серия и номер вида на жительство')]"
2397,"[(82, 87, 'Данные об автомобиле клиента'), (91, 98, 'Данные об автомобиле клиента')]"
2398,"[(65, 75, 'Разрешение на работу / визу'), (89, 99, 'Разрешение на работу / визу')]"
2399,"[(20, 26, 'Место рождения'), (50, 67, 'Место рождения')]"
2400,"[(32, 54, 'Email')]"
2401,[]
2402,[]
2403,"[(49, 69, 'Номер банковского счета')]"
2404,"[(47, 52, 'Дата окончания срока действия карты')]"
2405,"[(63, 67, 'Дата рождения')]"
2406,[]
2407,"[(52, 66, 'СНИЛС клиента')]"
2408,"[(33, 43, 'Серия и номер вида на жительство')]"
2409,"[(10, 31, 'Наименование банка')]"
2410,[]
2411,[]
2412,"[(9, 16, 'Гражданство и названия стран'), (134, 140, 'Гражданство и названия стран')]"
2413,[]
2414,"[(25, 46, 'Наименование банка')]"
2415,"[(69, 73, 'ПИН код')]"
2416,"[(69, 85, 'Номер карты')]"
2417,"[(23, 28, 'Дата окончания срока действия карты')]"
2418,[]
2419,"[(47, 84, 'Содержимое магнитной полосы')]"
2420,"[(72, 82, 'Дата регистрации по месту жительства или пребывания')]"
2421,[]
2422,"[(64, 82, 'Наименование банка')]"
2423,"[(10, 12, 'Дата рождения')]"
2424,[]
2425,"[(55, 75, 'Номер банковского счета')]"
2426,"[(54, 58, 'Данные об автомобиле клиента'), (59, 61, 'Данные об автомобиле клиента'), (62, 66, 'Данные об автомобиле клиента')]"
2427,"[(64, 78, 'СНИЛС клиента')]"
2428,"[(25, 262, 'API ключи')]"
2429,"[(52, 61, 'Место рождения')]"
2430,[]
2431,"[(97, 107, 'Паспортные данные')]"
2432,"[(52, 74, 'API ключи')]"
2433,"[(11, 17, 'Одноразовые коды')]"
2434,"[(75, 85, 'Разрешение на работу / визу')]"
2435,[]
2436,"[(54, 64, 'Водительское удостоверение')]"
2437,"[(60, 70, 'Номер телефона')]"
2438,"[(49, 63, 'СНИЛС клиента')]"
2439,"[(52, 69, 'Имя держателя карты')]"
2440,"[(87, 105, 'Email')]"
2441,"[(76, 96, 'API ключи')]"
2442,"[(74, 124, 'Содержимое магнитной полосы')]"
2443,"[(103, 113, 'Водительское удостоверение')]"
2444,[]
2445,[]
2446,[]
2447,[]
2448,"[(21, 31, 'Данные об организации/юридическом лице (ИНН, КПП, ОГРН, БИК, адреса, расчётный счёт)')]"
2449,[]
2450,"[(10, 20, 'Разрешение на работу / визу')]"
2451,"[(100, 103, 'CVV/CVC')]"
2452,"[(35, 51, 'Место рождения')]"
2453,[]
2454,"[(36, 100, 'API ключи')]"
2455,"[(82, 92, 'Водительское удостоверение')]"
2456,[]
2457,"[(80, 93, 'Свидетельство о рождении')]"
2458,[]
2459,[]
2460,[]
2461,"[(71, 96, 'Email')]"
2462,"[(62, 71, 'Данные об автомобиле клиента'), (92, 104, 'Данные об автомобиле клиента')]"
2463,"[(50, 60, 'Данные об организации/юридическом лице (ИНН, КПП, ОГРН, БИК, адреса, расчётный счёт)'), (81, 94, 'Данные об организации/юридическом лице (ИНН, КПП, ОГРН, БИК, адреса, расчётный счёт)')]"
2464,"[(67, 79, 'Водительское удостоверение')]"
2465,[]
2466,"[(66, 103, 'Содержимое магнитной полосы')]"
2467,[]
2468,"[(66, 76, 'Разрешение на работу / визу')]"
2469,[]
2470,"[(35, 51, 'Место рождения')]"
2471,"[(69, 79, 'Разрешение на работу / визу')]"
2472,"[(18, 26, 'Наименование банка'), (47, 55, 'Наименование банка')]"
2473,"[(19, 28, 'ФИО'), (29, 36, 'ФИО'), (37, 47, 'ФИО')]"
2474,[]
2475,"[(25, 35, 'Дата регистрации по месту жительства или пребывания')]"
2476,"[(76, 86, 'Временное удостоверение личности')]"
2477,"[(71, 80, 'Данные об автомобиле клиента')]"
2478,"[(38, 48, 'Сведения об ИНН')]"
2479,"[(19, 24, 'Паспортные данные'), (32, 38, 'Паспортные данные'), (46, 66, 'Паспортные данные'), (67, 126, 'Паспортные данные'), (132, 139, 'Паспортные данные')]"
2480,"[(95, 106, 'Водительское удостоверение')]"
2481,"[(76, 86, 'Временное удостоверение личности')]"
2482,[]
2483,[]
2484,"[(79, 98, 'Номер карты')]"
2485,"[(76, 81, 'Место рождения')]"
2486,[]
2487,"[(46, 66, 'Email')]"
2488,"[(40, 42, 'Дата рождения'), (43, 50, 'Дата рождения'), (51, 55, 'Дата рождения')]"
2489,"[(33, 36, 'CVV/CVC')]"
2490,"[(102, 115, 'Имя держателя карты')]"
2491,"[(21, 26, 'Дата окончания срока действия карты')]"
2492,[]
2493,"[(27, 48, 'Дата регистрации по месту жительства или пребывания')]"
2494,[]
2495,[]
2496,"[(50, 60, 'Серия и номер вида на жительство')]"
2497,"[(59, 69, 'Разрешение на работу / визу')]"
2498,"[(4, 14, 'Дата рождения')]"
2499,"[(60, 86, 'Email')]"
2500,"[(71, 83, 'Водительское удостоверение')]"
2501,[]
2502,"[(48, 51, 'CVV/CVC')]"
2503,"[(18, 36, 'Дата рождения'), (39, 44, 'Дата рождения')]"
2504,"[(53, 69, 'Номер телефона')]"
2505,"[(55, 69, 'СНИЛС клиента')]"
2506,"[(25, 36, 'Номер телефона')]"
2507,[]
2508,"[(65, 102, 'Содержимое магнитной полосы')]"
2509,"[(45, 51, 'Одноразовые коды')]"
2510,"[(19, 30, 'Гражданство и названия стран')]"
2511,[]
2512,[]
2513,"[(83, 167, 'API ключи')]"
2514,"[(75, 89, 'Свидетельство о рождении')]"
2515,"[(59, 69, 'Разрешение на работу / визу')]"
2516,[]
2517,"[(8, 28, 'Номер банковского счета')]"
2518,"[(45, 51, 'Полный адрес'), (53, 71, 'Полный адрес'), (73, 85, 'Полный адрес'), (87, 98, 'Полный адрес'), (100, 105, 'Полный адрес'), (107, 114, 'Полный адрес'), (116, 122, 'Полный адрес')]"
2519,"[(23, 35, 'Временное удостоверение личности')]"
2520,"[(67, 71, 'ПИН код')]"
2521,"[(65, 82, 'Дата окончания срока действия карты'), (99, 105, 'Дата рождения')]"
2522,"[(54, 60, 'Кодовые слова')]"
2523,"[(54, 79, 'API ключи')]"
2524,"[(99, 119, 'Номер банковского счета')]"
2525,"[(34, 44, 'Разрешение на работу / визу')]"
2526,"[(105, 117, 'Водительское удостоверение')]"
2527,"[(60, 95, 'API ключи')]"
2528,"[(45, 51, 'Полный адрес'), (53, 67, 'Полный адрес'), (69, 78, 'Полный адрес'), (80, 90, 'Полный адрес'), (92, 97, 'Полный адрес'), (99, 105, 'Полный адрес')]"
2529,"[(32, 116, 'API ключи')]"
2530,"[(10, 24, 'СНИЛС клиента')]"
2531,"[(103, 115, 'Временное удостоверение личности')]"
2532,"[(38, 45, 'Данные об автомобиле клиента'), (46, 52, 'Данные об автомобиле клиента'), (53, 57, 'Данные об автомобиле клиента')]"
2533,[]
2534,"[(11, 35, 'API ключи')]"
2535,"[(48, 85, 'Содержимое магнитной полосы')]"
2536,"[(53, 63, 'Сведения об ИНН')]"
2537,[]
2538,[]
2539,[]
2540,"[(54, 64, 'Номер телефона')]"
2541,"[(90, 95, 'Дата окончания срока действия карты')]"
2542,"[(22, 32, 'Серия и номер вида на жительство')]"
2543,"[(31, 45, 'Гражданство и названия стран')]"
2544,"[(10, 11, 'Дата рождения'), (12, 16, 'Дата рождения'), (17, 21, 'Дата рождения')]"
2545,"[(135, 145, 'Разрешение на работу / визу')]"
2546,"[(47, 57, 'Сведения об ИНН')]"
2547,"[(10, 26, 'Место рождения'), (46, 50, 'Место рождения')]"
2548,"[(34, 44, 'Дата регистрации по месту жительства или пребывания')]"
2549,"[(62, 78, 'Номер карты')]"
2550,[]
2551,"[(18, 53, 'Паспортные данные'), (73, 80, 'Паспортные данные')]"
2552,[]
2553,"[(16, 23, 'Гражданство и названия стран')]"
2554,[]
2555,[]
2556,"[(23, 38, 'Имя держателя карты')]"
2557,"[(88, 98, 'Водительское удостоверение')]"
2558,"[(9, 29, 'Номер банковского счета')]"
2559,"[(91, 107, 'Номер карты')]"
2560,"[(85, 97, 'Временное удостоверение личности')]"
2561,"[(86, 101, 'Пароли')]"
2562,"[(49, 54, 'Данные об автомобиле клиента')]"
2563,"[(57, 76, 'Полный адрес'), (78, 91, 'Полный адрес'), (93, 111, 'Полный адрес'), (113, 115, 'Полный адрес'), (117, 127, 'Полный адрес')]"
2564,"[(37, 107, 'API ключи')]"
2565,[]
2566,"[(81, 131, 'API ключи')]"
2567,"[(48, 56, 'ФИО'), (57, 62, 'ФИО')]"
2568,"[(58, 68, 'Дата регистрации по месту жительства или пребывания'), (76, 86, 'Дата регистрации по месту жительства или пребывания')]"
2569,"[(45, 59, 'СНИЛС клиента')]"
2570,"[(23, 35, 'Сведения об ИНН')]"
2571,"[(21, 30, 'Наименование банка')]"
2572,"[(77, 95, 'Полный адрес'), (97, 112, 'Полный адрес'), (114, 127, 'Полный адрес'), (129, 136, 'Полный адрес')]"
2573,"[(13, 21, 'Гражданство и названия стран')]"
2574,"[(42, 59, 'Данные об автомобиле клиента')]"
2575,"[(45, 57, 'Номер телефона')]"
2576,"[(55, 77, 'Email')]"
2577,"[(43, 48, 'Дата окончания срока действия карты')]"
2578,"[(34, 40, 'Одноразовые коды')]"
2579,"[(75, 112, 'Содержимое магнитной полосы')]"
2580,[]
2581,[]
2582,[]
2583,"[(78, 94, 'Место рождения')]"
2584,"[(30, 50, 'Данные об организации/юридическом лице (ИНН, КПП, ОГРН, БИК, адреса, расчётный счёт)')]"
2585,"[(47, 67, 'Номер банковского счета')]"
2586,"[(37, 51, 'Наименование банка')]"
2587,[]
2588,"[(15, 21, 'Одноразовые коды')]"
2589,"[(12, 22, 'Разрешение на работу / визу')]"
2590,"[(56, 70, 'СНИЛС клиента')]"
2591,"[(12, 23, 'Гражданство и названия стран')]"
2592,"[(18, 28, 'Разрешение на работу / визу')]"
2593,"[(57, 67, 'Разрешение на работу / визу')]"
2594,[]
2595,"[(42, 54, 'Сведения об ИНН')]"
2596,"[(53, 69, 'Номер карты')]"
2597,[]
2598,"[(57, 77, 'Номер банковского счета')]"
2599,"[(36, 46, 'Разрешение на работу / визу')]"
2600,"[(71, 124, 'Содержимое магнитной полосы')]"
2601,[]
2602,"[(22, 26, 'ПИН код')]"
2603,"[(29, 33, 'Паспортные данные'), (40, 46, 'Паспортные данные')]"
2604,[]
2605,"[(14, 19, 'Дата окончания срока действия карты')]"
2606,[]
2607,"[(18, 25, 'Кодовые слова')]"
2608,"[(59, 71, 'Водительское удостоверение')]"
2609,"[(35, 47, 'Сведения об ИНН')]"
2610,"[(48, 57, 'Серия и номер вида на жительство')]"
2611,[]
2612,"[(4, 7, 'CVV/CVC')]"
2613,"[(44, 53, 'Наименование банка')]"
2614,[]
2615,[]
2616,"[(104, 122, 'Номер телефона')]"
2617,[]
2618,"[(73, 75, 'Дата рождения')]"
2619,"[(27, 41, 'СНИЛС клиента')]"
2620,"[(72, 84, 'Водительское удостоверение')]"
2621,"[(54, 77, 'Полный адрес'), (79, 96, 'Полный адрес'), (98, 116, 'Полный адрес'), (118, 125, 'Полный адрес'), (127, 135, 'Полный адрес')]"
2622,[]
2623,"[(14, 37, 'API ключи')]"
2624,"[(74, 95, 'Полный адрес'), (97, 114, 'Полный адрес'), (116, 136, 'Полный адрес'), (138, 144, 'Полный адрес'), (146, 156, 'Полный адрес')]"
2625,"[(54, 59, 'Дата окончания срока действия карты')]"
2626,[]
2627,"[(107, 119, 'Временное удостоверение личности')]"
2628,[]
2629,[]
2630,"[(77, 81, 'Кодовые слова')]"
2631,"[(52, 67, 'Имя держателя карты')]"
2632,[]
2633,"[(37, 43, 'ФИО'), (44, 50, 'ФИО')]"
2634,[]
2635,"[(22, 28, 'ФИО'), (29, 38, 'ФИО')]"
2636,[]
2637,"[(52, 73, 'Email')]"
2638,"[(36, 59, 'Дата регистрации по месту жительства или пребывания')]"
2639,"[(114, 130, 'Имя держателя карты')]"
2640,"[(62, 72, 'Водительское удостоверение')]"
2641,"[(22, 34, 'Сведения об ИНН')]"
2642,[]
2643,[]
2644,"[(84, 94, 'Разрешение на работу / визу')]"
2645,[]
2646,"[(54, 66, 'Номер телефона')]"
2647,"[(12, 18, 'Одноразовые коды')]"
2648,"[(19, 37, 'API ключи')]"
2649,[]
2650,"[(58, 61, 'CVV/CVC')]"
2651,[]
2652,"[(60, 64, 'ПИН код')]"
2653,[]
2654,"[(19, 25, 'Место рождения')]"
2655,"[(42, 82, 'API ключи')]"
2656,"[(12, 19, 'Гражданство и названия стран'), (38, 44, 'Гражданство и названия стран')]"
2657,"[(42, 57, 'Номер телефона')]"
2658,[]
2659,[]
2660,"[(70, 80, 'Разрешение на работу / визу')]"
2661,[]
2662,"[(43, 53, 'Сведения об ИНН')]"
2663,"[(65, 80, 'Полный адрес'), (82, 98, 'Полный адрес'), (100, 107, 'Полный адрес'), (109, 117, 'Полный адрес'), (135, 141, 'Полный адрес')]"
2664,"[(123, 128, 'Дата окончания срока действия карты')]"
2665,"[(18, 23, 'Кодовые слова')]"
2666,"[(91, 101, 'Содержимое магнитной полосы')]"
2667,"[(18, 20, 'Дата рождения'), (21, 28, 'Дата рождения'), (61, 63, 'Дата рождения')]"
2668,"[(115, 125, 'Гражданство и названия стран')]"
2669,[]
2670,"[(63, 76, 'Пароли')]"
2671,[]
2672,"[(66, 81, 'Свидетельство о рождении')]"
2673,"[(11, 14, 'CVV/CVC')]"
2674,[]
2675,"[(25, 66, 'API ключи')]"
2676,"[(42, 49, 'Гражданство и названия стран'), (86, 92, 'Гражданство и названия стран')]"
2677,[]
2678,"[(36, 72, 'API ключи')]"
2679,"[(22, 57, 'API ключи')]"
2680,[]
2681,[]
2682,"[(11, 15, 'ПИН код')]"
2683,"[(92, 110, 'API ключи')]"
2684,[]
2685,[]
2686,[]
2687,"[(28, 33, 'Дата окончания срока действия карты'), (36, 41, 'Дата окончания срока действия карты')]"
2688,[]
2689,"[(14, 27, 'Наименование банка')]"
2690,"[(35, 48, 'Наименование банка')]"
2691,"[(71, 93, 'Пароли')]"
2692,[]
2693,"[(47, 58, 'Место рождения'), (78, 95, 'Место рождения')]"
2694,"[(54, 74, 'Номер банковского счета')]"
2695,[]
2696,"[(28, 38, 'Разрешение на работу / визу')]"
2697,"[(34, 44, 'Разрешение на работу / визу')]"
2698,"[(10, 12, 'Дата рождения'), (13, 20, 'Дата рождения'), (21, 25, 'Дата рождения')]"
2699,[]
2700,"[(92, 102, 'Разрешение на работу / визу')]"
2701,"[(49, 53, 'ПИН код')]"
2702,"[(37, 47, 'Место рождения'), (51, 58, 'Место рождения')]"
2703,[]
2704,"[(39, 50, 'Номер телефона')]"
2705,[]
2706,"[(75, 83, 'Временное удостоверение личности')]"
2707,[]
2708,[]
2709,"[(35, 45, 'Дата регистрации по месту жительства или пребывания')]"
2710,"[(39, 44, 'Дата окончания срока действия карты')]"
2711,"[(60, 63, 'CVV/CVC')]"
2712,"[(26, 36, 'Водительское удостоверение')]"
2713,[]
2714,"[(77, 87, 'Разрешение на работу / визу')]"
2715,[]
2716,"[(18, 68, 'Паспортные данные')]"
2717,[]
2718,[]
2719,[]
2720,[]
2721,[]
2722,"[(75, 103, 'API ключи')]"
2723,"[(98, 108, 'Разрешение на работу / визу')]"
2724,"[(10, 19, 'Наименование банка')]"
2725,"[(25, 34, 'Гражданство и названия стран')]"
2726,"[(13, 21, 'Гражданство и названия стран'), (86, 94, 'Гражданство и названия стран')]"
2727,"[(30, 38, 'Наименование банка')]"
2728,[]
2729,"[(96, 108, 'Водительское удостоверение')]"
2730,"[(54, 64, 'Сведения об ИНН')]"
2731,"[(36, 42, 'Одноразовые коды')]"
2732,[]
2733,[]
2734,"[(76, 88, 'Водительское удостоверение')]"
2735,"[(76, 89, 'Свидетельство о рождении')]"
2736,[]
2737,"[(4, 7, 'CVV/CVC')]"
2738,[]
2739,"[(51, 57, 'Одноразовые коды')]"
2740,"[(29, 33, 'ПИН код')]"
2741,"[(71, 75, 'Паспортные данные'), (82, 88, 'Паспортные данные'), (96, 115, 'Паспортные данные'), (138, 145, 'Паспортные данные')]"
2742,"[(33, 45, 'Сведения об ИНН')]"
2743,[]
2744,"[(52, 62, 'Серия и номер вида на жительство')]"
2745,[]
2746,"[(27, 41, 'СНИЛС клиента')]"
2747,"[(69, 92, 'Email')]"
2748,"[(53, 92, 'API ключи')]"
2749,"[(57, 62, 'Дата окончания срока действия карты')]"
2750,"[(10, 12, 'Дата рождения'), (13, 16, 'Дата рождения'), (17, 21, 'Дата рождения')]"
2751,"[(104, 116, 'Водительское удостоверение')]"
2752,"[(28, 42, 'СНИЛС клиента')]"
2753,"[(38, 58, 'Номер банковского счета')]"
2754,"[(58, 64, 'Одноразовые коды')]"
2755,"[(51, 95, 'Данные об организации/юридическом лице (ИНН, КПП, ОГРН, БИК, адреса, расчётный счёт)')]"
2756,"[(105, 117, 'Водительское удостоверение')]"
2757,"[(124, 138, 'Свидетельство о рождении')]"
2758,"[(89, 110, 'Полный адрес'), (112, 125, 'Полный адрес'), (127, 146, 'Полный адрес'), (148, 154, 'Полный адрес'), (156, 166, 'Полный адрес')]"
2759,"[(52, 69, 'Номер телефона')]"
2760,"[(49, 87, 'Данные об организации/юридическом лице (ИНН, КПП, ОГРН, БИК, адреса, расчётный счёт)')]"
2761,[]
2762,"[(107, 121, 'Свидетельство о рождении')]"
2763,[]
2764,"[(65, 68, 'CVV/CVC')]"
2765,"[(68, 83, 'Имя держателя карты')]"
2766,"[(35, 39, 'Гражданство и названия стран'), (109, 113, 'Гражданство и названия стран')]"
2767,"[(14, 26, 'Сведения об ИНН')]"
2768,[]
2769,"[(17, 23, 'Место рождения'), (42, 48, 'Место рождения')]"
2770,"[(18, 35, 'Данные об автомобиле клиента')]"
2771,"[(10, 12, 'Дата рождения'), (42, 44, 'Дата рождения')]"
2772,"[(62, 97, 'API ключи')]"
2773,"[(22, 32, 'Сведения об ИНН')]"
2774,"[(47, 52, 'Дата окончания срока действия карты'), (70, 75, 'Дата окончания срока действия карты')]"
2775,"[(53, 64, 'Номер телефона'), (68, 79, 'Номер телефона')]"
2776,[]
2777,"[(54, 74, 'Номер банковского счета')]"
2778,"[(77, 113, 'Содержимое магнитной полосы')]"
2779,"[(16, 20, 'ПИН код')]"
2780,[]
2781,"[(12, 25, 'Пароли')]"
2782,"[(12, 17, 'Дата рождения'), (19, 21, 'Дата рождения'), (22, 29, 'Дата рождения'), (30, 34, 'Дата рождения')]"
2783,"[(38, 48, 'Данные об организации/юридическом лице (ИНН, КПП, ОГРН, БИК, адреса, расчётный счёт)')]"
2784,[]
2785,[]
2786,"[(23, 55, 'Данные об организации/юридическом лице (ИНН, КПП, ОГРН, БИК, адреса, расчётный счёт)'), (58, 98, 'Данные об организации/юридическом лице (ИНН, КПП, ОГРН, БИК, адреса, расчётный счёт)')]"
2787,"[(39, 49, 'Данные об организации/юридическом лице (ИНН, КПП, ОГРН, БИК, адреса, расчётный счёт)')]"
2788,"[(77, 87, 'Водительское удостоверение')]"
2789,"[(20, 23, 'CVV/CVC')]"
2790,"[(41, 55, 'СНИЛС клиента')]"
2791,[]
2792,"[(10, 32, 'Email')]"
2793,"[(34, 50, 'Номер карты')]"
2794,"[(55, 58, 'CVV/CVC')]"
2795,"[(85, 96, 'Водительское удостоверение')]"
2796,"[(43, 53, 'Разрешение на работу / визу')]"
2797,"[(6, 8, 'Дата рождения'), (9, 16, 'Дата рождения'), (17, 21, 'Дата рождения')]"
2798,"[(96, 106, 'Разрешение на работу / визу')]"
2799,"[(10, 24, 'Имя держателя карты')]"
2800,"[(69, 81, 'Место рождения')]"
2801,[]
2802,"[(26, 29, 'ФИО'), (30, 40, 'ФИО')]"
2803,"[(21, 27, 'Гражданство и названия стран')]"
2804,[]
2805,"[(67, 77, 'Разрешение на работу / визу')]"
2806,"[(99, 120, 'Email')]"
2807,[]
2808,"[(30, 49, 'Дата регистрации по месту жительства или пребывания')]"
2809,"[(88, 98, 'Водительское удостоверение')]"
2810,"[(28, 41, 'Данные об организации/юридическом лице (ИНН, КПП, ОГРН, БИК, адреса, расчётный счёт)')]"
2811,"[(35, 46, 'Номер телефона'), (50, 61, 'Номер телефона')]"
2812,"[(48, 62, 'СНИЛС клиента')]"
2813,[]
2814,[]
2815,"[(103, 108, 'Дата окончания срока действия карты')]"
2816,"[(88, 96, 'Место рождения')]"
2817,"[(30, 33, 'CVV/CVC')]"
2818,[]
2819,[]
2820,"[(29, 44, 'Полный адрес'), (46, 62, 'Полный адрес'), (64, 77, 'Полный адрес'), (79, 85, 'Полный адрес'), (87, 93, 'Полный адрес')]"
2821,[]
2822,"[(100, 112, 'Свидетельство о рождении')]"
2823,[]
2824,"[(7, 17, 'Сведения об ИНН')]"
2825,"[(53, 56, 'CVV/CVC')]"
2826,[]
2827,[]
2828,"[(85, 95, 'Дата регистрации по месту жительства или пребывания'), (101, 111, 'Дата регистрации по месту жительства или пребывания')]"
2829,"[(57, 74, 'Данные об автомобиле клиента')]"
2830,"[(20, 24, 'Паспортные данные'), (31, 37, 'Паспортные данные'), (45, 55, 'Паспортные данные')]"
2831,"[(12, 17, 'Дата рождения')]"
2832,"[(39, 56, 'Номер телефона')]"
2833,"[(53, 59, 'Место рождения')]"
2834,"[(92, 100, 'Содержимое магнитной полосы')]"
2835,"[(102, 114, 'Временное удостоверение личности')]"
2836,"[(33, 65, 'API ключи')]"
2837,"[(67, 71, 'ПИН код')]"
2838,"[(57, 67, 'Серия и номер вида на жительство')]"
2839,"[(12, 16, 'Место рождения'), (48, 64, 'Место рождения')]"
2840,[]
2841,"[(60, 70, 'Водительское удостоверение')]"
2842,"[(107, 117, 'Разрешение на работу / визу')]"
2843,"[(56, 64, 'Временное удостоверение личности')]"
2844,"[(19, 27, 'Гражданство и названия стран'), (97, 103, 'Гражданство и названия стран')]"
2845,"[(10, 26, 'Имя держателя карты')]"
2846,"[(72, 83, 'Паспортные данные')]"
2847,"[(87, 90, 'CVV/CVC')]"
2848,"[(46, 61, 'Email')]"
2849,"[(76, 96, 'Номер банковского счета')]"
2850,[]
2851,[]
2852,"[(69, 88, 'Номер карты')]"
2853,[]
2854,[]
2855,"[(39, 55, 'Номер карты')]"
2856,"[(16, 30, 'Пароли')]"
2857,"[(43, 63, 'Номер банковского счета')]"
2858,"[(37, 86, 'API ключи')]"
2859,[]
2860,"[(18, 24, 'Кодовые слова')]"
2861,"[(25, 33, 'Место рождения')]"
2862,"[(10, 24, 'СНИЛС клиента')]"
2863,"[(83, 88, 'Дата окончания срока действия карты')]"
2864,"[(90, 94, 'ПИН код')]"
2865,"[(20, 29, 'Данные об организации/юридическом лице (ИНН, КПП, ОГРН, БИК, адреса, расчётный счёт)')]"
2866,"[(106, 116, 'Разрешение на работу / визу')]"
2867,"[(47, 61, 'СНИЛС клиента')]"
2868,"[(83, 94, 'Имя держателя карты')]"
2869,"[(19, 27, 'ФИО'), (28, 36, 'ФИО')]"
2870,[]
2871,"[(70, 104, 'API ключи')]"
2872,[]
2873,[]
2874,"[(77, 80, 'Временное удостоверение личности'), (81, 87, 'Данные об организации/юридическом лице (ИНН, КПП, ОГРН, БИК, адреса, расчётный счёт)')]"
2875,"[(49, 87, 'Данные об организации/юридическом лице (ИНН, КПП, ОГРН, БИК, адреса, расчётный счёт)')]"
2876,"[(39, 49, 'Дата регистрации по месту жительства или пребывания')]"
2877,"[(43, 53, 'Сведения об ИНН')]"
2878,"[(30, 44, 'СНИЛС клиента')]"
2879,"[(39, 45, 'Кодовые слова')]"
2880,"[(23, 28, 'Дата окончания срока действия карты')]"
2881,"[(61, 79, 'Содержимое магнитной полосы')]"
2882,[]
2883,"[(25, 35, 'Разрешение на работу / визу')]"
2884,"[(30, 41, 'Данные об автомобиле клиента')]"
2885,"[(92, 128, 'Содержимое магнитной полосы')]"
2886,"[(10, 17, 'Гражданство и названия стран'), (82, 89, 'Гражданство и названия стран')]"
2887,"[(41, 61, 'Место рождения')]"
2888,"[(16, 28, 'Данные об автомобиле клиента')]"
2889,"[(116, 126, 'Водительское удостоверение')]"
2890,"[(29, 39, 'Пароли')]"
2891,"[(90, 108, 'Номер телефона')]"
2892,"[(10, 29, 'Номер карты')]"
2893,"[(65, 82, 'Email')]"
2894,"[(64, 82, 'Имя держателя карты')]"
2895,[]
2896,[]
2897,[]
2898,"[(47, 51, 'Данные об автомобиле клиента'), (52, 57, 'Данные об автомобиле клиента')]"
2899,[]
2900,[]
2901,[]
2902,[]
2903,"[(46, 58, 'Сведения об ИНН')]"
2904,"[(59, 73, 'СНИЛС клиента')]"
2905,"[(106, 117, 'Наименование банка')]"
2906,"[(15, 21, 'Одноразовые коды')]"
2907,"[(64, 89, 'API ключи')]"
2908,"[(39, 121, 'API ключи')]"
2909,[]
2910,"[(58, 61, 'CVV/CVC')]"
2911,"[(38, 43, 'Гражданство и названия стран')]"
2912,"[(67, 72, 'Место рождения')]"
2913,"[(113, 125, 'Водительское удостоверение')]"
2914,[]
2915,"[(29, 34, 'Дата рождения')]"
2916,"[(25, 34, 'Пароли')]"
2917,[]
2918,"[(84, 96, 'Водительское удостоверение')]"
2919,"[(71, 83, 'Полный адрес'), (85, 102, 'Полный адрес'), (104, 128, 'Полный адрес'), (130, 135, 'Полный адрес'), (137, 148, 'Полный адрес')]"
2920,[]
2921,"[(27, 73, 'API ключи')]"
2922,"[(9, 12, 'CVV/CVC')]"
2923,[]
2924,"[(73, 84, 'Номер телефона')]"
2925,"[(79, 103, 'API ключи')]"
2926,"[(56, 62, 'Полный адрес'), (64, 99, 'Полный адрес'), (101, 115, 'Полный адрес'), (117, 119, 'Полный адрес'), (121, 131, 'Полный адрес')]"
2927,"[(69, 77, 'Временное удостоверение личности')]"
2928,"[(56, 60, 'ПИН код')]"
2929,"[(39, 44, 'Место рождения')]"
2930,[]
2931,"[(37, 47, 'Разрешение на работу / визу')]"
2932,[]
2933,[]
2934,[]
2935,"[(80, 92, 'Временное удостоверение личности')]"
2936,"[(73, 93, 'Email')]"
2937,"[(65, 79, 'Имя держателя карты')]"
2938,"[(54, 70, 'Номер карты')]"
2939,[]
2940,[]
2941,"[(15, 24, 'Наименование банка')]"
2942,"[(70, 98, 'Email')]"
2943,"[(58, 66, 'Временное удостоверение личности')]"
2944,"[(27, 39, 'Сведения об ИНН')]"
2945,[]
2946,"[(30, 50, 'Номер банковского счета')]"
2947,"[(18, 22, 'ПИН код')]"
2948,[]
2949,"[(48, 56, 'Наименование банка')]"
2950,"[(60, 69, 'Наименование банка')]"
2951,"[(64, 77, 'Наименование банка')]"
2952,"[(22, 25, 'Гражданство и названия стран'), (63, 66, 'Гражданство и названия стран')]"
2953,[]
2954,"[(25, 44, 'Номер карты')]"
2955,"[(50, 64, 'Имя держателя карты')]"
2956,"[(11, 17, 'Полный адрес'), (19, 36, 'Полный адрес'), (38, 44, 'Полный адрес'), (46, 54, 'Полный адрес'), (72, 78, 'Полный адрес')]"
2957,"[(48, 68, 'Номер банковского счета')]"
2958,"[(41, 52, 'Пароли')]"
2959,"[(44, 54, 'Сведения об ИНН')]"
2960,"[(54, 71, 'Данные об автомобиле клиента')]"
2961,[]
2962,"[(17, 23, 'Гражданство и названия стран')]"
2963,"[(55, 81, 'API ключи')]"
2964,[]
2965,[]
2966,"[(50, 54, 'ПИН код')]"
2967,"[(61, 72, 'Номер телефона')]"
2968,"[(59, 98, 'Данные об организации/юридическом лице (ИНН, КПП, ОГРН, БИК, адреса, расчётный счёт)')]"
2969,"[(70, 86, 'Имя держателя карты')]"
2970,"[(59, 64, 'Место рождения')]"
2971,"[(115, 120, 'Дата окончания срока действия карты')]"
2972,[]
2973,"[(134, 144, 'Данные об организации/юридическом лице (ИНН, КПП, ОГРН, БИК, адреса, расчётный счёт)')]"
2974,"[(18, 23, 'Паспортные данные'), (31, 37, 'Паспортные данные'), (45, 64, 'Паспортные данные')]"
2975,"[(20, 25, 'Дата окончания срока действия карты')]"
2976,"[(29, 39, 'Сведения об ИНН')]"
2977,[]
2978,"[(64, 86, 'Email')]"
2979,[]
2980,"[(59, 65, 'Место рождения')]"
2981,"[(48, 122, 'API ключи')]"
2982,"[(38, 48, 'Сведения об ИНН')]"
2983,[]
2984,"[(67, 87, 'Номер банковского счета')]"
2985,[]
2986,"[(60, 100, 'API ключи')]"
2987,"[(28, 34, 'Гражданство и названия стран'), (52, 61, 'Гражданство и названия стран')]"
2988,[]
2989,[]
2990,[]
2991,"[(46, 50, 'ПИН код')]"
2992,"[(11, 15, 'Гражданство и названия стран')]"
2993,[]
2994,[]
2995,"[(88, 100, 'Водительское удостоверение')]"
2996,"[(13, 53, 'API ключи')]"
2997,[]
2998,"[(88, 103, 'Наименование банка')]"
2999,[]
3000,"[(90, 100, 'Водительское удостоверение')]"
3001,[]
3002,[]
3003,"[(66, 72, 'Водительское удостоверение')]"
3004,"[(24, 29, 'Данные об автомобиле клиента'), (30, 37, 'Данные об автомобиле клиента'), (38, 42, 'Данные об автомобиле клиента')]"
3005,"[(82, 94, 'Водительское удостоверение')]"
3006,"[(13, 22, 'Гражданство и названия стран')]"
3007,"[(53, 63, 'Разрешение на работу / визу')]"
3008,[]
3009,"[(80, 100, 'API ключи')]"
3010,"[(16, 36, 'Номер банковского счета')]"
3011,"[(42, 48, 'Одноразовые коды')]"
3012,"[(71, 97, 'Email')]"
3013,"[(75, 81, 'Гражданство и названия стран')]"
3014,"[(8, 20, 'Сведения об ИНН')]"
3015,"[(20, 30, 'Данные об организации/юридическом лице (ИНН, КПП, ОГРН, БИК, адреса, расчётный счёт)'), (38, 51, 'Данные об организации/юридическом лице (ИНН, КПП, ОГРН, БИК, адреса, расчётный счёт)')]"
3016,"[(65, 71, 'Одноразовые коды')]"
3017,[]
3018,[]
3019,"[(27, 33, 'ФИО'), (34, 41, 'ФИО')]"
3020,"[(22, 31, 'Данные об организации/юридическом лице (ИНН, КПП, ОГРН, БИК, адреса, расчётный счёт)')]"
3021,"[(68, 80, 'Сведения об ИНН')]"
3022,"[(44, 47, 'CVV/CVC')]"
3023,"[(26, 36, 'Данные об организации/юридическом лице (ИНН, КПП, ОГРН, БИК, адреса, расчётный счёт)'), (72, 85, 'Данные об организации/юридическом лице (ИНН, КПП, ОГРН, БИК, адреса, расчётный счёт)')]"
3024,"[(58, 70, 'Водительское удостоверение')]"
3025,"[(74, 86, 'Водительское удостоверение')]"
3026,"[(25, 30, 'Дата окончания срока действия карты')]"
3027,[]
3028,[]
3029,"[(66, 76, 'Разрешение на работу / визу')]"
3030,"[(35, 55, 'Данные об организации/юридическом лице (ИНН, КПП, ОГРН, БИК, адреса, расчётный счёт)'), (78, 88, 'Данные об организации/юридическом лице (ИНН, КПП, ОГРН, БИК, адреса, расчётный счёт)'), (99, 108, 'Данные об организации/юридическом лице (ИНН, КПП, ОГРН, БИК, адреса, расчётный счёт)')]"
3031,"[(43, 54, 'Данные об автомобиле клиента'), (69, 86, 'Данные об автомобиле клиента'), (92, 97, 'Данные об автомобиле клиента'), (98, 103, 'Данные об автомобиле клиента')]"
3032,"[(23, 35, 'Гражданство и названия стран')]"
3033,"[(45, 61, 'Номер карты')]"
3034,[]
3035,[]
3036,"[(60, 80, 'Email')]"
3037,"[(89, 109, 'Номер банковского счета')]"
3038,"[(45, 116, 'API ключи')]"
3039,"[(29, 39, 'Водительское удостоверение')]"
3040,"[(14, 20, 'Одноразовые коды')]"
3041,[]
3042,"[(74, 152, 'API ключи')]"
3043,"[(36, 45, 'Данные об организации/юридическом лице (ИНН, КПП, ОГРН, БИК, адреса, расчётный счёт)')]"
3044,"[(23, 30, 'Место рождения')]"
3045,"[(74, 86, 'Водительское удостоверение')]"
3046,"[(19, 24, 'Дата окончания срока действия карты')]"
3047,[]
3048,"[(99, 110, 'Дата окончания срока действия карты')]"
3049,"[(55, 58, 'CVV/CVC')]"
3050,"[(39, 44, 'Дата окончания срока действия карты')]"
3051,"[(28, 38, 'Пароли')]"
3052,"[(15, 21, 'Одноразовые коды')]"
3053,"[(73, 79, 'Кодовые слова')]"
3054,[]
3055,"[(44, 81, 'API ключи')]"
3056,"[(73, 89, 'Паспортные данные')]"
3057,[]
3058,[]
3059,[]
3060,"[(50, 61, 'Данные об автомобиле клиента')]"
3061,"[(55, 59, 'Кодовые слова')]"
3062,"[(51, 67, 'Номер карты')]"
3063,"[(81, 87, 'Кодовые слова')]"
3064,"[(20, 68, 'Паспортные данные'), (87, 106, 'Паспортные данные')]"
3065,"[(25, 45, 'Место рождения')]"
3066,[]
3067,"[(109, 119, 'Водительское удостоверение')]"
3068,[]
3069,[]
3070,"[(8, 18, 'Сведения об ИНН')]"
3071,[]
3072,"[(58, 73, 'Место рождения')]"
3073,[]
3074,"[(50, 53, 'CVV/CVC')]"
3075,"[(59, 62, 'CVV/CVC')]"
3076,[]
3077,"[(14, 40, 'API ключи')]"
3078,"[(12, 18, 'Дата рождения')]"
3079,"[(47, 59, 'Номер телефона')]"
3080,"[(12, 17, 'Место рождения')]"
3081,"[(115, 130, 'Место рождения')]"
3082,"[(27, 45, 'Пароли')]"
3083,"[(69, 81, 'Место рождения')]"
3084,[]
3085,[]
3086,"[(19, 31, 'Место рождения')]"
3087,[]
3088,"[(47, 59, 'Свидетельство о рождении')]"
3089,[]
3090,[]
3091,[]
3092,[]
3093,[]
3094,"[(119, 129, 'Серия и номер вида на жительство')]"
3095,"[(26, 44, 'Номер телефона')]"
3096,"[(69, 72, 'CVV/CVC')]"
3097,"[(58, 63, 'Дата окончания срока действия карты')]"
3098,"[(25, 31, 'Одноразовые коды'), (34, 40, 'Одноразовые коды')]"
3099,"[(72, 84, 'Временное удостоверение личности')]"
3100,"[(129, 139, 'Разрешение на работу / визу')]"
3101,[]
3102,"[(78, 93, 'Имя держателя карты')]"
3103,[]
3104,"[(35, 43, 'Наименование банка')]"
3105,"[(18, 23, 'Кодовые слова')]"
3106,"[(59, 75, 'Имя держателя карты')]"
3107,"[(6, 32, 'API ключи')]"
3108,[]
3109,"[(60, 70, 'Разрешение на работу / визу')]"
3110,[]
3111,[]
3112,[]
3113,"[(79, 90, 'Номер телефона')]"
3114,"[(64, 114, 'Данные об организации/юридическом лице (ИНН, КПП, ОГРН, БИК, адреса, расчётный счёт)')]"
3115,"[(71, 85, 'СНИЛС клиента')]"
3116,"[(49, 63, 'СНИЛС клиента')]"
3117,[]
3118,[]
3119,"[(59, 69, 'Сведения об ИНН')]"
3120,"[(12, 20, 'Гражданство и названия стран')]"
3121,"[(10, 21, 'Имя держателя карты')]"
3122,"[(62, 80, 'Номер телефона')]"
3123,[]
3124,"[(91, 111, 'Номер банковского счета')]"
3125,"[(50, 71, 'Полный адрес'), (73, 88, 'Полный адрес'), (90, 100, 'Полный адрес'), (102, 108, 'Полный адрес'), (110, 120, 'Полный адрес')]"
3126,"[(81, 86, 'Дата окончания срока действия карты')]"
3127,"[(27, 30, 'Наименование банка')]"
3128,"[(41, 49, 'ФИО'), (50, 56, 'ФИО')]"
3129,"[(16, 36, 'Номер банковского счета')]"
3130,"[(57, 66, 'ФИО'), (67, 73, 'ФИО')]"
3131,[]
3132,"[(42, 62, 'Номер банковского счета')]"
3133,"[(84, 93, 'Серия и номер вида на жительство')]"
3134,"[(10, 20, 'Дата рождения'), (30, 37, 'Дата рождения')]"
3135,"[(19, 24, 'Данные об автомобиле клиента'), (25, 32, 'Данные об автомобиле клиента'), (33, 37, 'Данные об автомобиле клиента'), (49, 66, 'Данные об автомобиле клиента')]"
3136,"[(56, 72, 'Email')]"
3137,[]
3138,[]
3139,[]
3140,"[(44, 46, 'Дата рождения')]"
3141,"[(50, 65, 'Наименование банка')]"
3142,"[(48, 58, 'Номер телефона')]"
3143,[]
3144,[]
3145,[]
3146,"[(10, 24, 'СНИЛС клиента')]"
3147,"[(49, 65, 'Номер телефона')]"
3148,"[(59, 64, 'Дата окончания срока действия карты')]"
3149,"[(45, 65, 'Данные об организации/юридическом лице (ИНН, КПП, ОГРН, БИК, адреса, расчётный счёт)')]"
3150,"[(23, 28, 'Дата окончания срока действия карты')]"
3151,[]
3152,"[(29, 38, 'Дата регистрации по месту жительства или пребывания'), (42, 49, 'Дата регистрации по месту жительства или пребывания'), (51, 59, 'Дата регистрации по месту жительства или пребывания')]"
3153,"[(19, 24, 'Гражданство и названия стран')]"
3154,"[(57, 60, 'CVV/CVC')]"
3155,"[(6, 17, 'Номер телефона')]"
3156,[]
3157,"[(11, 32, 'Дата регистрации по месту жительства или пребывания')]"
3158,"[(36, 45, 'ФИО'), (46, 51, 'ФИО')]"
3159,"[(69, 81, 'Сведения об ИНН')]"
3160,"[(36, 50, 'СНИЛС клиента')]"
3161,[]
3162,[]
3163,"[(18, 28, 'Дата рождения')]"
3164,[]
3165,[]
3166,"[(59, 71, 'Временное удостоверение личности')]"
3167,"[(58, 78, 'Номер банковского счета')]"
3168,"[(50, 62, 'Сведения об ИНН')]"
3169,[]
3170,[]
3171,[]
3172,"[(58, 101, 'Данные об организации/юридическом лице (ИНН, КПП, ОГРН, БИК, адреса, расчётный счёт)')]"
3173,"[(114, 125, 'Водительское удостоверение')]"
3174,"[(71, 77, 'Полный адрес'), (79, 93, 'Полный адрес'), (95, 104, 'Полный адрес'), (106, 116, 'Полный адрес'), (118, 124, 'Полный адрес'), (126, 132, 'Полный адрес')]"
3175,"[(20, 30, 'Дата регистрации по месту жительства или пребывания')]"
3176,[]
3177,"[(80, 100, 'Содержимое магнитной полосы')]"
3178,"[(18, 22, 'Паспортные данные'), (29, 35, 'Паспортные данные'), (43, 53, 'Паспортные данные')]"
3179,"[(47, 51, 'ПИН код')]"
3180,[]
3181,"[(54, 71, 'API ключи')]"
3182,"[(16, 23, 'Гражданство и названия стран'), (76, 83, 'Гражданство и названия стран')]"
3183,"[(15, 23, 'ФИО'), (24, 30, 'ФИО')]"
3184,[]
3185,"[(73, 77, 'Паспортные данные'), (86, 92, 'Паспортные данные')]"
3186,"[(39, 54, 'Имя держателя карты')]"
3187,"[(54, 68, 'СНИЛС клиента')]"
3188,"[(29, 51, 'API ключи')]"
3189,"[(56, 66, 'Временное удостоверение личности')]"
3190,"[(51, 70, 'Имя держателя карты')]"
3191,[]
3192,"[(23, 70, 'Данные об организации/юридическом лице (ИНН, КПП, ОГРН, БИК, адреса, расчётный счёт)'), (73, 128, 'Данные об организации/юридическом лице (ИНН, КПП, ОГРН, БИК, адреса, расчётный счёт)')]"
3193,"[(77, 87, 'Водительское удостоверение')]"
3194,[]
3195,"[(29, 39, 'Разрешение на работу / визу')]"
3196,"[(32, 52, 'Паспортные данные')]"
3197,[]
3198,"[(46, 66, 'Номер банковского счета')]"
3199,"[(30, 42, 'Водительское удостоверение')]"
3200,[]
3201,[]
3202,[]
3203,"[(10, 29, 'Номер карты')]"
3204,"[(58, 62, 'Место рождения')]"
3205,"[(36, 42, 'Кодовые слова')]"
3206,"[(16, 26, 'ФИО'), (27, 33, 'ФИО')]"
3207,"[(69, 91, 'Содержимое магнитной полосы')]"
3208,"[(67, 114, 'Данные об организации/юридическом лице (ИНН, КПП, ОГРН, БИК, адреса, расчётный счёт)')]"
3209,[]
3210,"[(53, 63, 'Разрешение на работу / визу')]"
3211,"[(16, 31, 'Данные об автомобиле клиента')]"
3212,[]
3213,"[(96, 106, 'Разрешение на работу / визу')]"
3214,"[(18, 24, 'Кодовые слова')]"
3215,[]
3216,"[(96, 111, 'Свидетельство о рождении')]"
3217,"[(57, 67, 'Разрешение на работу / визу')]"
3218,"[(5, 13, 'Место рождения')]"
3219,"[(30, 47, 'Наименование банка')]"
3220,"[(42, 62, 'Номер банковского счета')]"
3221,[]
3222,"[(40, 49, 'Данные об организации/юридическом лице (ИНН, КПП, ОГРН, БИК, адреса, расчётный счёт)')]"
3223,"[(50, 60, 'Сведения об ИНН')]"
3224,"[(98, 105, 'Полный адрес'), (107, 122, 'Полный адрес'), (124, 142, 'Полный адрес'), (144, 150, 'Полный адрес'), (152, 158, 'Полный адрес')]"
3225,[]
3226,"[(18, 43, 'API ключи')]"
3227,"[(77, 114, 'Содержимое магнитной полосы')]"
3228,"[(64, 79, 'Наименование банка')]"
3229,"[(64, 82, 'Email')]"
3230,[]
3231,"[(61, 64, 'CVV/CVC')]"
3232,"[(116, 121, 'Дата окончания срока действия карты')]"
3233,"[(12, 18, 'Одноразовые коды')]"
3234,"[(89, 99, 'Сведения об ИНН')]"
3235,"[(66, 74, 'Наименование банка')]"
3236,"[(57, 74, 'Полный адрес'), (76, 89, 'Полный адрес'), (91, 109, 'Полный адрес'), (111, 113, 'Полный адрес'), (115, 125, 'Полный адрес')]"
3237,"[(43, 51, 'Место рождения')]"
3238,[]
3239,"[(58, 61, 'CVV/CVC')]"
3240,[]
3241,[]
3242,"[(62, 99, 'Содержимое магнитной полосы')]"
3243,[]
3244,"[(50, 66, 'Номер карты')]"
3245,"[(61, 81, 'Номер банковского счета')]"
3246,[]
3247,"[(72, 83, 'Свидетельство о рождении')]"
3248,[]
3249,"[(51, 57, 'Одноразовые коды')]"
3250,[]
3251,"[(14, 30, 'Номер карты')]"
3252,[]
3253,"[(25, 31, 'Гражданство и названия стран')]"
3254,[]
3255,"[(14, 22, 'Гражданство и названия стран')]"
3256,[]
3257,[]
3258,"[(11, 22, 'Номер телефона')]"
3259,[]
3260,"[(75, 89, 'СНИЛС клиента')]"
3261,"[(12, 17, 'Гражданство и названия стран')]"
3262,"[(72, 84, 'Дата регистрации по месту жительства или пребывания')]"
3263,"[(83, 92, 'Дата регистрации по месту жительства или пребывания'), (96, 100, 'Дата регистрации по месту жительства или пребывания')]"
3264,[]
3265,"[(18, 20, 'Дата рождения'), (21, 29, 'Дата рождения'), (30, 34, 'Дата рождения')]"
3266,"[(51, 62, 'Пароли')]"
3267,[]
3268,"[(59, 73, 'СНИЛС клиента')]"
3269,[]
3270,"[(70, 80, 'Сведения об ИНН')]"
3271,"[(14, 19, 'Дата окончания срока действия карты')]"
3272,"[(104, 118, 'Свидетельство о рождении')]"
3273,"[(15, 27, 'Сведения об ИНН')]"
3274,[]
3275,"[(61, 74, 'Имя держателя карты')]"
3276,"[(49, 57, 'Гражданство и названия стран')]"
3277,"[(43, 49, 'Одноразовые коды')]"
3278,"[(18, 22, 'ПИН код')]"
3279,[]
3280,"[(55, 60, 'Дата окончания срока действия карты')]"
3281,[]
3282,"[(46, 91, 'Данные об организации/юридическом лице (ИНН, КПП, ОГРН, БИК, адреса, расчётный счёт)')]"
3283,"[(63, 82, 'Номер карты')]"
3284,"[(29, 35, 'Одноразовые коды')]"
3285,[]
3286,[]
3287,"[(77, 87, 'Разрешение на работу / визу')]"
3288,"[(11, 15, 'ПИН код')]"
3289,"[(22, 32, 'Серия и номер вида на жительство')]"
3290,"[(101, 113, 'Водительское удостоверение')]"
3291,"[(77, 87, 'Водительское удостоверение')]"
3292,"[(36, 39, 'CVV/CVC')]"
3293,"[(61, 83, 'Наименование банка')]"
3294,"[(118, 128, 'Разрешение на работу / визу')]"
3295,"[(64, 78, 'СНИЛС клиента')]"
3296,"[(83, 104, 'Дата регистрации по месту жительства или пребывания')]"
3297,"[(56, 59, 'Данные об автомобиле клиента'), (60, 62, 'Данные об автомобиле клиента'), (63, 67, 'Данные об автомобиле клиента')]"
3298,"[(18, 65, 'Паспортные данные')]"
3299,"[(61, 67, 'Полный адрес'), (69, 86, 'Полный адрес'), (88, 103, 'Полный адрес'), (105, 116, 'Полный адрес'), (118, 124, 'Полный адрес'), (126, 132, 'Полный адрес')]"
3300,"[(65, 75, 'Разрешение на работу / визу')]"
3301,"[(21, 29, 'Гражданство и названия стран')]"
3302,[]
3303,"[(30, 33, 'CVV/CVC')]"
3304,"[(9, 12, 'CVV/CVC')]"
3305,"[(23, 36, 'Имя держателя карты')]"
3306,"[(56, 62, 'Кодовые слова')]"
3307,"[(40, 46, 'Полный адрес'), (48, 66, 'Полный адрес'), (68, 82, 'Полный адрес'), (84, 96, 'Полный адрес'), (98, 103, 'Полный адрес'), (105, 112, 'Полный адрес'), (114, 119, 'Полный адрес')]"
3308,[]
3309,"[(81, 93, 'Водительское удостоверение')]"
3310,[]
3311,[]
3312,[]
3313,"[(62, 75, 'Имя держателя карты')]"
3314,"[(10, 12, 'Дата рождения'), (13, 20, 'Дата рождения'), (21, 25, 'Дата рождения')]"
3315,[]
3316,[]
3317,"[(24, 49, 'API ключи')]"
3318,"[(2, 6, 'Дата рождения'), (25, 27, 'Дата рождения')]"
3319,"[(8, 17, 'ФИО'), (18, 24, 'ФИО')]"
3320,"[(21, 27, 'Дата рождения')]"
3321,[]
3322,"[(26, 40, 'СНИЛС клиента')]"
3323,"[(68, 80, 'Пароли')]"
3324,"[(65, 77, 'Свидетельство о рождении')]"
3325,"[(31, 43, 'Водительское удостоверение')]"
3326,"[(67, 75, 'ФИО'), (76, 82, 'ФИО')]"
3327,[]
3328,[]
3329,"[(19, 23, 'ПИН код')]"
3330,"[(60, 70, 'Паспортные данные'), (71, 128, 'Паспортные данные')]"
3331,"[(56, 61, 'Кодовые слова')]"
3332,"[(136, 153, 'Номер телефона')]"
3333,[]
3334,"[(22, 32, 'Серия и номер вида на жительство')]"
3335,"[(63, 75, 'Серия и номер вида на жительство')]"
3336,"[(39, 42, 'CVV/CVC')]"
3337,"[(68, 78, 'Паспортные данные')]"
3338,"[(64, 81, 'Номер телефона')]"
3339,"[(25, 35, 'Разрешение на работу / визу')]"
3340,"[(34, 48, 'Имя держателя карты'), (85, 99, 'Имя держателя карты')]"
3341,"[(32, 36, 'ПИН код')]"
3342,"[(60, 67, 'Кодовые слова')]"
3343,"[(27, 30, 'CVV/CVC')]"
3344,"[(23, 40, 'Паспортные данные')]"
3345,"[(67, 86, 'Дата регистрации по месту жительства или пребывания')]"
3346,[]
3347,"[(7, 17, 'Данные об автомобиле клиента'), (18, 27, 'Данные об автомобиле клиента'), (28, 36, 'Данные об автомобиле клиента'), (53, 61, 'Данные об автомобиле клиента')]"
3348,"[(10, 11, 'Дата рождения'), (12, 18, 'Дата рождения'), (19, 23, 'Дата рождения'), (65, 66, 'Дата рождения'), (67, 73, 'Дата рождения')]"
3349,[]
3350,"[(87, 98, 'Водительское удостоверение')]"
3351,"[(65, 75, 'Дата регистрации по месту жительства или пребывания')]"
3352,[]
3353,"[(21, 41, 'Email')]"
3354,"[(60, 68, 'Место рождения')]"
3355,"[(82, 89, 'Место рождения')]"
3356,"[(51, 56, 'Место рождения')]"
3357,"[(57, 73, 'Номер карты')]"
3358,[]
3359,"[(83, 92, 'Серия и номер вида на жительство')]"
3360,"[(13, 27, 'СНИЛС клиента')]"
3361,"[(26, 41, 'Имя держателя карты')]"
3362,"[(70, 82, 'Временное удостоверение личности')]"
3363,"[(51, 63, 'Номер телефона')]"
3364,[]
3365,[]
3366,"[(78, 90, 'Номер телефона')]"
3367,"[(94, 106, 'Временное удостоверение личности')]"
3368,"[(26, 90, 'API ключи')]"
3369,[]
3370,[]
3371,"[(44, 48, 'Место рождения')]"
3372,"[(27, 46, 'Паспортные данные')]"
3373,"[(43, 53, 'Разрешение на работу / визу')]"
3374,"[(23, 39, 'Номер карты')]"
3375,[]
3376,"[(69, 83, 'Имя держателя карты')]"
3377,"[(27, 34, 'Место рождения')]"
3378,"[(58, 140, 'API ключи')]"
3379,[]
3380,[]
3381,[]
3382,[]
3383,"[(79, 99, 'Дата регистрации по месту жительства или пребывания')]"
3384,"[(49, 65, 'Номер телефона')]"
3385,[]
3386,[]
3387,"[(68, 80, 'Сведения об ИНН')]"
3388,"[(55, 65, 'Дата регистрации по месту жительства или пребывания')]"
3389,"[(140, 157, 'Номер телефона')]"
3390,"[(57, 67, 'Водительское удостоверение')]"
3391,"[(57, 75, 'Содержимое магнитной полосы')]"
3392,"[(10, 23, 'Данные об организации/юридическом лице (ИНН, КПП, ОГРН, БИК, адреса, расчётный счёт)')]"
3393,"[(30, 34, 'Кодовые слова')]"
3394,"[(68, 82, 'API ключи')]"
3395,"[(60, 79, 'Номер карты')]"
3396,"[(84, 94, 'Разрешение на работу / визу')]"
3397,"[(10, 20, 'Дата рождения'), (31, 36, 'Дата рождения')]"
3398,"[(73, 83, 'Серия и номер вида на жительство')]"
3399,"[(13, 19, 'Гражданство и названия стран'), (34, 40, 'Гражданство и названия стран')]"
3400,"[(49, 65, 'Номер карты')]"
3401,[]
3402,"[(75, 83, 'Временное удостоверение личности')]"
3403,"[(19, 25, 'Данные об автомобиле клиента'), (26, 34, 'Данные об автомобиле клиента'), (35, 39, 'Данные об автомобиле клиента')]"
3404,"[(21, 33, 'Дата регистрации по месту жительства или пребывания')]"
3405,[]
3406,"[(65, 83, 'Имя держателя карты')]"
3407,"[(37, 54, 'Пароли')]"
3408,[]
3409,"[(68, 80, 'Временное удостоверение личности')]"
3410,[]
3411,"[(65, 71, 'Кодовые слова')]"
3412,"[(42, 67, 'Email')]"
3413,"[(50, 59, 'ФИО'), (60, 66, 'ФИО')]"
3414,[]
3415,"[(81, 86, 'Дата окончания срока действия карты')]"
3416,"[(75, 89, 'СНИЛС клиента')]"
3417,[]
3418,"[(127, 138, 'Свидетельство о рождении')]"
3419,"[(60, 84, 'Email')]"
3420,[]
3421,"[(45, 53, 'ФИО'), (54, 59, 'ФИО')]"
3422,[]
3423,"[(40, 47, 'Место рождения')]"
3424,[]
3425,[]
3426,"[(29, 39, 'Данные об организации/юридическом лице (ИНН, КПП, ОГРН, БИК, адреса, расчётный счёт)'), (56, 95, 'Данные об организации/юридическом лице (ИНН, КПП, ОГРН, БИК, адреса, расчётный счёт)'), (97, 144, 'Данные об организации/юридическом лице (ИНН, КПП, ОГРН, БИК, адреса, расчётный счёт)')]"
3427,"[(115, 126, 'Номер телефона')]"
3428,[]
3429,"[(10, 18, 'ФИО'), (19, 29, 'ФИО')]"
3430,"[(31, 51, 'Номер банковского счета')]"
3431,"[(9, 19, 'Разрешение на работу / визу')]"
3432,"[(25, 35, 'Разрешение на работу / визу')]"
3433,"[(76, 84, 'Данные об автомобиле клиента')]"
3434,"[(16, 34, 'Данные об автомобиле клиента')]"
3435,"[(10, 16, 'Одноразовые коды')]"
3436,"[(42, 56, 'Пароли')]"
3437,[]
3438,"[(98, 108, 'Разрешение на работу / визу')]"
3439,[]
3440,"[(91, 111, 'Email')]"
3441,[]
3442,"[(69, 91, 'API ключи')]"
3443,[]
3444,"[(62, 72, 'Разрешение на работу / визу')]"
3445,"[(10, 12, 'Дата рождения')]"
3446,"[(7, 17, 'Сведения об ИНН')]"
3447,[]
3448,[]
3449,"[(96, 116, 'Дата регистрации по месту жительства или пребывания')]"
3450,"[(68, 72, 'Кодовые слова')]"
3451,[]
3452,"[(30, 33, 'CVV/CVC')]"
3453,[]
3454,[]
3455,[]
3456,[]
3457,"[(38, 59, 'Дата регистрации по месту жительства или пребывания')]"
3458,"[(18, 30, 'Сведения об ИНН')]"
3459,"[(72, 84, 'Водительское удостоверение')]"
3460,"[(12, 29, 'Пароли')]"
3461,"[(83, 88, 'Дата окончания срока действия карты')]"
3462,[]
3463,"[(41, 51, 'Наименование банка')]"
3464,"[(31, 51, 'Номер банковского счета')]"
3465,"[(9, 23, 'Номер телефона')]"
3466,"[(49, 55, 'Место рождения')]"
3467,"[(21, 37, 'Номер карты')]"
3468,"[(79, 88, 'Данные об организации/юридическом лице (ИНН, КПП, ОГРН, БИК, адреса, расчётный счёт)')]"
3469,"[(53, 66, 'Дата регистрации по месту жительства или пребывания')]"
3470,[]
3471,[]
3472,"[(22, 31, 'Гражданство и названия стран')]"
3473,"[(24, 46, 'API ключи')]"
3474,[]
3475,"[(83, 97, 'СНИЛС клиента')]"
3476,[]
3477,"[(42, 62, 'Паспортные данные')]"
3478,[]
3479,"[(55, 66, 'Номер телефона')]"
3480,"[(49, 69, 'Номер банковского счета')]"
3481,"[(97, 102, 'Дата окончания срока действия карты')]"
3482,"[(81, 84, 'Кодовые слова')]"
3483,"[(45, 55, 'Сведения об ИНН')]"
3484,"[(13, 30, 'Данные об автомобиле клиента'), (33, 37, 'Данные об автомобиле клиента')]"
3485,"[(63, 83, 'Место рождения')]"
3486,"[(48, 58, 'Разрешение на работу / визу'), (69, 79, 'Разрешение на работу / визу')]"
3487,"[(41, 63, 'Содержимое магнитной полосы')]"
3488,[]
3489,[]
3490,"[(13, 28, 'Номер телефона')]"
3491,[]
3492,"[(65, 75, 'Серия и номер вида на жительство')]"
3493,"[(34, 45, 'Гражданство и названия стран'), (85, 96, 'Гражданство и названия стран')]"
3494,"[(39, 43, 'ПИН код')]"
3495,"[(21, 27, 'Пароли')]"
3496,"[(34, 43, 'ФИО'), (44, 49, 'ФИО')]"
3497,"[(80, 96, 'Содержимое магнитной полосы')]"
3498,"[(21, 23, 'Дата рождения'), (24, 30, 'Дата рождения'), (31, 35, 'Дата рождения')]"
3499,[]
3500,"[(85, 97, 'Водительское удостоверение')]"
3501,"[(55, 60, 'Дата окончания срока действия карты')]"
3502,"[(72, 84, 'Свидетельство о рождении')]"
3503,"[(40, 54, 'СНИЛС клиента')]"
3504,"[(47, 67, 'Данные об организации/юридическом лице (ИНН, КПП, ОГРН, БИК, адреса, расчётный счёт)')]"
3505,"[(80, 97, 'API ключи')]"
3506,[]
3507,"[(62, 74, 'Имя держателя карты')]"
3508,"[(33, 53, 'Номер банковского счета')]"
3509,[]
3510,[]
3511,"[(28, 40, 'Место рождения')]"
3512,"[(32, 44, 'Полный адрес'), (46, 63, 'Полный адрес'), (65, 83, 'Полный адрес'), (85, 91, 'Полный адрес'), (93, 103, 'Полный адрес')]"
3513,"[(82, 85, 'CVV/CVC')]"
3514,"[(85, 97, 'Номер телефона')]"
3515,"[(13, 25, 'Паспортные данные'), (33, 51, 'Паспортные данные')]"
3516,"[(58, 78, 'Дата регистрации по месту жительства или пребывания')]"
3517,"[(75, 85, 'Сведения об ИНН')]"
3518,"[(15, 19, 'ПИН код')]"
3519,[]
3520,"[(28, 48, 'Номер банковского счета')]"
3521,[]
3522,[]
3523,"[(70, 80, 'Разрешение на работу / визу')]"
3524,"[(83, 91, 'Водительское удостоверение')]"
3525,"[(12, 20, 'Гражданство и названия стран')]"
3526,[]
3527,"[(45, 59, 'Имя держателя карты')]"
3528,"[(41, 60, 'Паспортные данные')]"
3529,"[(27, 37, 'Данные об автомобиле клиента'), (38, 42, 'Данные об автомобиле клиента'), (78, 82, 'Данные об автомобиле клиента')]"
3530,"[(45, 62, 'Данные об автомобиле клиента')]"
3531,"[(38, 75, 'Содержимое магнитной полосы')]"
3532,"[(66, 105, 'API ключи')]"
3533,"[(19, 24, 'Дата окончания срока действия карты')]"
3534,[]
3535,"[(48, 51, 'Гражданство и названия стран')]"
3536,[]
3537,"[(55, 67, 'Водительское удостоверение')]"
3538,"[(61, 108, 'Данные об организации/юридическом лице (ИНН, КПП, ОГРН, БИК, адреса, расчётный счёт)'), (121, 176, 'Данные об организации/юридическом лице (ИНН, КПП, ОГРН, БИК, адреса, расчётный счёт)')]"
3539,[]
3540,[]
3541,[]
3542,"[(19, 28, 'Место рождения')]"
3543,[]
3544,"[(86, 101, 'Свидетельство о рождении')]"
3545,"[(110, 120, 'Разрешение на работу / визу')]"
3546,"[(52, 56, 'Кодовые слова')]"
3547,[]
3548,"[(96, 108, 'Водительское удостоверение')]"
3549,"[(61, 75, 'Наименование банка')]"
3550,[]
3551,"[(46, 49, 'CVV/CVC')]"
